/*******************************************************************************
 * Size: 14 px
 * Bpp: 4
 * Opts: --size 14 --bpp 4 --no-compress --format lvgl --font /Library/Fonts/Arial Unicode.ttf -r 0x00C0-0x00FF -r 0x0100-0x017F --symbols •·–—‘’“”…→←↑↓°±×÷€£¥§©®™≠≤≥½¼¾℃℉ --font /tmp/emojifont/NotoEmoji-Regular.ttf --symbols 😀😃😄😁😆😅😂😉😊😇😍😘😗😙😚😋😛😜😝😎😏😒😞😔😟😕😣😖😫😩😤😠😡😭😥😪😓😯😨😧😦😱😳😲😴😵😶😬👍👎👌✌👊✊👏🙌🙏👐👆👇👈👉☝👋💪❤💔💕💖💗💘💙💚💛💜💓💞🎉🎊✨🔥💯✅❌❗❓⚠💩🎵🎶⭐🌟⚡☀☁❄☔☕🍻🍷🍕🍔🎂🎁💬💤💥🚀📷📱💻📍📌📅🔋📡🔑🔒📧🏠🚗⛽🚫✉⌚💡🐶🐱🐸🐻🐧🐝 --lv-font-name extras_14 -o /tmp/emojifont/extras_font_14.c
 ******************************************************************************/

#if 1
#include "lvgl.h"
#else
#include "lvgl/lvgl.h"
#endif

#ifndef EXTRAS_14
#define EXTRAS_14 1
#endif

#if EXTRAS_14

/*-----------------
 *    BITMAPS
 *----------------*/

/*Store the image of the glyphs*/
static LV_ATTRIBUTE_LARGE_CONST const uint8_t glyph_bitmap[] = {
    /* U+00A3 "£" */
    0x0, 0x8e, 0xea, 0x10, 0x8, 0xe4, 0x2c, 0xb0,
    0xd, 0x70, 0x3, 0xe0, 0xe, 0x60, 0x0, 0x0,
    0xb, 0x90, 0x0, 0x0, 0xaf, 0xff, 0xd0, 0x0,
    0x16, 0xf2, 0x20, 0x0, 0x4, 0xe0, 0x0, 0x0,
    0x9, 0x70, 0x0, 0x0, 0x6f, 0xdd, 0x95, 0x82,
    0x78, 0x34, 0xae, 0xd3, 0x0, 0x0, 0x0, 0x0,

    /* U+00A5 "¥" */
    0xba, 0x0, 0x0, 0xe8, 0x3f, 0x20, 0x6, 0xe1,
    0xb, 0xa0, 0xe, 0x70, 0x3, 0xf2, 0x6e, 0x0,
    0x0, 0xaa, 0xd7, 0x0, 0x8e, 0xff, 0xfe, 0xe4,
    0x1, 0x1b, 0x91, 0x10, 0x8e, 0xef, 0xfe, 0xe4,
    0x1, 0x1b, 0x91, 0x10, 0x0, 0xb, 0x80, 0x0,
    0x0, 0xb, 0x80, 0x0,

    /* U+00A7 "§" */
    0x1, 0xaf, 0xe7, 0x0, 0x9, 0xc2, 0x5f, 0x40,
    0xb, 0x80, 0x8, 0x40, 0x5, 0xf5, 0x0, 0x0,
    0x8, 0xdf, 0xa1, 0x0, 0x4d, 0x3, 0xde, 0x30,
    0x5d, 0x0, 0xb, 0xe0, 0x1e, 0x90, 0x1, 0xf2,
    0x2, 0xdd, 0x34, 0xd0, 0x0, 0x8, 0xfd, 0x10,
    0x0, 0x0, 0x4f, 0x60, 0xa, 0x40, 0x9, 0xa0,
    0x9, 0xd3, 0x3d, 0x70, 0x0, 0xae, 0xe9, 0x0,

    /* U+00A9 "©" */
    0x0, 0x2a, 0xee, 0xb5, 0x0, 0x0, 0x5d, 0x50,
    0x3, 0xb9, 0x0, 0x2d, 0x13, 0xcd, 0x80, 0xa6,
    0xa, 0x41, 0xe2, 0xa, 0x50, 0xd0, 0xd0, 0x68,
    0x0, 0x0, 0xa, 0x3d, 0x8, 0x60, 0x0, 0x0,
    0x84, 0xd0, 0x68, 0x0, 0x23, 0xa, 0x3a, 0x41,
    0xd2, 0xb, 0x50, 0xd0, 0x2d, 0x14, 0xcd, 0x80,
    0xa6, 0x0, 0x5d, 0x50, 0x3, 0xb9, 0x0, 0x0,
    0x2a, 0xee, 0xc5, 0x0, 0x0,

    /* U+00AE "®" */
    0x0, 0x2a, 0xee, 0xb5, 0x0, 0x0, 0x5d, 0x50,
    0x3, 0xb9, 0x0, 0x2d, 0x2e, 0xdd, 0x70, 0xa6,
    0xa, 0x41, 0xc0, 0xe, 0x10, 0xd0, 0xd0, 0x1c,
    0x0, 0xd1, 0xa, 0x3d, 0x1, 0xfd, 0xe5, 0x0,
    0x84, 0xd0, 0x1c, 0xa, 0x50, 0xa, 0x3a, 0x41,
    0xc0, 0x1e, 0x10, 0xd0, 0x2d, 0x25, 0x0, 0x43,
    0xa6, 0x0, 0x5d, 0x50, 0x3, 0xb9, 0x0, 0x0,
    0x2a, 0xee, 0xc5, 0x0, 0x0,

    /* U+00B0 "°" */
    0x5, 0xca, 0x10, 0xc0, 0x49, 0xc, 0x4, 0x90,
    0x5c, 0xb1,

    /* U+00B1 "±" */
    0x0, 0x1, 0x10, 0x0, 0x0, 0x7, 0xa0, 0x0,
    0x0, 0x7, 0xa0, 0x0, 0x0, 0x7, 0xa0, 0x0,
    0x3f, 0xff, 0xff, 0xf6, 0x3, 0x39, 0xb3, 0x31,
    0x0, 0x7, 0xa0, 0x0, 0x0, 0x7, 0xa0, 0x0,
    0x3, 0x33, 0x33, 0x31, 0x3f, 0xff, 0xff, 0xf6,

    /* U+00B7 "·" */
    0x65, 0xca,

    /* U+00BC "¼" */
    0x0, 0x64, 0x0, 0x0, 0x9, 0x10, 0x8, 0xf6,
    0x0, 0x0, 0x79, 0x0, 0x17, 0xa6, 0x0, 0x2,
    0xd0, 0x0, 0x0, 0x96, 0x0, 0xc, 0x40, 0x0,
    0x0, 0x96, 0x0, 0x6a, 0x0, 0x0, 0x0, 0x96,
    0x1, 0xd1, 0x0, 0x0, 0x0, 0x0, 0xb, 0x50,
    0x8, 0x30, 0x0, 0x0, 0x5b, 0x0, 0x6f, 0x50,
    0x0, 0x1, 0xd1, 0x2, 0xec, 0x50, 0x0, 0xa,
    0x60, 0xd, 0x4a, 0x50, 0x0, 0x4c, 0x0, 0x3d,
    0xce, 0xd0, 0x0, 0xd2, 0x0, 0x0, 0xa, 0x50,

    /* U+00BD "½" */
    0x1, 0xc6, 0x0, 0x0, 0x4c, 0x0, 0x1d, 0xc6,
    0x0, 0x0, 0xd2, 0x0, 0x0, 0x96, 0x0, 0x9,
    0x70, 0x0, 0x0, 0x96, 0x0, 0x4c, 0x0, 0x0,
    0x0, 0x96, 0x1, 0xd2, 0x0, 0x0, 0x0, 0x0,
    0xa, 0x63, 0xce, 0x90, 0x0, 0x0, 0x5b, 0x8,
    0x51, 0xe3, 0x0, 0x1, 0xd1, 0x0, 0x2, 0xe1,
    0x0, 0xa, 0x60, 0x0, 0x3e, 0x50, 0x0, 0x5b,
    0x0, 0x2, 0xe4, 0x0, 0x1, 0xd1, 0x0, 0xc,
    0xfe, 0xe4, 0x0, 0x10, 0x0, 0x1, 0x11, 0x10,

    /* U+00BE "¾" */
    0x1c, 0xec, 0x10, 0x0, 0x1d, 0x10, 0x36, 0xd,
    0x30, 0x0, 0xb5, 0x0, 0x0, 0xcd, 0x20, 0x6,
    0xa0, 0x0, 0x34, 0xa, 0x70, 0x2d, 0x0, 0x0,
    0x2c, 0xdb, 0x10, 0xc4, 0x0, 0x0, 0x0, 0x0,
    0x8, 0x90, 0xd, 0x50, 0x0, 0x0, 0x3d, 0x0,
    0x9f, 0x50, 0x0, 0x0, 0xd3, 0x4, 0xda, 0x50,
    0x0, 0x9, 0x80, 0xd, 0x3a, 0x50, 0x0, 0x4c,
    0x0, 0x3d, 0xce, 0xd0, 0x0, 0xd2, 0x0, 0x0,
    0xa, 0x50,

    /* U+00C0 "À" */
    0x0, 0x0, 0xbc, 0x0, 0x0, 0x0, 0x0, 0x1,
    0xe3, 0x0, 0x0, 0x0, 0x0, 0x0, 0x0, 0x0,
    0x0, 0x0, 0x5, 0xf7, 0x0, 0x0, 0x0, 0x0,
    0xbd, 0xd0, 0x0, 0x0, 0x0, 0x1f, 0x5f, 0x30,
    0x0, 0x0, 0x6, 0xf0, 0xd9, 0x0, 0x0, 0x0,
    0xba, 0x8, 0xe0, 0x0, 0x0, 0x1f, 0x50, 0x3f,
    0x40, 0x0, 0x7, 0xf1, 0x0, 0xea, 0x0, 0x0,
    0xcf, 0xff, 0xff, 0xf1, 0x0, 0x2f, 0x72, 0x22,
    0x4f, 0x60, 0x7, 0xf0, 0x0, 0x0, 0xcc, 0x0,
    0xd9, 0x0, 0x0, 0x5, 0xf2,

    /* U+00C1 "Á" */
    0x0, 0x0, 0x8, 0xd0, 0x0, 0x0, 0x0, 0x0,
    0xe3, 0x0, 0x0, 0x0, 0x0, 0x0, 0x0, 0x0,
    0x0, 0x0, 0x5, 0xf7, 0x0, 0x0, 0x0, 0x0,
    0xbd, 0xd0, 0x0, 0x0, 0x0, 0x1f, 0x5f, 0x30,
    0x0, 0x0, 0x6, 0xf0, 0xd9, 0x0, 0x0, 0x0,
    0xba, 0x8, 0xe0, 0x0, 0x0, 0x1f, 0x50, 0x3f,
    0x40, 0x0, 0x7, 0xf1, 0x0, 0xea, 0x0, 0x0,
    0xcf, 0xff, 0xff, 0xf1, 0x0, 0x2f, 0x72, 0x22,
    0x4f, 0x60, 0x7, 0xf0, 0x0, 0x0, 0xcc, 0x0,
    0xd9, 0x0, 0x0, 0x5, 0xf2,

    /* U+00C2 "Â" */
    0x0, 0x0, 0x18, 0x40, 0x0, 0x0, 0x0, 0xb,
    0xbe, 0x20, 0x0, 0x0, 0x2, 0x70, 0x55, 0x0,
    0x0, 0x0, 0x5, 0xf7, 0x0, 0x0, 0x0, 0x0,
    0xbd, 0xd0, 0x0, 0x0, 0x0, 0x1f, 0x5f, 0x30,
    0x0, 0x0, 0x6, 0xf0, 0xd9, 0x0, 0x0, 0x0,
    0xba, 0x8, 0xe0, 0x0, 0x0, 0x1f, 0x50, 0x3f,
    0x40, 0x0, 0x7, 0xf1, 0x0, 0xea, 0x0, 0x0,
    0xcf, 0xff, 0xff, 0xf1, 0x0, 0x2f, 0x72, 0x22,
    0x4f, 0x60, 0x7, 0xf0, 0x0, 0x0, 0xcc, 0x0,
    0xd9, 0x0, 0x0, 0x5, 0xf2,

    /* U+00C3 "Ã" */
    0x0, 0x5, 0xef, 0xfa, 0x0, 0x0, 0x0, 0x0,
    0x0, 0x0, 0x0, 0x0, 0x0, 0x5f, 0x70, 0x0,
    0x0, 0x0, 0xb, 0xdd, 0x0, 0x0, 0x0, 0x1,
    0xf5, 0xf3, 0x0, 0x0, 0x0, 0x6f, 0xd, 0x90,
    0x0, 0x0, 0xb, 0xa0, 0x8e, 0x0, 0x0, 0x1,
    0xf5, 0x3, 0xf4, 0x0, 0x0, 0x7f, 0x10, 0xe,
    0xa0, 0x0, 0xc, 0xff, 0xff, 0xff, 0x10, 0x2,
    0xf7, 0x22, 0x24, 0xf6, 0x0, 0x7f, 0x0, 0x0,
    0xc, 0xc0, 0xd, 0x90, 0x0, 0x0, 0x5f, 0x20,

    /* U+00C4 "Ä" */
    0x0, 0x2, 0x80, 0x54, 0x0, 0x0, 0x0, 0x4f,
    0xb, 0x80, 0x0, 0x0, 0x0, 0x0, 0x0, 0x0,
    0x0, 0x0, 0x5, 0xf7, 0x0, 0x0, 0x0, 0x0,
    0xbd, 0xd0, 0x0, 0x0, 0x0, 0x1f, 0x5f, 0x30,
    0x0, 0x0, 0x6, 0xf0, 0xd9, 0x0, 0x0, 0x0,
    0xba, 0x8, 0xe0, 0x0, 0x0, 0x1f, 0x50, 0x3f,
    0x40, 0x0, 0x7, 0xf1, 0x0, 0xea, 0x0, 0x0,
    0xcf, 0xff, 0xff, 0xf1, 0x0, 0x2f, 0x72, 0x22,
    0x4f, 0x60, 0x7, 0xf0, 0x0, 0x0, 0xcc, 0x0,
    0xd9, 0x0, 0x0, 0x5, 0xf2,

    /* U+00C5 "Å" */
    0x0, 0x0, 0x29, 0x50, 0x0, 0x0, 0x0, 0x8,
    0x8, 0x0, 0x0, 0x0, 0x0, 0x29, 0x50, 0x0,
    0x0, 0x0, 0x5, 0xf7, 0x0, 0x0, 0x0, 0x0,
    0xbd, 0xd0, 0x0, 0x0, 0x0, 0x1f, 0x5f, 0x30,
    0x0, 0x0, 0x6, 0xf0, 0xd9, 0x0, 0x0, 0x0,
    0xba, 0x8, 0xe0, 0x0, 0x0, 0x1f, 0x50, 0x3f,
    0x40, 0x0, 0x7, 0xf1, 0x0, 0xea, 0x0, 0x0,
    0xcf, 0xff, 0xff, 0xf1, 0x0, 0x2f, 0x72, 0x22,
    0x4f, 0x60, 0x7, 0xf0, 0x0, 0x0, 0xcc, 0x0,
    0xd9, 0x0, 0x0, 0x5, 0xf2,

    /* U+00C6 "Æ" */
    0x0, 0x0, 0x6f, 0xff, 0xff, 0xff, 0xf0, 0x0,
    0x0, 0xda, 0x8f, 0x44, 0x44, 0x40, 0x0, 0x4,
    0xf3, 0x5f, 0x0, 0x0, 0x0, 0x0, 0xb, 0xc0,
    0x5f, 0x0, 0x0, 0x0, 0x0, 0x2f, 0x60, 0x5f,
    0x0, 0x0, 0x0, 0x0, 0x9e, 0x0, 0x5f, 0xff,
    0xff, 0xb0, 0x1, 0xf9, 0x0, 0x5f, 0x33, 0x33,
    0x20, 0x7, 0xff, 0xff, 0xff, 0x0, 0x0, 0x0,
    0xe, 0xb3, 0x33, 0x7f, 0x0, 0x0, 0x0, 0x5f,
    0x20, 0x0, 0x5f, 0x44, 0x44, 0x40, 0xca, 0x0,
    0x0, 0x5f, 0xff, 0xff, 0xf3,

    /* U+00C7 "Ç" */
    0x0, 0x19, 0xef, 0xd6, 0x0, 0x1, 0xdc, 0x54,
    0x7f, 0x80, 0xa, 0xd0, 0x0, 0x5, 0xf2, 0xf,
    0x60, 0x0, 0x0, 0x51, 0x3f, 0x30, 0x0, 0x0,
    0x0, 0x4f, 0x10, 0x0, 0x0, 0x0, 0x2f, 0x20,
    0x0, 0x0, 0x0, 0xf, 0x50, 0x0, 0x0, 0xb4,
    0x9, 0xc0, 0x0, 0x5, 0xf3, 0x2, 0xec, 0x43,
    0x7f, 0x90, 0x0, 0x2a, 0xff, 0xd7, 0x0, 0x0,
    0x0, 0x8c, 0x10, 0x0, 0x0, 0x0, 0xb, 0x90,
    0x0, 0x0, 0x6, 0xed, 0x30, 0x0,

    /* U+00C8 "È" */
    0x0, 0x9d, 0x0, 0x0, 0x0, 0xd, 0x50, 0x0,
    0x0, 0x0, 0x0, 0x0, 0xef, 0xff, 0xff, 0xf5,
    0xe9, 0x44, 0x44, 0x41, 0xe7, 0x0, 0x0, 0x0,
    0xe7, 0x0, 0x0, 0x0, 0xe7, 0x0, 0x0, 0x0,
    0xef, 0xff, 0xff, 0xf0, 0xe9, 0x33, 0x33, 0x30,
    0xe7, 0x0, 0x0, 0x0, 0xe7, 0x0, 0x0, 0x0,
    0xe9, 0x44, 0x44, 0x42, 0xef, 0xff, 0xff, 0xf9,

    /* U+00C9 "É" */
    0x0, 0x6, 0xe1, 0x0, 0x0, 0xd, 0x50, 0x0,
    0x0, 0x0, 0x0, 0x0, 0xef, 0xff, 0xff, 0xf5,
    0xe9, 0x44, 0x44, 0x41, 0xe7, 0x0, 0x0, 0x0,
    0xe7, 0x0, 0x0, 0x0, 0xe7, 0x0, 0x0, 0x0,
    0xef, 0xff, 0xff, 0xf0, 0xe9, 0x33, 0x33, 0x30,
    0xe7, 0x0, 0x0, 0x0, 0xe7, 0x0, 0x0, 0x0,
    0xe9, 0x44, 0x44, 0x42, 0xef, 0xff, 0xff, 0xf9,

    /* U+00CA "Ê" */
    0x0, 0x7, 0x40, 0x0, 0x0, 0xab, 0xe3, 0x0,
    0x1, 0x81, 0x46, 0x0, 0xef, 0xff, 0xff, 0xf5,
    0xe9, 0x44, 0x44, 0x41, 0xe7, 0x0, 0x0, 0x0,
    0xe7, 0x0, 0x0, 0x0, 0xe7, 0x0, 0x0, 0x0,
    0xef, 0xff, 0xff, 0xf0, 0xe9, 0x33, 0x33, 0x30,
    0xe7, 0x0, 0x0, 0x0, 0xe7, 0x0, 0x0, 0x0,
    0xe9, 0x44, 0x44, 0x42, 0xef, 0xff, 0xff, 0xf9,

    /* U+00CB "Ë" */
    0x0, 0x81, 0x45, 0x0, 0x1, 0xf3, 0x8b, 0x0,
    0x0, 0x0, 0x0, 0x0, 0xef, 0xff, 0xff, 0xf5,
    0xe9, 0x44, 0x44, 0x41, 0xe7, 0x0, 0x0, 0x0,
    0xe7, 0x0, 0x0, 0x0, 0xe7, 0x0, 0x0, 0x0,
    0xef, 0xff, 0xff, 0xf0, 0xe9, 0x33, 0x33, 0x30,
    0xe7, 0x0, 0x0, 0x0, 0xe7, 0x0, 0x0, 0x0,
    0xe9, 0x44, 0x44, 0x42, 0xef, 0xff, 0xff, 0xf9,

    /* U+00CC "Ì" */
    0x6f, 0x10, 0xb7, 0x0, 0x0, 0xba, 0xb, 0xa0,
    0xba, 0xb, 0xa0, 0xba, 0xb, 0xa0, 0xba, 0xb,
    0xa0, 0xba, 0xb, 0xa0, 0xba,

    /* U+00CD "Í" */
    0x2f, 0x59, 0x90, 0x0, 0xb, 0xa0, 0xba, 0xb,
    0xa0, 0xba, 0xb, 0xa0, 0xba, 0xb, 0xa0, 0xba,
    0xb, 0xa0, 0xba, 0xb, 0xa0,

    /* U+00CE "Î" */
    0x0, 0x76, 0x0, 0x7, 0xdd, 0x50, 0x7, 0x23,
    0x70, 0x0, 0xba, 0x0, 0x0, 0xba, 0x0, 0x0,
    0xba, 0x0, 0x0, 0xba, 0x0, 0x0, 0xba, 0x0,
    0x0, 0xba, 0x0, 0x0, 0xba, 0x0, 0x0, 0xba,
    0x0, 0x0, 0xba, 0x0, 0x0, 0xba, 0x0, 0x0,
    0xba, 0x0,

    /* U+00CF "Ï" */
    0x72, 0x36, 0xf5, 0x6d, 0x0, 0x0, 0xb, 0xa0,
    0xb, 0xa0, 0xb, 0xa0, 0xb, 0xa0, 0xb, 0xa0,
    0xb, 0xa0, 0xb, 0xa0, 0xb, 0xa0, 0xb, 0xa0,
    0xb, 0xa0, 0xb, 0xa0,

    /* U+00D0 "Ð" */
    0xe, 0xff, 0xff, 0xc4, 0x0, 0xe, 0x94, 0x45,
    0xaf, 0x40, 0xe, 0x70, 0x0, 0xa, 0xc0, 0xe,
    0x70, 0x0, 0x3, 0xf2, 0xe, 0x70, 0x0, 0x0,
    0xf5, 0xff, 0xff, 0xf3, 0x0, 0xf6, 0x3e, 0x93,
    0x30, 0x0, 0xf4, 0xe, 0x70, 0x0, 0x3, 0xf2,
    0xe, 0x70, 0x0, 0xa, 0xc0, 0xe, 0x94, 0x45,
    0xaf, 0x40, 0xe, 0xff, 0xfe, 0xc4, 0x0,

    /* U+00D1 "Ñ" */
    0x0, 0xbf, 0xfd, 0x40, 0x0, 0x0, 0x0, 0x0,
    0xec, 0x0, 0x0, 0x4f, 0xef, 0x60, 0x0, 0x4f,
    0xed, 0xe1, 0x0, 0x4f, 0xe6, 0xe9, 0x0, 0x4f,
    0xe5, 0x5f, 0x30, 0x4f, 0xe5, 0xb, 0xc0, 0x4f,
    0xe5, 0x2, 0xf6, 0x4f, 0xe5, 0x0, 0x7e, 0x5f,
    0xe5, 0x0, 0xd, 0xdf, 0xe5, 0x0, 0x4, 0xff,
    0xe5, 0x0, 0x0, 0xaf,

    /* U+00D2 "Ò" */
    0x0, 0x0, 0xca, 0x0, 0x0, 0x0, 0x0, 0x1,
    0xe1, 0x0, 0x0, 0x0, 0x0, 0x0, 0x0, 0x0,
    0x0, 0x1, 0x9e, 0xfd, 0x80, 0x0, 0x1, 0xdd,
    0x63, 0x6e, 0xc0, 0x0, 0xad, 0x0, 0x0, 0x1e,
    0x80, 0x1f, 0x50, 0x0, 0x0, 0x7f, 0x4, 0xf1,
    0x0, 0x0, 0x4, 0xf2, 0x5f, 0x0, 0x0, 0x0,
    0x2f, 0x34, 0xf2, 0x0, 0x0, 0x4, 0xf2, 0x1f,
    0x60, 0x0, 0x0, 0x8f, 0x0, 0xae, 0x0, 0x0,
    0x1f, 0x80, 0x1, 0xdd, 0x53, 0x6e, 0xc0, 0x0,
    0x1, 0x9e, 0xfd, 0x80, 0x0,

    /* U+00D3 "Ó" */
    0x0, 0x0, 0xa, 0xc0, 0x0, 0x0, 0x0, 0x1,
    0xe2, 0x0, 0x0, 0x0, 0x0, 0x0, 0x0, 0x0,
    0x0, 0x1, 0x9e, 0xfd, 0x80, 0x0, 0x1, 0xdd,
    0x63, 0x6e, 0xc0, 0x0, 0xad, 0x0, 0x0, 0x1e,
    0x80, 0x1f, 0x50, 0x0, 0x0, 0x7f, 0x4, 0xf1,
    0x0, 0x0, 0x4, 0xf2, 0x5f, 0x0, 0x0, 0x0,
    0x2f, 0x34, 0xf2, 0x0, 0x0, 0x4, 0xf2, 0x1f,
    0x60, 0x0, 0x0, 0x8f, 0x0, 0xae, 0x0, 0x0,
    0x1f, 0x80, 0x1, 0xdd, 0x53, 0x6e, 0xc0, 0x0,
    0x1, 0x9e, 0xfd, 0x80, 0x0,

    /* U+00D4 "Ô" */
    0x0, 0x0, 0x8f, 0x60, 0x0, 0x0, 0x0, 0x2f,
    0x7e, 0x10, 0x0, 0x0, 0x4, 0x60, 0x73, 0x0,
    0x0, 0x1, 0x9e, 0xfd, 0x80, 0x0, 0x1, 0xdd,
    0x63, 0x6e, 0xc0, 0x0, 0xad, 0x0, 0x0, 0x1e,
    0x80, 0x1f, 0x50, 0x0, 0x0, 0x7f, 0x4, 0xf1,
    0x0, 0x0, 0x4, 0xf2, 0x5f, 0x0, 0x0, 0x0,
    0x2f, 0x34, 0xf2, 0x0, 0x0, 0x4, 0xf2, 0x1f,
    0x60, 0x0, 0x0, 0x8f, 0x0, 0xae, 0x0, 0x0,
    0x1f, 0x80, 0x1, 0xdd, 0x53, 0x6e, 0xc0, 0x0,
    0x1, 0x9e, 0xfd, 0x80, 0x0,

    /* U+00D5 "Õ" */
    0x0, 0x5, 0xe7, 0x4a, 0x0, 0x0, 0x0, 0xc2,
    0x9e, 0x40, 0x0, 0x0, 0x0, 0x0, 0x0, 0x0,
    0x0, 0x1, 0x9e, 0xfd, 0x80, 0x0, 0x1, 0xdd,
    0x63, 0x6e, 0xc0, 0x0, 0xad, 0x0, 0x0, 0x1e,
    0x80, 0x1f, 0x50, 0x0, 0x0, 0x7f, 0x4, 0xf1,
    0x0, 0x0, 0x4, 0xf2, 0x5f, 0x0, 0x0, 0x0,
    0x2f, 0x34, 0xf2, 0x0, 0x0, 0x4, 0xf2, 0x1f,
    0x60, 0x0, 0x0, 0x8f, 0x0, 0xae, 0x0, 0x0,
    0x1f, 0x80, 0x1, 0xdd, 0x53, 0x6e, 0xc0, 0x0,
    0x1, 0x9e, 0xfd, 0x80, 0x0,

    /* U+00D6 "Ö" */
    0x0, 0x3, 0x60, 0x72, 0x0, 0x0, 0x0, 0x7d,
    0xe, 0x50, 0x0, 0x0, 0x0, 0x0, 0x0, 0x0,
    0x0, 0x1, 0x9e, 0xfd, 0x80, 0x0, 0x1, 0xdd,
    0x63, 0x6e, 0xc0, 0x0, 0xad, 0x0, 0x0, 0x1e,
    0x80, 0x1f, 0x50, 0x0, 0x0, 0x7f, 0x4, 0xf1,
    0x0, 0x0, 0x4, 0xf2, 0x5f, 0x0, 0x0, 0x0,
    0x2f, 0x34, 0xf2, 0x0, 0x0, 0x4, 0xf2, 0x1f,
    0x60, 0x0, 0x0, 0x8f, 0x0, 0xae, 0x0, 0x0,
    0x1f, 0x80, 0x1, 0xdd, 0x53, 0x6e, 0xc0, 0x0,
    0x1, 0x9e, 0xfd, 0x80, 0x0,

    /* U+00D7 "×" */
    0x21, 0x0, 0x3, 0xa, 0xd1, 0xb, 0xc0, 0xc,
    0xca, 0xe1, 0x0, 0x1e, 0xf2, 0x0, 0x8, 0xfd,
    0xa0, 0x7, 0xf3, 0x2e, 0x90, 0x64, 0x0, 0x28,
    0x0,

    /* U+00D8 "Ø" */
    0x0, 0x0, 0x0, 0x0, 0x0, 0x0, 0x1, 0x9e,
    0xfd, 0x81, 0xd2, 0x1, 0xdd, 0x54, 0x6e, 0xf7,
    0x0, 0xad, 0x0, 0x0, 0x9f, 0x80, 0x1f, 0x60,
    0x0, 0x6c, 0x8f, 0x4, 0xf2, 0x0, 0x4d, 0x13,
    0xf1, 0x5f, 0x0, 0x2d, 0x20, 0x2f, 0x33, 0xf2,
    0x1d, 0x40, 0x4, 0xf2, 0x1f, 0x6c, 0x60, 0x0,
    0x7f, 0x0, 0x9f, 0x80, 0x0, 0x1e, 0x80, 0x7,
    0xfe, 0x64, 0x6e, 0xc0, 0x2, 0xd1, 0x8e, 0xfd,
    0x80, 0x0, 0x0, 0x0, 0x0, 0x0, 0x0, 0x0,

    /* U+00D9 "Ù" */
    0x0, 0x5f, 0x20, 0x0, 0x0, 0x9, 0x90, 0x0,
    0x0, 0x0, 0x0, 0x0, 0xe7, 0x0, 0x0, 0x5f,
    0xe7, 0x0, 0x0, 0x5f, 0xe7, 0x0, 0x0, 0x5f,
    0xe7, 0x0, 0x0, 0x5f, 0xe7, 0x0, 0x0, 0x5f,
    0xe7, 0x0, 0x0, 0x5f, 0xe7, 0x0, 0x0, 0x5f,
    0xd8, 0x0, 0x0, 0x6e, 0xac, 0x0, 0x0, 0xbb,
    0x3f, 0xb5, 0x5a, 0xf4, 0x4, 0xcf, 0xfc, 0x40,

    /* U+00DA "Ú" */
    0x0, 0x1, 0xf7, 0x0, 0x0, 0x7, 0xb0, 0x0,
    0x0, 0x0, 0x0, 0x0, 0xe7, 0x0, 0x0, 0x5f,
    0xe7, 0x0, 0x0, 0x5f, 0xe7, 0x0, 0x0, 0x5f,
    0xe7, 0x0, 0x0, 0x5f, 0xe7, 0x0, 0x0, 0x5f,
    0xe7, 0x0, 0x0, 0x5f, 0xe7, 0x0, 0x0, 0x5f,
    0xd8, 0x0, 0x0, 0x6e, 0xac, 0x0, 0x0, 0xbb,
    0x3f, 0xb5, 0x5a, 0xf4, 0x4, 0xcf, 0xfc, 0x40,

    /* U+00DB "Û" */
    0x0, 0xd, 0xe1, 0x0, 0x0, 0x8d, 0xa9, 0x0,
    0x0, 0x73, 0x27, 0x0, 0xe7, 0x0, 0x0, 0x5f,
    0xe7, 0x0, 0x0, 0x5f, 0xe7, 0x0, 0x0, 0x5f,
    0xe7, 0x0, 0x0, 0x5f, 0xe7, 0x0, 0x0, 0x5f,
    0xe7, 0x0, 0x0, 0x5f, 0xe7, 0x0, 0x0, 0x5f,
    0xd8, 0x0, 0x0, 0x6e, 0xac, 0x0, 0x0, 0xbb,
    0x3f, 0xb5, 0x5a, 0xf4, 0x4, 0xcf, 0xfc, 0x40,

    /* U+00DC "Ü" */
    0x0, 0x63, 0x27, 0x0, 0x0, 0xd7, 0x4f, 0x0,
    0x0, 0x0, 0x0, 0x0, 0xe7, 0x0, 0x0, 0x5f,
    0xe7, 0x0, 0x0, 0x5f, 0xe7, 0x0, 0x0, 0x5f,
    0xe7, 0x0, 0x0, 0x5f, 0xe7, 0x0, 0x0, 0x5f,
    0xe7, 0x0, 0x0, 0x5f, 0xe7, 0x0, 0x0, 0x5f,
    0xd8, 0x0, 0x0, 0x6e, 0xac, 0x0, 0x0, 0xbb,
    0x3f, 0xb5, 0x5a, 0xf4, 0x4, 0xcf, 0xfc, 0x40,

    /* U+00DD "Ý" */
    0x0, 0x0, 0x6e, 0x10, 0x0, 0x0, 0x0, 0xd5,
    0x0, 0x0, 0x0, 0x0, 0x0, 0x0, 0x0, 0xae,
    0x10, 0x0, 0x9, 0xe0, 0x1e, 0x90, 0x0, 0x3f,
    0x40, 0x6, 0xf3, 0x0, 0xca, 0x0, 0x0, 0xcc,
    0x6, 0xf1, 0x0, 0x0, 0x3f, 0x6e, 0x60, 0x0,
    0x0, 0x9, 0xfc, 0x0, 0x0, 0x0, 0x1, 0xf4,
    0x0, 0x0, 0x0, 0x1, 0xf4, 0x0, 0x0, 0x0,
    0x1, 0xf4, 0x0, 0x0, 0x0, 0x1, 0xf4, 0x0,
    0x0, 0x0, 0x1, 0xf4, 0x0, 0x0,

    /* U+00DE "Þ" */
    0xe6, 0x0, 0x0, 0x0, 0xe6, 0x0, 0x0, 0x0,
    0xef, 0xff, 0xfd, 0x60, 0xe8, 0x33, 0x49, 0xf3,
    0xe6, 0x0, 0x0, 0xd9, 0xe6, 0x0, 0x0, 0xbb,
    0xe6, 0x0, 0x0, 0xd9, 0xe6, 0x0, 0x18, 0xf3,
    0xef, 0xff, 0xff, 0x70, 0xe8, 0x33, 0x30, 0x0,
    0xe6, 0x0, 0x0, 0x0,

    /* U+00DF "ß" */
    0x1a, 0xfe, 0x80, 0x0, 0xad, 0x24, 0xf4, 0x0,
    0xe6, 0x0, 0xc6, 0x0, 0xf4, 0x3, 0xf1, 0x0,
    0xf4, 0xa, 0x90, 0x0, 0xf4, 0xc, 0xa0, 0x0,
    0xf4, 0x3, 0xeb, 0x10, 0xf4, 0x0, 0x1d, 0xc0,
    0xf4, 0x1, 0x4, 0xf0, 0xf4, 0xab, 0x29, 0xd0,
    0xf4, 0x1b, 0xfc, 0x20,

    /* U+00E0 "à" */
    0x0, 0x7e, 0x0, 0x0, 0x0, 0xb, 0x60, 0x0,
    0x0, 0x0, 0x0, 0x0, 0x2, 0xbf, 0xfb, 0x20,
    0xe, 0x92, 0x3c, 0xa0, 0x18, 0x0, 0x6, 0xc0,
    0x0, 0x58, 0xbe, 0xd0, 0x1d, 0xd9, 0x68, 0xd0,
    0x6e, 0x0, 0x8, 0xd0, 0x5f, 0x10, 0x3f, 0xd0,
    0x9, 0xed, 0xa5, 0xf1,

    /* U+00E1 "á" */
    0x0, 0x2, 0xf4, 0x0, 0x0, 0x9, 0x90, 0x0,
    0x0, 0x0, 0x0, 0x0, 0x2, 0xbf, 0xfb, 0x20,
    0xe, 0x92, 0x3c, 0xa0, 0x18, 0x0, 0x6, 0xc0,
    0x0, 0x58, 0xbe, 0xd0, 0x1d, 0xd9, 0x68, 0xd0,
    0x6e, 0x0, 0x8, 0xd0, 0x5f, 0x10, 0x3f, 0xd0,
    0x9, 0xed, 0xa5, 0xf1,

    /* U+00E2 "â" */
    0x0, 0x2f, 0xd0, 0x0, 0x0, 0xd7, 0xb9, 0x0,
    0x0, 0x10, 0x1, 0x0, 0x2, 0xbf, 0xfb, 0x20,
    0xe, 0x92, 0x3c, 0xa0, 0x18, 0x0, 0x6, 0xc0,
    0x0, 0x58, 0xbe, 0xd0, 0x1d, 0xd9, 0x68, 0xd0,
    0x6e, 0x0, 0x8, 0xd0, 0x5f, 0x10, 0x3f, 0xd0,
    0x9, 0xed, 0xa5, 0xf1,

    /* U+00E3 "ã" */
    0x0, 0xdc, 0x2c, 0x10, 0x5, 0x83, 0xea, 0x0,
    0x0, 0x0, 0x0, 0x0, 0x2, 0xbf, 0xfb, 0x20,
    0xe, 0x92, 0x3c, 0xa0, 0x18, 0x0, 0x6, 0xc0,
    0x0, 0x58, 0xbe, 0xd0, 0x1d, 0xd9, 0x68, 0xd0,
    0x6e, 0x0, 0x8, 0xd0, 0x5f, 0x10, 0x3f, 0xd0,
    0x9, 0xed, 0xa5, 0xf1,

    /* U+00E4 "ä" */
    0x0, 0xf4, 0x7c, 0x0, 0x0, 0x82, 0x36, 0x0,
    0x0, 0x0, 0x0, 0x0, 0x2, 0xbf, 0xfb, 0x20,
    0xe, 0x92, 0x3c, 0xa0, 0x18, 0x0, 0x6, 0xc0,
    0x0, 0x58, 0xbe, 0xd0, 0x1d, 0xd9, 0x68, 0xd0,
    0x6e, 0x0, 0x8, 0xd0, 0x5f, 0x10, 0x3f, 0xd0,
    0x9, 0xed, 0xa5, 0xf1,

    /* U+00E5 "å" */
    0x0, 0x1a, 0x90, 0x0, 0x0, 0x44, 0x71, 0x0,
    0x0, 0x8, 0x70, 0x0, 0x2, 0xbf, 0xfb, 0x20,
    0xe, 0x92, 0x3c, 0xa0, 0x18, 0x0, 0x6, 0xc0,
    0x0, 0x58, 0xbe, 0xd0, 0x1d, 0xd9, 0x68, 0xd0,
    0x6e, 0x0, 0x8, 0xd0, 0x5f, 0x10, 0x3f, 0xd0,
    0x9, 0xed, 0xa5, 0xf1,

    /* U+00E6 "æ" */
    0x3, 0xcf, 0xfa, 0x3c, 0xfd, 0x60, 0xf, 0x72,
    0x3d, 0xf7, 0x24, 0xe4, 0x15, 0x0, 0xa, 0xc0,
    0x0, 0x7b, 0x2, 0x9c, 0xff, 0xff, 0xff, 0xfd,
    0x2f, 0x94, 0x19, 0xb2, 0x22, 0x21, 0x7d, 0x0,
    0xc, 0xd0, 0x0, 0x78, 0x5f, 0x42, 0x8d, 0xe9,
    0x25, 0xf5, 0x9, 0xee, 0xa1, 0x2c, 0xfe, 0x60,

    /* U+00E7 "ç" */
    0x1, 0xbf, 0xe7, 0x0, 0xdb, 0x24, 0xe6, 0x4f,
    0x10, 0x5, 0x56, 0xd0, 0x0, 0x0, 0x6d, 0x0,
    0x0, 0x4, 0xf0, 0x0, 0x6a, 0xd, 0x90, 0x2d,
    0x70, 0x2c, 0xff, 0x90, 0x0, 0xf, 0x50, 0x0,
    0x0, 0x4f, 0x0, 0x0, 0x9e, 0x80, 0x0,

    /* U+00E8 "è" */
    0x0, 0x7e, 0x0, 0x0, 0x0, 0xb, 0x60, 0x0,
    0x0, 0x0, 0x0, 0x0, 0x1, 0xaf, 0xe9, 0x0,
    0xc, 0xb2, 0x3c, 0xa0, 0x3f, 0x0, 0x2, 0xf0,
    0x6f, 0xff, 0xff, 0xf2, 0x6e, 0x22, 0x22, 0x20,
    0x3f, 0x20, 0x2, 0xa0, 0xc, 0xc3, 0x3c, 0xb0,
    0x1, 0xaf, 0xea, 0x10,

    /* U+00E9 "é" */
    0x0, 0x2, 0xf4, 0x0, 0x0, 0x9, 0x90, 0x0,
    0x0, 0x0, 0x0, 0x0, 0x1, 0xaf, 0xe9, 0x0,
    0xc, 0xb2, 0x3c, 0xa0, 0x3f, 0x0, 0x2, 0xf0,
    0x6f, 0xff, 0xff, 0xf2, 0x6e, 0x22, 0x22, 0x20,
    0x3f, 0x20, 0x2, 0xa0, 0xc, 0xc3, 0x3c, 0xb0,
    0x1, 0xaf, 0xea, 0x10,

    /* U+00EA "ê" */
    0x0, 0x2f, 0xd0, 0x0, 0x0, 0xc8, 0xaa, 0x0,
    0x0, 0x10, 0x1, 0x0, 0x1, 0xaf, 0xe9, 0x0,
    0xc, 0xb2, 0x3c, 0xa0, 0x3f, 0x0, 0x2, 0xf0,
    0x6f, 0xff, 0xff, 0xf2, 0x6e, 0x22, 0x22, 0x20,
    0x3f, 0x20, 0x2, 0xa0, 0xc, 0xc3, 0x3c, 0xb0,
    0x1, 0xaf, 0xea, 0x10,

    /* U+00EB "ë" */
    0x0, 0xf4, 0x7d, 0x0, 0x0, 0x82, 0x36, 0x0,
    0x0, 0x0, 0x0, 0x0, 0x1, 0xaf, 0xe9, 0x0,
    0xc, 0xb2, 0x3c, 0xa0, 0x3f, 0x0, 0x2, 0xf0,
    0x6f, 0xff, 0xff, 0xf2, 0x6e, 0x22, 0x22, 0x20,
    0x3f, 0x20, 0x2, 0xa0, 0xc, 0xc3, 0x3c, 0xb0,
    0x1, 0xaf, 0xea, 0x10,

    /* U+00EC "ì" */
    0x7f, 0x10, 0xb7, 0x0, 0x0, 0xa9, 0xa, 0x90,
    0xa9, 0xa, 0x90, 0xa9, 0xa, 0x90, 0xa9, 0xa,
    0x90,

    /* U+00ED "í" */
    0x2f, 0x59, 0x90, 0x0, 0xa, 0x90, 0xa9, 0xa,
    0x90, 0xa9, 0xa, 0x90, 0xa9, 0xa, 0x90, 0xa9,
    0x0,

    /* U+00EE "î" */
    0x2, 0xed, 0x10, 0xc, 0x78, 0xb0, 0x0, 0x0,
    0x0, 0x0, 0xa9, 0x0, 0x0, 0xa9, 0x0, 0x0,
    0xa9, 0x0, 0x0, 0xa9, 0x0, 0x0, 0xa9, 0x0,
    0x0, 0xa9, 0x0, 0x0, 0xa9, 0x0, 0x0, 0xa9,
    0x0,

    /* U+00EF "ï" */
    0xe5, 0x6e, 0x72, 0x37, 0x0, 0x0, 0xa, 0x90,
    0xa, 0x90, 0xa, 0x90, 0xa, 0x90, 0xa, 0x90,
    0xa, 0x90, 0xa, 0x90, 0xa, 0x90,

    /* U+00F0 "ð" */
    0x0, 0x4e, 0x6c, 0x10, 0x0, 0x4d, 0xf5, 0x0,
    0x0, 0x62, 0x7d, 0x0, 0x2, 0xbf, 0xdf, 0x60,
    0xd, 0xa1, 0x2d, 0xc0, 0x4f, 0x10, 0x4, 0xf1,
    0x6d, 0x0, 0x1, 0xf3, 0x6d, 0x0, 0x1, 0xf2,
    0x4f, 0x10, 0x5, 0xf0, 0xc, 0xb2, 0x4e, 0x80,
    0x1, 0xbf, 0xe8, 0x0,

    /* U+00F1 "ñ" */
    0x0, 0xdc, 0x2c, 0x10, 0x58, 0x3e, 0xa0, 0x0,
    0x0, 0x0, 0x0, 0xf6, 0xdf, 0xb1, 0xf, 0xc1,
    0xc, 0xa0, 0xf4, 0x0, 0x7d, 0xf, 0x30, 0x6,
    0xd0, 0xf3, 0x0, 0x6d, 0xf, 0x30, 0x6, 0xd0,
    0xf3, 0x0, 0x6d, 0xf, 0x30, 0x6, 0xd0,

    /* U+00F2 "ò" */
    0x0, 0x7e, 0x0, 0x0, 0x0, 0xb, 0x60, 0x0,
    0x0, 0x0, 0x0, 0x0, 0x1, 0xae, 0xe9, 0x0,
    0xd, 0xb2, 0x3d, 0x90, 0x4f, 0x10, 0x4, 0xf1,
    0x7c, 0x0, 0x0, 0xf3, 0x7c, 0x0, 0x0, 0xf4,
    0x5f, 0x10, 0x4, 0xf1, 0xd, 0xb2, 0x3d, 0xa0,
    0x1, 0xae, 0xe8, 0x0,

    /* U+00F3 "ó" */
    0x0, 0x2, 0xf4, 0x0, 0x0, 0x9, 0x90, 0x0,
    0x0, 0x0, 0x0, 0x0, 0x1, 0xae, 0xe9, 0x0,
    0xd, 0xb2, 0x3d, 0x90, 0x4f, 0x10, 0x4, 0xf1,
    0x7c, 0x0, 0x0, 0xf3, 0x7c, 0x0, 0x0, 0xf4,
    0x5f, 0x10, 0x4, 0xf1, 0xd, 0xb2, 0x3d, 0xa0,
    0x1, 0xae, 0xe8, 0x0,

    /* U+00F4 "ô" */
    0x0, 0x2f, 0xd0, 0x0, 0x0, 0xd7, 0xb9, 0x0,
    0x0, 0x10, 0x1, 0x0, 0x1, 0xae, 0xe9, 0x0,
    0xd, 0xb2, 0x3d, 0x90, 0x4f, 0x10, 0x4, 0xf1,
    0x7c, 0x0, 0x0, 0xf3, 0x7c, 0x0, 0x0, 0xf4,
    0x5f, 0x10, 0x4, 0xf1, 0xd, 0xb2, 0x3d, 0xa0,
    0x1, 0xae, 0xe8, 0x0,

    /* U+00F5 "õ" */
    0x0, 0xdc, 0x2c, 0x10, 0x5, 0x83, 0xea, 0x0,
    0x0, 0x0, 0x0, 0x0, 0x1, 0xae, 0xe9, 0x0,
    0xd, 0xb2, 0x3d, 0x90, 0x4f, 0x10, 0x4, 0xf1,
    0x7c, 0x0, 0x0, 0xf3, 0x7c, 0x0, 0x0, 0xf4,
    0x5f, 0x10, 0x4, 0xf1, 0xd, 0xb2, 0x3d, 0xa0,
    0x1, 0xae, 0xe8, 0x0,

    /* U+00F6 "ö" */
    0x0, 0xf4, 0x7c, 0x0, 0x0, 0x82, 0x36, 0x0,
    0x0, 0x0, 0x0, 0x0, 0x1, 0xae, 0xe9, 0x0,
    0xd, 0xb2, 0x3d, 0x90, 0x4f, 0x10, 0x4, 0xf1,
    0x7c, 0x0, 0x0, 0xf3, 0x7c, 0x0, 0x0, 0xf4,
    0x5f, 0x10, 0x4, 0xf1, 0xd, 0xb2, 0x3d, 0xa0,
    0x1, 0xae, 0xe8, 0x0,

    /* U+00F7 "÷" */
    0x0, 0x9, 0xc0, 0x0, 0x0, 0x5, 0x60, 0x0,
    0x3f, 0xff, 0xff, 0xf6, 0x3, 0x33, 0x33, 0x31,
    0x0, 0x5, 0x60, 0x0, 0x0, 0x9, 0xc0, 0x0,

    /* U+00F8 "ø" */
    0x0, 0x0, 0x0, 0x0, 0x0, 0x7e, 0xfb, 0xb5,
    0x7, 0xe5, 0x2b, 0xf1, 0xe, 0x60, 0x2d, 0xd7,
    0x1f, 0x30, 0xc3, 0x99, 0x1f, 0x38, 0x70, 0xaa,
    0xe, 0xab, 0x0, 0xd8, 0x7, 0xf6, 0x29, 0xf2,
    0xb, 0x9e, 0xfb, 0x20, 0x2, 0x0, 0x0, 0x0,

    /* U+00F9 "ù" */
    0x0, 0x7e, 0x0, 0x0, 0x0, 0xb6, 0x0, 0x0,
    0x0, 0x0, 0x1, 0xf2, 0x0, 0x6d, 0x1f, 0x20,
    0x6, 0xd1, 0xf2, 0x0, 0x6d, 0x1f, 0x20, 0x6,
    0xd1, 0xf2, 0x0, 0x6d, 0xf, 0x30, 0x8, 0xd0,
    0xd9, 0x3, 0xed, 0x3, 0xdf, 0xc6, 0xd0,

    /* U+00FA "ú" */
    0x0, 0x2, 0xf4, 0x0, 0x0, 0x99, 0x0, 0x0,
    0x0, 0x0, 0x1, 0xf2, 0x0, 0x6d, 0x1f, 0x20,
    0x6, 0xd1, 0xf2, 0x0, 0x6d, 0x1f, 0x20, 0x6,
    0xd1, 0xf2, 0x0, 0x6d, 0xf, 0x30, 0x8, 0xd0,
    0xd9, 0x3, 0xed, 0x3, 0xdf, 0xc6, 0xd0,

    /* U+00FB "û" */
    0x0, 0x2e, 0xd1, 0x0, 0xc, 0x79, 0xa0, 0x0,
    0x0, 0x0, 0x1, 0xf2, 0x0, 0x6d, 0x1f, 0x20,
    0x6, 0xd1, 0xf2, 0x0, 0x6d, 0x1f, 0x20, 0x6,
    0xd1, 0xf2, 0x0, 0x6d, 0xf, 0x30, 0x8, 0xd0,
    0xd9, 0x3, 0xed, 0x3, 0xdf, 0xc6, 0xd0,

    /* U+00FC "ü" */
    0x0, 0xf4, 0x7c, 0x0, 0x8, 0x23, 0x60, 0x0,
    0x0, 0x0, 0x1, 0xf2, 0x0, 0x6d, 0x1f, 0x20,
    0x6, 0xd1, 0xf2, 0x0, 0x6d, 0x1f, 0x20, 0x6,
    0xd1, 0xf2, 0x0, 0x6d, 0xf, 0x30, 0x8, 0xd0,
    0xd9, 0x3, 0xed, 0x3, 0xdf, 0xc6, 0xd0,

    /* U+00FD "ý" */
    0x0, 0x9, 0xd0, 0x0, 0x1, 0xe2, 0x0, 0x0,
    0x0, 0x0, 0x9, 0xb0, 0x0, 0x8b, 0x4f, 0x10,
    0xd, 0x50, 0xe6, 0x3, 0xf0, 0x8, 0xb0, 0x8a,
    0x0, 0x3f, 0x1e, 0x50, 0x0, 0xd8, 0xf0, 0x0,
    0x7, 0xf9, 0x0, 0x0, 0x2f, 0x40, 0x0, 0x3,
    0xe0, 0x0, 0x15, 0xc8, 0x0, 0x2, 0xfb, 0x0,
    0x0,

    /* U+00FE "þ" */
    0xf, 0x30, 0x0, 0x0, 0xf, 0x30, 0x0, 0x0,
    0xf, 0x30, 0x0, 0x0, 0xf, 0x8d, 0xfa, 0x0,
    0xf, 0xe3, 0x2c, 0x90, 0xf, 0x50, 0x3, 0xf0,
    0xf, 0x20, 0x0, 0xf3, 0xf, 0x10, 0x1, 0xf3,
    0xf, 0x40, 0x4, 0xf0, 0xf, 0xd3, 0x3d, 0x90,
    0xf, 0x8d, 0xe9, 0x0, 0xf, 0x30, 0x0, 0x0,
    0xf, 0x30, 0x0, 0x0, 0xf, 0x30, 0x0, 0x0,

    /* U+00FF "ÿ" */
    0x6, 0xe0, 0xd6, 0x0, 0x37, 0x7, 0x30, 0x0,
    0x0, 0x0, 0x9, 0xb0, 0x0, 0x8b, 0x4f, 0x10,
    0xd, 0x50, 0xe6, 0x3, 0xf0, 0x8, 0xb0, 0x8a,
    0x0, 0x3f, 0x1e, 0x50, 0x0, 0xd8, 0xf0, 0x0,
    0x7, 0xf9, 0x0, 0x0, 0x2f, 0x40, 0x0, 0x3,
    0xe0, 0x0, 0x15, 0xc8, 0x0, 0x2, 0xfb, 0x0,
    0x0,

    /* U+0100 "Ā" */
    0x0, 0x9, 0xff, 0xfa, 0x0, 0x0, 0x0, 0x12,
    0x22, 0x10, 0x0, 0x0, 0x0, 0x5f, 0x70, 0x0,
    0x0, 0x0, 0xb, 0xdd, 0x0, 0x0, 0x0, 0x1,
    0xf5, 0xf3, 0x0, 0x0, 0x0, 0x6f, 0xd, 0x90,
    0x0, 0x0, 0xb, 0xa0, 0x8e, 0x0, 0x0, 0x1,
    0xf5, 0x3, 0xf4, 0x0, 0x0, 0x7f, 0x10, 0xe,
    0xa0, 0x0, 0xc, 0xff, 0xff, 0xff, 0x10, 0x2,
    0xf7, 0x22, 0x24, 0xf6, 0x0, 0x7f, 0x0, 0x0,
    0xc, 0xc0, 0xd, 0x90, 0x0, 0x0, 0x5f, 0x20,

    /* U+0101 "ā" */
    0x4, 0xff, 0xff, 0x0, 0x0, 0x11, 0x11, 0x0,
    0x0, 0x0, 0x0, 0x0, 0x2, 0xbf, 0xfb, 0x20,
    0xe, 0x92, 0x3c, 0xa0, 0x18, 0x0, 0x6, 0xc0,
    0x0, 0x58, 0xbe, 0xd0, 0x1d, 0xd9, 0x68, 0xd0,
    0x6e, 0x0, 0x8, 0xd0, 0x5f, 0x10, 0x3f, 0xd0,
    0x9, 0xed, 0xa5, 0xf1,

    /* U+0102 "Ă" */
    0x0, 0x3, 0x20, 0x33, 0x0, 0x0, 0x0, 0x5a,
    0xa, 0x40, 0x0, 0x0, 0x0, 0x9e, 0x90, 0x0,
    0x0, 0x0, 0x5, 0xf7, 0x0, 0x0, 0x0, 0x0,
    0xbd, 0xd0, 0x0, 0x0, 0x0, 0x1f, 0x5f, 0x30,
    0x0, 0x0, 0x6, 0xf0, 0xd9, 0x0, 0x0, 0x0,
    0xba, 0x8, 0xe0, 0x0, 0x0, 0x1f, 0x50, 0x3f,
    0x40, 0x0, 0x7, 0xf1, 0x0, 0xea, 0x0, 0x0,
    0xcf, 0xff, 0xff, 0xf1, 0x0, 0x2f, 0x72, 0x22,
    0x4f, 0x60, 0x7, 0xf0, 0x0, 0x0, 0xcc, 0x0,
    0xd9, 0x0, 0x0, 0x5, 0xf2,

    /* U+0103 "ă" */
    0x1, 0xd0, 0x4b, 0x0, 0x0, 0x6e, 0xc2, 0x0,
    0x0, 0x0, 0x0, 0x0, 0x2, 0xbf, 0xfb, 0x20,
    0xe, 0x92, 0x3c, 0xa0, 0x18, 0x0, 0x6, 0xc0,
    0x0, 0x58, 0xbe, 0xd0, 0x1d, 0xd9, 0x68, 0xd0,
    0x6e, 0x0, 0x8, 0xd0, 0x5f, 0x10, 0x3f, 0xd0,
    0x9, 0xed, 0xa5, 0xf1,

    /* U+0104 "Ą" */
    0x0, 0x0, 0x5f, 0x70, 0x0, 0x0, 0x0, 0x0,
    0xbb, 0xd0, 0x0, 0x0, 0x0, 0x1, 0xf2, 0xf3,
    0x0, 0x0, 0x0, 0x6, 0xc0, 0xa9, 0x0, 0x0,
    0x0, 0xb, 0x60, 0x4e, 0x0, 0x0, 0x0, 0x1f,
    0x10, 0xe, 0x40, 0x0, 0x0, 0x7f, 0xff, 0xff,
    0xa0, 0x0, 0x0, 0xc7, 0x22, 0x25, 0xf1, 0x0,
    0x2, 0xf1, 0x0, 0x0, 0xd6, 0x0, 0x7, 0xd0,
    0x0, 0x0, 0x8c, 0x0, 0xd, 0x80, 0x0, 0x0,
    0x3f, 0x20, 0x0, 0x0, 0x0, 0x0, 0x49, 0x0,
    0x0, 0x0, 0x0, 0x0, 0x5a, 0x1, 0x0, 0x0,
    0x0, 0x0, 0x1c, 0xe6,

    /* U+0105 "ą" */
    0x2, 0xbf, 0xfb, 0x20, 0xe, 0x92, 0x3c, 0xa0,
    0x17, 0x0, 0x6, 0xc0, 0x0, 0x59, 0xbf, 0xd0,
    0x1e, 0xc7, 0x47, 0xd0, 0x6e, 0x0, 0x9, 0xd0,
    0x5f, 0x41, 0x6f, 0xd0, 0x9, 0xef, 0xa4, 0xf1,
    0x0, 0x0, 0x5, 0x80, 0x0, 0x0, 0x7, 0x81,
    0x0, 0x0, 0x2, 0xed,

    /* U+0106 "Ć" */
    0x0, 0x0, 0xb, 0xc0, 0x0, 0x0, 0x0, 0x2e,
    0x10, 0x0, 0x0, 0x0, 0x0, 0x0, 0x0, 0x0,
    0x19, 0xef, 0xd6, 0x0, 0x1, 0xec, 0x54, 0x7f,
    0x80, 0xa, 0xd0, 0x0, 0x5, 0xf2, 0xf, 0x60,
    0x0, 0x0, 0x50, 0x3f, 0x30, 0x0, 0x0, 0x0,
    0x4f, 0x10, 0x0, 0x0, 0x0, 0x3f, 0x20, 0x0,
    0x0, 0x0, 0xf, 0x50, 0x0, 0x0, 0xc4, 0xa,
    0xd0, 0x0, 0x5, 0xf2, 0x1, 0xec, 0x54, 0x7f,
    0x80, 0x0, 0x2a, 0xef, 0xd6, 0x0,

    /* U+0107 "ć" */
    0x0, 0x5, 0xf3, 0x0, 0x0, 0xc6, 0x0, 0x0,
    0x0, 0x0, 0x0, 0x1b, 0xfe, 0x70, 0xd, 0xb2,
    0x4e, 0x64, 0xf1, 0x0, 0x55, 0x6d, 0x0, 0x0,
    0x6, 0xd0, 0x0, 0x0, 0x3f, 0x10, 0x7, 0xa0,
    0xcb, 0x24, 0xe6, 0x2, 0xbf, 0xe7, 0x0,

    /* U+0108 "Ĉ" */
    0x0, 0x0, 0xaf, 0x60, 0x0, 0x0, 0x5, 0xe3,
    0xf3, 0x0, 0x0, 0x0, 0x0, 0x0, 0x0, 0x0,
    0x19, 0xef, 0xd6, 0x0, 0x1, 0xec, 0x54, 0x7f,
    0x80, 0xa, 0xd0, 0x0, 0x5, 0xf2, 0xf, 0x60,
    0x0, 0x0, 0x50, 0x3f, 0x30, 0x0, 0x0, 0x0,
    0x4f, 0x10, 0x0, 0x0, 0x0, 0x3f, 0x20, 0x0,
    0x0, 0x0, 0xf, 0x50, 0x0, 0x0, 0xc4, 0xa,
    0xd0, 0x0, 0x5, 0xf2, 0x1, 0xec, 0x54, 0x7f,
    0x80, 0x0, 0x2a, 0xef, 0xd6, 0x0,

    /* U+0109 "ĉ" */
    0x0, 0x4f, 0xc0, 0x0, 0x1e, 0x6c, 0x80, 0x0,
    0x10, 0x1, 0x0, 0x1b, 0xfe, 0x70, 0xd, 0xb2,
    0x4e, 0x64, 0xf1, 0x0, 0x55, 0x6d, 0x0, 0x0,
    0x6, 0xd0, 0x0, 0x0, 0x3f, 0x10, 0x7, 0xa0,
    0xcb, 0x24, 0xe6, 0x2, 0xbf, 0xe7, 0x0,

    /* U+010A "Ċ" */
    0x0, 0x0, 0x18, 0x0, 0x0, 0x0, 0x0, 0x3f,
    0x0, 0x0, 0x0, 0x0, 0x0, 0x0, 0x0, 0x0,
    0x19, 0xef, 0xd6, 0x0, 0x1, 0xec, 0x54, 0x7f,
    0x80, 0xa, 0xd0, 0x0, 0x5, 0xf2, 0xf, 0x60,
    0x0, 0x0, 0x50, 0x3f, 0x30, 0x0, 0x0, 0x0,
    0x4f, 0x10, 0x0, 0x0, 0x0, 0x3f, 0x20, 0x0,
    0x0, 0x0, 0xf, 0x50, 0x0, 0x0, 0xc4, 0xa,
    0xd0, 0x0, 0x5, 0xf2, 0x1, 0xec, 0x54, 0x7f,
    0x80, 0x0, 0x2a, 0xef, 0xd6, 0x0,

    /* U+010B "ċ" */
    0x0, 0xc, 0x70, 0x0, 0x0, 0x63, 0x0, 0x0,
    0x0, 0x0, 0x0, 0x1b, 0xfe, 0x70, 0xd, 0xb2,
    0x4e, 0x64, 0xf1, 0x0, 0x55, 0x6d, 0x0, 0x0,
    0x6, 0xd0, 0x0, 0x0, 0x3f, 0x10, 0x7, 0xa0,
    0xcb, 0x24, 0xe6, 0x2, 0xbf, 0xe7, 0x0,

    /* U+010C "Č" */
    0x0, 0x5, 0xe3, 0xf3, 0x0, 0x0, 0x0, 0x8f,
    0x70, 0x0, 0x0, 0x0, 0x0, 0x0, 0x0, 0x0,
    0x19, 0xef, 0xd6, 0x0, 0x1, 0xec, 0x54, 0x7f,
    0x80, 0xa, 0xd0, 0x0, 0x5, 0xf2, 0xf, 0x60,
    0x0, 0x0, 0x50, 0x3f, 0x30, 0x0, 0x0, 0x0,
    0x4f, 0x10, 0x0, 0x0, 0x0, 0x3f, 0x20, 0x0,
    0x0, 0x0, 0xf, 0x50, 0x0, 0x0, 0xc4, 0xa,
    0xd0, 0x0, 0x5, 0xf2, 0x1, 0xec, 0x54, 0x7f,
    0x80, 0x0, 0x2a, 0xef, 0xd6, 0x0,

    /* U+010D "č" */
    0x1, 0xe5, 0xb9, 0x0, 0x4, 0xfd, 0x0, 0x0,
    0x1, 0x0, 0x0, 0x1b, 0xfe, 0x70, 0xd, 0xb2,
    0x4e, 0x64, 0xf1, 0x0, 0x55, 0x6d, 0x0, 0x0,
    0x6, 0xd0, 0x0, 0x0, 0x3f, 0x10, 0x7, 0xa0,
    0xcb, 0x24, 0xe6, 0x2, 0xbf, 0xe7, 0x0,

    /* U+010E "Ď" */
    0x1, 0xe5, 0xc9, 0x0, 0x0, 0x3, 0xfc, 0x0,
    0x0, 0x0, 0x0, 0x0, 0x0, 0xe, 0xff, 0xff,
    0xc4, 0x0, 0xe9, 0x44, 0x5a, 0xf4, 0xe, 0x70,
    0x0, 0xa, 0xc0, 0xe7, 0x0, 0x0, 0x3f, 0x2e,
    0x70, 0x0, 0x0, 0xf5, 0xe7, 0x0, 0x0, 0xf,
    0x6e, 0x70, 0x0, 0x0, 0xf5, 0xe7, 0x0, 0x0,
    0x3f, 0x2e, 0x70, 0x0, 0xa, 0xd0, 0xe9, 0x44,
    0x5a, 0xf4, 0xe, 0xff, 0xfe, 0xb4, 0x0,

    /* U+010F "ď" */
    0x0, 0x0, 0x6, 0xc9, 0xc0, 0x0, 0x0, 0x6c,
    0x4b, 0x0, 0x0, 0x6, 0xc2, 0x90, 0x2c, 0xfc,
    0x8c, 0x51, 0xd, 0xa2, 0x5f, 0xc0, 0x4, 0xf1,
    0x0, 0x9c, 0x0, 0x7d, 0x0, 0x6, 0xc0, 0x6,
    0xc0, 0x0, 0x5c, 0x0, 0x4f, 0x0, 0x8, 0xc0,
    0x0, 0xc8, 0x2, 0xec, 0x0, 0x2, 0xbe, 0xc8,
    0xc0, 0x0,

    /* U+0110 "Đ" */
    0x0, 0xef, 0xff, 0xfc, 0x40, 0x0, 0xe, 0x94,
    0x45, 0xaf, 0x40, 0x0, 0xe7, 0x0, 0x0, 0xac,
    0x0, 0xe, 0x70, 0x0, 0x3, 0xf2, 0x0, 0xe7,
    0x0, 0x0, 0xf, 0x50, 0xff, 0xff, 0xf2, 0x0,
    0xf6, 0x0, 0xe7, 0x0, 0x0, 0xf, 0x50, 0xe,
    0x70, 0x0, 0x3, 0xf2, 0x0, 0xe7, 0x0, 0x0,
    0xad, 0x0, 0xe, 0x94, 0x45, 0xaf, 0x40, 0x0,
    0xef, 0xff, 0xeb, 0x40, 0x0,

    /* U+0111 "đ" */
    0x0, 0x0, 0x6, 0xc0, 0x0, 0x8, 0xff, 0xfa,
    0x0, 0x1, 0x28, 0xd1, 0x2, 0xcf, 0xc8, 0xc0,
    0xd, 0xa2, 0x5f, 0xc0, 0x4f, 0x10, 0x9, 0xc0,
    0x7d, 0x0, 0x6, 0xc0, 0x6c, 0x0, 0x5, 0xc0,
    0x4f, 0x0, 0x8, 0xc0, 0xc, 0x80, 0x2e, 0xc0,
    0x2, 0xbe, 0xc8, 0xc0,

    /* U+0112 "Ē" */
    0x6, 0xff, 0xfc, 0x0, 0x1, 0x22, 0x21, 0x0,
    0xef, 0xff, 0xff, 0xf5, 0xe9, 0x44, 0x44, 0x41,
    0xe7, 0x0, 0x0, 0x0, 0xe7, 0x0, 0x0, 0x0,
    0xe7, 0x0, 0x0, 0x0, 0xef, 0xff, 0xff, 0xf0,
    0xe9, 0x33, 0x33, 0x30, 0xe7, 0x0, 0x0, 0x0,
    0xe7, 0x0, 0x0, 0x0, 0xe9, 0x44, 0x44, 0x42,
    0xef, 0xff, 0xff, 0xf9,

    /* U+0113 "ē" */
    0x1, 0xff, 0xff, 0x20, 0x0, 0x11, 0x11, 0x0,
    0x0, 0x0, 0x0, 0x0, 0x1, 0xaf, 0xe9, 0x0,
    0xc, 0xb2, 0x3c, 0xa0, 0x3f, 0x0, 0x2, 0xf0,
    0x6f, 0xff, 0xff, 0xf2, 0x6e, 0x22, 0x22, 0x20,
    0x3f, 0x20, 0x2, 0xa0, 0xc, 0xc3, 0x3c, 0xb0,
    0x1, 0xaf, 0xea, 0x10,

    /* U+0114 "Ĕ" */
    0x1, 0x60, 0x25, 0x0, 0x0, 0x9e, 0xd4, 0x0,
    0x0, 0x0, 0x0, 0x0, 0xef, 0xff, 0xff, 0xf5,
    0xe9, 0x44, 0x44, 0x41, 0xe7, 0x0, 0x0, 0x0,
    0xe7, 0x0, 0x0, 0x0, 0xe7, 0x0, 0x0, 0x0,
    0xef, 0xff, 0xff, 0xf0, 0xe9, 0x33, 0x33, 0x30,
    0xe7, 0x0, 0x0, 0x0, 0xe7, 0x0, 0x0, 0x0,
    0xe9, 0x44, 0x44, 0x42, 0xef, 0xff, 0xff, 0xf9,

    /* U+0115 "ĕ" */
    0x0, 0xd2, 0x2d, 0x0, 0x0, 0x4d, 0xd4, 0x0,
    0x0, 0x0, 0x0, 0x0, 0x1, 0xaf, 0xe9, 0x0,
    0xc, 0xb2, 0x3c, 0xa0, 0x3f, 0x0, 0x2, 0xf0,
    0x6f, 0xff, 0xff, 0xf2, 0x6e, 0x22, 0x22, 0x20,
    0x3f, 0x20, 0x2, 0xa0, 0xc, 0xc3, 0x3c, 0xb0,
    0x1, 0xaf, 0xea, 0x10,

    /* U+0116 "Ė" */
    0x0, 0xd, 0x60, 0x0, 0x0, 0x6, 0x30, 0x0,
    0xef, 0xff, 0xff, 0xf5, 0xe9, 0x44, 0x44, 0x41,
    0xe7, 0x0, 0x0, 0x0, 0xe7, 0x0, 0x0, 0x0,
    0xe7, 0x0, 0x0, 0x0, 0xef, 0xff, 0xff, 0xf0,
    0xe9, 0x33, 0x33, 0x30, 0xe7, 0x0, 0x0, 0x0,
    0xe7, 0x0, 0x0, 0x0, 0xe9, 0x44, 0x44, 0x42,
    0xef, 0xff, 0xff, 0xf9,

    /* U+0117 "ė" */
    0x0, 0xc, 0x70, 0x0, 0x0, 0x6, 0x30, 0x0,
    0x0, 0x0, 0x0, 0x0, 0x1, 0xaf, 0xe9, 0x0,
    0xc, 0xb2, 0x3c, 0xa0, 0x3f, 0x0, 0x2, 0xf0,
    0x6f, 0xff, 0xff, 0xf2, 0x6e, 0x22, 0x22, 0x20,
    0x3f, 0x20, 0x2, 0xa0, 0xc, 0xc3, 0x3c, 0xb0,
    0x1, 0xaf, 0xea, 0x10,

    /* U+0118 "Ę" */
    0xef, 0xff, 0xff, 0xf5, 0xe, 0x94, 0x44, 0x44,
    0x10, 0xe7, 0x0, 0x0, 0x0, 0xe, 0x70, 0x0,
    0x0, 0x0, 0xe7, 0x0, 0x0, 0x0, 0xe, 0xff,
    0xff, 0xff, 0x0, 0xe9, 0x33, 0x33, 0x30, 0xe,
    0x70, 0x0, 0x0, 0x0, 0xe7, 0x0, 0x0, 0x0,
    0xe, 0x94, 0x44, 0x44, 0x20, 0xef, 0xff, 0xff,
    0xf9, 0x0, 0x0, 0x0, 0xd0, 0x0, 0x0, 0x0,
    0xe, 0x21, 0x0, 0x0, 0x0, 0x8f, 0xc0,

    /* U+0119 "ę" */
    0x1, 0xaf, 0xe9, 0x0, 0xb, 0xb2, 0x3c, 0xa0,
    0x3f, 0x0, 0x2, 0xf0, 0x5f, 0xff, 0xff, 0xf2,
    0x6e, 0x22, 0x22, 0x20, 0x4f, 0x10, 0x2, 0xa0,
    0xd, 0xb1, 0x1b, 0xc0, 0x2, 0xbf, 0xfb, 0x10,
    0x0, 0x9, 0x30, 0x0, 0x0, 0xa, 0x60, 0x10,
    0x0, 0x4, 0xed, 0x20,

    /* U+011A "Ě" */
    0x2, 0xe4, 0xd8, 0x0, 0x0, 0x4f, 0xc0, 0x0,
    0x0, 0x0, 0x0, 0x0, 0xef, 0xff, 0xff, 0xf5,
    0xe9, 0x44, 0x44, 0x41, 0xe7, 0x0, 0x0, 0x0,
    0xe7, 0x0, 0x0, 0x0, 0xe7, 0x0, 0x0, 0x0,
    0xef, 0xff, 0xff, 0xf0, 0xe9, 0x33, 0x33, 0x30,
    0xe7, 0x0, 0x0, 0x0, 0xe7, 0x0, 0x0, 0x0,
    0xe9, 0x44, 0x44, 0x42, 0xef, 0xff, 0xff, 0xf9,

    /* U+011B "ě" */
    0x0, 0xd6, 0xab, 0x0, 0x0, 0x3e, 0xe1, 0x0,
    0x0, 0x0, 0x0, 0x0, 0x1, 0xaf, 0xe9, 0x0,
    0xc, 0xb2, 0x3c, 0xa0, 0x3f, 0x0, 0x2, 0xf0,
    0x6f, 0xff, 0xff, 0xf2, 0x6e, 0x22, 0x22, 0x20,
    0x3f, 0x20, 0x2, 0xa0, 0xc, 0xc3, 0x3c, 0xb0,
    0x1, 0xaf, 0xea, 0x10,

    /* U+011C "Ĝ" */
    0x0, 0x0, 0x5f, 0xb0, 0x0, 0x0, 0x2, 0xf4,
    0xd7, 0x0, 0x0, 0x0, 0x0, 0x0, 0x0, 0x0,
    0x7, 0xdf, 0xeb, 0x30, 0x0, 0xcd, 0x63, 0x5b,
    0xf2, 0x8, 0xe1, 0x0, 0x0, 0xba, 0xe, 0x70,
    0x0, 0x0, 0x10, 0x2f, 0x30, 0x0, 0x0, 0x0,
    0x4f, 0x10, 0x4, 0xff, 0xff, 0x3f, 0x30, 0x0,
    0x33, 0x7f, 0xf, 0x70, 0x0, 0x0, 0x4f, 0x9,
    0xe2, 0x0, 0x0, 0x7f, 0x0, 0xce, 0x85, 0x6b,
    0xfa, 0x0, 0x7, 0xdf, 0xeb, 0x40,

    /* U+011D "ĝ" */
    0x0, 0x6f, 0x90, 0x0, 0x2f, 0x4e, 0x50, 0x0,
    0x10, 0x0, 0x0, 0x2c, 0xfd, 0x7e, 0xd, 0xa2,
    0x5f, 0xe4, 0xf0, 0x0, 0x8e, 0x7c, 0x0, 0x5,
    0xe7, 0xc0, 0x0, 0x5e, 0x4f, 0x0, 0x8, 0xe0,
    0xda, 0x25, 0xfd, 0x2, 0xcf, 0xc9, 0xd1, 0x40,
    0x0, 0x7b, 0x1f, 0x61, 0x4e, 0x60, 0x5d, 0xfe,
    0x70,

    /* U+011E "Ğ" */
    0x0, 0x2, 0xd0, 0x5a, 0x0, 0x0, 0x0, 0x7e,
    0xc2, 0x0, 0x0, 0x0, 0x0, 0x0, 0x0, 0x0,
    0x7, 0xdf, 0xeb, 0x30, 0x0, 0xcd, 0x63, 0x5b,
    0xf2, 0x8, 0xe1, 0x0, 0x0, 0xba, 0xe, 0x70,
    0x0, 0x0, 0x10, 0x2f, 0x30, 0x0, 0x0, 0x0,
    0x4f, 0x10, 0x4, 0xff, 0xff, 0x3f, 0x30, 0x0,
    0x33, 0x7f, 0xf, 0x70, 0x0, 0x0, 0x4f, 0x9,
    0xe2, 0x0, 0x0, 0x7f, 0x0, 0xce, 0x85, 0x6b,
    0xfa, 0x0, 0x7, 0xdf, 0xeb, 0x40,

    /* U+011F "ğ" */
    0x3, 0xb0, 0x69, 0x0, 0x8, 0xeb, 0x10, 0x0,
    0x0, 0x0, 0x0, 0x2c, 0xfd, 0x7e, 0xd, 0xa2,
    0x5f, 0xe4, 0xf0, 0x0, 0x8e, 0x7c, 0x0, 0x5,
    0xe7, 0xc0, 0x0, 0x5e, 0x4f, 0x0, 0x8, 0xe0,
    0xda, 0x25, 0xfd, 0x2, 0xcf, 0xc9, 0xd1, 0x40,
    0x0, 0x7b, 0x1f, 0x61, 0x4e, 0x60, 0x5d, 0xfe,
    0x70,

    /* U+0120 "Ġ" */
    0x0, 0x0, 0x7, 0x20, 0x0, 0x0, 0x0, 0xf,
    0x40, 0x0, 0x0, 0x0, 0x0, 0x0, 0x0, 0x0,
    0x7, 0xdf, 0xeb, 0x30, 0x0, 0xcd, 0x63, 0x5b,
    0xf2, 0x8, 0xe1, 0x0, 0x0, 0xba, 0xe, 0x70,
    0x0, 0x0, 0x10, 0x2f, 0x30, 0x0, 0x0, 0x0,
    0x4f, 0x10, 0x4, 0xff, 0xff, 0x3f, 0x30, 0x0,
    0x33, 0x7f, 0xf, 0x70, 0x0, 0x0, 0x4f, 0x9,
    0xe2, 0x0, 0x0, 0x7f, 0x0, 0xce, 0x85, 0x6b,
    0xfa, 0x0, 0x7, 0xdf, 0xeb, 0x40,

    /* U+0121 "ġ" */
    0x0, 0xf, 0x40, 0x0, 0x0, 0x72, 0x0, 0x0,
    0x0, 0x0, 0x0, 0x2c, 0xfd, 0x7e, 0xd, 0xa2,
    0x5f, 0xe4, 0xf0, 0x0, 0x8e, 0x7c, 0x0, 0x5,
    0xe7, 0xc0, 0x0, 0x5e, 0x4f, 0x0, 0x8, 0xe0,
    0xda, 0x25, 0xfd, 0x2, 0xcf, 0xc9, 0xd1, 0x40,
    0x0, 0x7b, 0x1f, 0x61, 0x4e, 0x60, 0x5d, 0xfe,
    0x70,

    /* U+0122 "Ģ" */
    0x0, 0x7, 0xdf, 0xeb, 0x30, 0x0, 0xcd, 0x63,
    0x5b, 0xf2, 0x8, 0xe1, 0x0, 0x0, 0xba, 0xe,
    0x70, 0x0, 0x0, 0x10, 0x2f, 0x30, 0x0, 0x0,
    0x0, 0x4f, 0x10, 0x4, 0xff, 0xff, 0x3f, 0x30,
    0x0, 0x33, 0x7f, 0xf, 0x70, 0x0, 0x0, 0x4f,
    0x9, 0xe2, 0x0, 0x0, 0x7f, 0x0, 0xce, 0x85,
    0x6b, 0xfa, 0x0, 0x7, 0xdf, 0xeb, 0x40, 0x0,
    0x0, 0xb, 0x80, 0x0, 0x0, 0x0, 0x6, 0x60,
    0x0, 0x0, 0x0, 0x3, 0x0, 0x0,

    /* U+0123 "ģ" */
    0x0, 0x0, 0x10, 0x0, 0x0, 0x92, 0x0, 0x0,
    0xf, 0x50, 0x0, 0x0, 0x21, 0x0, 0x0, 0x0,
    0x0, 0x0, 0x2c, 0xfd, 0x7e, 0xd, 0xa2, 0x5f,
    0xe4, 0xf0, 0x0, 0x8e, 0x7c, 0x0, 0x5, 0xe7,
    0xc0, 0x0, 0x5e, 0x4f, 0x0, 0x8, 0xe0, 0xda,
    0x25, 0xfd, 0x2, 0xcf, 0xc9, 0xd1, 0x40, 0x0,
    0x7b, 0x1f, 0x61, 0x4e, 0x60, 0x5d, 0xfe, 0x70,

    /* U+0124 "Ĥ" */
    0x0, 0xe, 0xe0, 0x0, 0x0, 0x9c, 0xb8, 0x0,
    0x0, 0x73, 0x27, 0x0, 0xe7, 0x0, 0x0, 0x5f,
    0xe7, 0x0, 0x0, 0x5f, 0xe7, 0x0, 0x0, 0x5f,
    0xe7, 0x0, 0x0, 0x5f, 0xe7, 0x0, 0x0, 0x5f,
    0xef, 0xff, 0xff, 0xff, 0xe9, 0x33, 0x33, 0x7f,
    0xe7, 0x0, 0x0, 0x5f, 0xe7, 0x0, 0x0, 0x5f,
    0xe7, 0x0, 0x0, 0x5f, 0xe7, 0x0, 0x0, 0x5f,

    /* U+0125 "ĥ" */
    0x0, 0xd, 0xe1, 0x0, 0x7, 0xda, 0x90, 0x0,
    0x73, 0x27, 0x1, 0xf2, 0x0, 0x0, 0x1f, 0x20,
    0x0, 0x1, 0xf2, 0x0, 0x0, 0x1f, 0x7d, 0xfb,
    0x11, 0xfe, 0x43, 0xda, 0x1f, 0x50, 0x7, 0xd1,
    0xf3, 0x0, 0x6d, 0x1f, 0x20, 0x6, 0xd1, 0xf2,
    0x0, 0x6d, 0x1f, 0x20, 0x6, 0xd1, 0xf2, 0x0,
    0x6d,

    /* U+0126 "Ħ" */
    0x0, 0xe7, 0x0, 0x0, 0x5f, 0x0, 0x0, 0xe7,
    0x0, 0x0, 0x5f, 0x0, 0xf, 0xff, 0xff, 0xff,
    0xff, 0xf1, 0x0, 0xe7, 0x0, 0x0, 0x5f, 0x0,
    0x0, 0xe7, 0x0, 0x0, 0x5f, 0x0, 0x0, 0xef,
    0xff, 0xff, 0xff, 0x0, 0x0, 0xe9, 0x33, 0x33,
    0x7f, 0x0, 0x0, 0xe7, 0x0, 0x0, 0x5f, 0x0,
    0x0, 0xe7, 0x0, 0x0, 0x5f, 0x0, 0x0, 0xe7,
    0x0, 0x0, 0x5f, 0x0, 0x0, 0xe7, 0x0, 0x0,
    0x5f, 0x0,

    /* U+0127 "ħ" */
    0x1f, 0x20, 0x0, 0xe, 0xff, 0xf7, 0x0, 0x3f,
    0x42, 0x10, 0x1, 0xf7, 0xdf, 0xb1, 0x1f, 0xe4,
    0x3d, 0xa1, 0xf5, 0x0, 0x7d, 0x1f, 0x30, 0x6,
    0xd1, 0xf2, 0x0, 0x6d, 0x1f, 0x20, 0x6, 0xd1,
    0xf2, 0x0, 0x6d, 0x1f, 0x20, 0x6, 0xd0,

    /* U+0128 "Ĩ" */
    0x2d, 0xff, 0xc1, 0x0, 0x0, 0x0, 0x0, 0xba,
    0x0, 0x0, 0xba, 0x0, 0x0, 0xba, 0x0, 0x0,
    0xba, 0x0, 0x0, 0xba, 0x0, 0x0, 0xba, 0x0,
    0x0, 0xba, 0x0, 0x0, 0xba, 0x0, 0x0, 0xba,
    0x0, 0x0, 0xba, 0x0, 0x0, 0xba, 0x0,

    /* U+0129 "ĩ" */
    0x3e, 0x83, 0xca, 0x48, 0xf6, 0x10, 0x0, 0x0,
    0x1f, 0x20, 0x1, 0xf2, 0x0, 0x1f, 0x20, 0x1,
    0xf2, 0x0, 0x1f, 0x20, 0x1, 0xf2, 0x0, 0x1f,
    0x20, 0x1, 0xf2, 0x0,

    /* U+012A "Ī" */
    0x3f, 0xff, 0xf0, 0x2, 0x22, 0x20, 0x0, 0xba,
    0x0, 0x0, 0xba, 0x0, 0x0, 0xba, 0x0, 0x0,
    0xba, 0x0, 0x0, 0xba, 0x0, 0x0, 0xba, 0x0,
    0x0, 0xba, 0x0, 0x0, 0xba, 0x0, 0x0, 0xba,
    0x0, 0x0, 0xba, 0x0, 0x0, 0xba, 0x0,

    /* U+012B "ī" */
    0x9f, 0xff, 0xb0, 0x11, 0x11, 0x0, 0x0, 0x0,
    0x1f, 0x20, 0x1, 0xf2, 0x0, 0x1f, 0x20, 0x1,
    0xf2, 0x0, 0x1f, 0x20, 0x1, 0xf2, 0x0, 0x1f,
    0x20, 0x1, 0xf2, 0x0,

    /* U+012C "Ĭ" */
    0x7, 0x1, 0x70, 0x6e, 0xd6, 0x0, 0x0, 0x0,
    0xb, 0xa0, 0x0, 0xba, 0x0, 0xb, 0xa0, 0x0,
    0xba, 0x0, 0xb, 0xa0, 0x0, 0xba, 0x0, 0xb,
    0xa0, 0x0, 0xba, 0x0, 0xb, 0xa0, 0x0, 0xba,
    0x0, 0xb, 0xa0,

    /* U+012D "ĭ" */
    0x59, 0x8, 0x60, 0xae, 0xa0, 0x0, 0x0, 0x0,
    0x1f, 0x20, 0x1, 0xf2, 0x0, 0x1f, 0x20, 0x1,
    0xf2, 0x0, 0x1f, 0x20, 0x1, 0xf2, 0x0, 0x1f,
    0x20, 0x1, 0xf2, 0x0,

    /* U+012E "Į" */
    0xba, 0x0, 0xba, 0x0, 0xba, 0x0, 0xba, 0x0,
    0xba, 0x0, 0xba, 0x0, 0xba, 0x0, 0xba, 0x0,
    0xba, 0x0, 0xba, 0x0, 0xba, 0x0, 0x93, 0x0,
    0xb5, 0x1, 0x5e, 0xd2,

    /* U+012F "į" */
    0x1f, 0x20, 0x8, 0x10, 0x0, 0x0, 0x1f, 0x20,
    0x1f, 0x20, 0x1f, 0x20, 0x1f, 0x20, 0x1f, 0x20,
    0x1f, 0x20, 0x1f, 0x20, 0x1f, 0x20, 0x2a, 0x0,
    0x5a, 0x0, 0x1d, 0xe1,

    /* U+0130 "İ" */
    0xb9, 0x54, 0xba, 0xba, 0xba, 0xba, 0xba, 0xba,
    0xba, 0xba, 0xba, 0xba, 0xba,

    /* U+0131 "ı" */
    0xa9, 0xa9, 0xa9, 0xa9, 0xa9, 0xa9, 0xa9, 0xa9,

    /* U+0132 "Ĳ" */
    0xba, 0x0, 0x0, 0xf, 0x6b, 0xa0, 0x0, 0x0,
    0xf6, 0xba, 0x0, 0x0, 0xf, 0x6b, 0xa0, 0x0,
    0x0, 0xf6, 0xba, 0x0, 0x0, 0xf, 0x6b, 0xa0,
    0x0, 0x0, 0xf6, 0xba, 0x0, 0x0, 0xf, 0x6b,
    0xa0, 0x30, 0x0, 0xf5, 0xba, 0xf, 0x20, 0xf,
    0x4b, 0xa0, 0xda, 0x27, 0xf0, 0xba, 0x2, 0xcf,
    0xd4, 0x0,

    /* U+0133 "ĳ" */
    0x1f, 0x20, 0xf4, 0x8, 0x10, 0x72, 0x0, 0x0,
    0x0, 0x1f, 0x20, 0xf4, 0x1f, 0x20, 0xf4, 0x1f,
    0x20, 0xf4, 0x1f, 0x20, 0xf4, 0x1f, 0x20, 0xf4,
    0x1f, 0x20, 0xf4, 0x1f, 0x20, 0xf4, 0x1f, 0x20,
    0xf4, 0x0, 0x0, 0xf4, 0x0, 0x14, 0xf2, 0x0,
    0x6f, 0xa0,

    /* U+0134 "Ĵ" */
    0x0, 0x0, 0xcf, 0x30, 0x0, 0x9, 0xc5, 0xe1,
    0x0, 0x0, 0x0, 0x0, 0x0, 0x0, 0x7e, 0x0,
    0x0, 0x0, 0x7e, 0x0, 0x0, 0x0, 0x7e, 0x0,
    0x0, 0x0, 0x7e, 0x0, 0x0, 0x0, 0x7e, 0x0,
    0x0, 0x0, 0x7e, 0x0, 0x0, 0x0, 0x7e, 0x0,
    0x33, 0x0, 0x7d, 0x0, 0x8b, 0x0, 0x8c, 0x0,
    0x4f, 0x76, 0xe8, 0x0, 0x8, 0xee, 0x90, 0x0,

    /* U+0135 "ĵ" */
    0x8, 0xf8, 0x4, 0xe3, 0xe4, 0x0, 0x0, 0x0,
    0x1f, 0x20, 0x1, 0xf2, 0x0, 0x1f, 0x20, 0x1,
    0xf2, 0x0, 0x1f, 0x20, 0x1, 0xf2, 0x0, 0x1f,
    0x20, 0x1, 0xf2, 0x0, 0x1f, 0x20, 0x16, 0xf0,
    0x7, 0xf8, 0x0,

    /* U+0136 "Ķ" */
    0xf5, 0x0, 0x2, 0xfa, 0xf, 0x50, 0x2, 0xeb,
    0x0, 0xf5, 0x1, 0xdb, 0x0, 0xf, 0x50, 0xcc,
    0x0, 0x0, 0xf6, 0xbf, 0x20, 0x0, 0xf, 0xed,
    0xe9, 0x0, 0x0, 0xfe, 0x15, 0xf4, 0x0, 0xf,
    0x60, 0xa, 0xe1, 0x0, 0xf5, 0x0, 0x1f, 0xa0,
    0xf, 0x50, 0x0, 0x6f, 0x40, 0xf5, 0x0, 0x0,
    0xce, 0x10, 0x0, 0x0, 0x0, 0x0, 0x0, 0xd,
    0x60, 0x0, 0x0, 0x0, 0x84, 0x0, 0x0, 0x0,
    0x4, 0x0, 0x0, 0x0,

    /* U+0137 "ķ" */
    0x1f, 0x20, 0x0, 0x1, 0xf2, 0x0, 0x0, 0x1f,
    0x20, 0x0, 0x1, 0xf2, 0x6, 0xf3, 0x1f, 0x24,
    0xf4, 0x1, 0xf5, 0xf5, 0x0, 0x1f, 0xff, 0x30,
    0x1, 0xf7, 0xac, 0x0, 0x1f, 0x21, 0xf6, 0x1,
    0xf2, 0x7, 0xf1, 0x1f, 0x20, 0xd, 0xa0, 0x0,
    0x0, 0x0, 0x0, 0xe, 0x60, 0x0, 0x0, 0x93,
    0x0, 0x0, 0x4, 0x0, 0x0,

    /* U+0138 "ĸ" */
    0x1f, 0x20, 0xbf, 0x1, 0xf2, 0x4d, 0x10, 0x1f,
    0x2c, 0x50, 0x1, 0xfe, 0xb0, 0x0, 0x1f, 0x3d,
    0x60, 0x1, 0xf2, 0x5f, 0x10, 0x1f, 0x20, 0xd7,
    0x1, 0xf2, 0x5, 0xe0,

    /* U+0139 "Ĺ" */
    0x1f, 0x60, 0x0, 0x8, 0xa0, 0x0, 0x0, 0x0,
    0x0, 0x0, 0xf, 0x60, 0x0, 0x0, 0xf6, 0x0,
    0x0, 0xf, 0x60, 0x0, 0x0, 0xf6, 0x0, 0x0,
    0xf, 0x60, 0x0, 0x0, 0xf6, 0x0, 0x0, 0xf,
    0x60, 0x0, 0x0, 0xf6, 0x0, 0x0, 0xf, 0x60,
    0x0, 0x0, 0xf8, 0x44, 0x44, 0x1f, 0xff, 0xff,
    0xf5,

    /* U+013A "ĺ" */
    0x9, 0xd0, 0x1e, 0x20, 0x0, 0x0, 0x1f, 0x20,
    0x1f, 0x20, 0x1f, 0x20, 0x1f, 0x20, 0x1f, 0x20,
    0x1f, 0x20, 0x1f, 0x20, 0x1f, 0x20, 0x1f, 0x20,
    0x1f, 0x20, 0x1f, 0x20,

    /* U+013B "Ļ" */
    0xf6, 0x0, 0x0, 0xf, 0x60, 0x0, 0x0, 0xf6,
    0x0, 0x0, 0xf, 0x60, 0x0, 0x0, 0xf6, 0x0,
    0x0, 0xf, 0x60, 0x0, 0x0, 0xf6, 0x0, 0x0,
    0xf, 0x60, 0x0, 0x0, 0xf6, 0x0, 0x0, 0xf,
    0x84, 0x44, 0x41, 0xff, 0xff, 0xff, 0x50, 0x0,
    0x0, 0x0, 0x0, 0x6e, 0x0, 0x0, 0x2, 0xb0,
    0x0, 0x0, 0x21, 0x0, 0x0,

    /* U+013C "ļ" */
    0x1f, 0x21, 0xf2, 0x1f, 0x21, 0xf2, 0x1f, 0x21,
    0xf2, 0x1f, 0x21, 0xf2, 0x1f, 0x21, 0xf2, 0x1f,
    0x20, 0x0, 0xf, 0x30, 0xb1, 0x3, 0x0,

    /* U+013D "Ľ" */
    0x1e, 0x4c, 0x80, 0x0, 0x0, 0x4f, 0xc0, 0x0,
    0x0, 0x0, 0x0, 0x0, 0x0, 0x0, 0xf, 0x60,
    0x0, 0x0, 0x0, 0xf6, 0x0, 0x0, 0x0, 0xf,
    0x60, 0x0, 0x0, 0x0, 0xf6, 0x0, 0x0, 0x0,
    0xf, 0x60, 0x0, 0x0, 0x0, 0xf6, 0x0, 0x0,
    0x0, 0xf, 0x60, 0x0, 0x0, 0x0, 0xf6, 0x0,
    0x0, 0x0, 0xf, 0x60, 0x0, 0x0, 0x0, 0xf8,
    0x44, 0x44, 0x10, 0xf, 0xff, 0xff, 0xf5,

    /* U+013E "ľ" */
    0x4f, 0x3e, 0x50, 0x7f, 0x90, 0x0, 0x0, 0x0,
    0x1f, 0x20, 0x1, 0xf2, 0x0, 0x1f, 0x20, 0x1,
    0xf2, 0x0, 0x1f, 0x20, 0x1, 0xf2, 0x0, 0x1f,
    0x20, 0x1, 0xf2, 0x0, 0x1f, 0x20, 0x1, 0xf2,
    0x0, 0x1f, 0x20,

    /* U+013F "Ŀ" */
    0xf6, 0x0, 0x0, 0xf, 0x60, 0x0, 0x0, 0xf6,
    0x0, 0x0, 0xf, 0x60, 0x0, 0x0, 0xf6, 0x0,
    0x0, 0xf, 0x60, 0xc8, 0x0, 0xf6, 0x6, 0x40,
    0xf, 0x60, 0x0, 0x0, 0xf6, 0x0, 0x0, 0xf,
    0x84, 0x44, 0x41, 0xff, 0xff, 0xff, 0x50,

    /* U+0140 "ŀ" */
    0x1f, 0x20, 0x1, 0xf2, 0x0, 0x1f, 0x20, 0x1,
    0xf2, 0x0, 0x1f, 0x20, 0x1, 0xf2, 0xe6, 0x1f,
    0x27, 0x31, 0xf2, 0x0, 0x1f, 0x20, 0x1, 0xf2,
    0x0, 0x1f, 0x20, 0x0,

    /* U+0141 "Ł" */
    0xf, 0x50, 0x0, 0x0, 0xf, 0x50, 0x0, 0x0,
    0xf, 0x50, 0x50, 0x0, 0xf, 0x6c, 0x60, 0x0,
    0xf, 0xf7, 0x0, 0x0, 0x2f, 0x70, 0x0, 0x0,
    0xdf, 0x50, 0x0, 0x0, 0x4f, 0x50, 0x0, 0x0,
    0xf, 0x50, 0x0, 0x0, 0xf, 0x84, 0x44, 0x41,
    0xf, 0xff, 0xff, 0xf4,

    /* U+0142 "ł" */
    0x1f, 0x20, 0x1f, 0x20, 0x1f, 0x20, 0x1f, 0x30,
    0x1f, 0xe0, 0x3f, 0x40, 0xef, 0x20, 0x3f, 0x20,
    0x1f, 0x20, 0x1f, 0x20, 0x1f, 0x20,

    /* U+0143 "Ń" */
    0x0, 0x2, 0xf4, 0x0, 0x0, 0x9, 0x90, 0x0,
    0x0, 0x0, 0x0, 0x0, 0xec, 0x0, 0x0, 0x4f,
    0xef, 0x60, 0x0, 0x4f, 0xed, 0xe1, 0x0, 0x4f,
    0xe6, 0xe9, 0x0, 0x4f, 0xe5, 0x5f, 0x30, 0x4f,
    0xe5, 0xb, 0xc0, 0x4f, 0xe5, 0x2, 0xf6, 0x4f,
    0xe5, 0x0, 0x7e, 0x5f, 0xe5, 0x0, 0xd, 0xdf,
    0xe5, 0x0, 0x4, 0xff, 0xe5, 0x0, 0x0, 0xaf,

    /* U+0144 "ń" */
    0x0, 0x5, 0xf2, 0x0, 0x0, 0xc5, 0x0, 0x0,
    0x0, 0x0, 0x0, 0xf6, 0xdf, 0xb1, 0xf, 0xc1,
    0xc, 0xa0, 0xf4, 0x0, 0x7d, 0xf, 0x30, 0x6,
    0xd0, 0xf3, 0x0, 0x6d, 0xf, 0x30, 0x6, 0xd0,
    0xf3, 0x0, 0x6d, 0xf, 0x30, 0x6, 0xd0,

    /* U+0145 "Ņ" */
    0xec, 0x0, 0x0, 0x4f, 0xef, 0x60, 0x0, 0x4f,
    0xed, 0xe1, 0x0, 0x4f, 0xe6, 0xe9, 0x0, 0x4f,
    0xe5, 0x5f, 0x30, 0x4f, 0xe5, 0xb, 0xc0, 0x4f,
    0xe5, 0x2, 0xf6, 0x4f, 0xe5, 0x0, 0x7e, 0x5f,
    0xe5, 0x0, 0xd, 0xdf, 0xe5, 0x0, 0x4, 0xff,
    0xe5, 0x0, 0x0, 0xaf, 0x0, 0x0, 0x0, 0x0,
    0x0, 0x8, 0xb0, 0x0, 0x0, 0x4, 0x90, 0x0,
    0x0, 0x3, 0x0, 0x0,

    /* U+0146 "ņ" */
    0xf, 0x6d, 0xfb, 0x10, 0xfc, 0x10, 0xca, 0xf,
    0x40, 0x7, 0xd0, 0xf3, 0x0, 0x6d, 0xf, 0x30,
    0x6, 0xd0, 0xf3, 0x0, 0x6d, 0xf, 0x30, 0x6,
    0xd0, 0xf3, 0x0, 0x6d, 0x0, 0x0, 0x0, 0x0,
    0x0, 0xc8, 0x0, 0x0, 0x7, 0x60, 0x0, 0x0,
    0x40, 0x0,

    /* U+0147 "Ň" */
    0x0, 0xb9, 0x8d, 0x0, 0x0, 0x1d, 0xe2, 0x0,
    0x0, 0x0, 0x0, 0x0, 0xec, 0x0, 0x0, 0x4f,
    0xef, 0x60, 0x0, 0x4f, 0xed, 0xe1, 0x0, 0x4f,
    0xe6, 0xe9, 0x0, 0x4f, 0xe5, 0x5f, 0x30, 0x4f,
    0xe5, 0xb, 0xc0, 0x4f, 0xe5, 0x2, 0xf6, 0x4f,
    0xe5, 0x0, 0x7e, 0x5f, 0xe5, 0x0, 0xd, 0xdf,
    0xe5, 0x0, 0x4, 0xff, 0xe5, 0x0, 0x0, 0xaf,

    /* U+0148 "ň" */
    0x0, 0xd7, 0xaa, 0x0, 0x2, 0xed, 0x0, 0x0,
    0x0, 0x0, 0x0, 0xf6, 0xdf, 0xb1, 0xf, 0xc1,
    0xc, 0xa0, 0xf4, 0x0, 0x7d, 0xf, 0x30, 0x6,
    0xd0, 0xf3, 0x0, 0x6d, 0xf, 0x30, 0x6, 0xd0,
    0xf3, 0x0, 0x6d, 0xf, 0x30, 0x6, 0xd0,

    /* U+0149 "ŉ" */
    0xe, 0x60, 0x0, 0x0, 0x0, 0xa5, 0x0, 0x0,
    0x0, 0x9, 0x20, 0x0, 0x0, 0x0, 0x21, 0xf5,
    0xdf, 0xa1, 0x0, 0x1f, 0xb1, 0x1d, 0x90, 0x1,
    0xf4, 0x0, 0x7c, 0x0, 0x1f, 0x20, 0x6, 0xd0,
    0x1, 0xf2, 0x0, 0x6d, 0x0, 0x1f, 0x20, 0x6,
    0xd0, 0x1, 0xf2, 0x0, 0x6d, 0x0, 0x1f, 0x20,
    0x6, 0xd0,

    /* U+014A "Ŋ" */
    0xd7, 0x7d, 0xfe, 0x70, 0xd, 0xea, 0x20, 0x5f,
    0x60, 0xdd, 0x0, 0x0, 0x7e, 0xd, 0x90, 0x0,
    0x2, 0xf3, 0xd7, 0x0, 0x0, 0xf, 0x5d, 0x70,
    0x0, 0x0, 0xf5, 0xd7, 0x0, 0x0, 0xf, 0x6d,
    0x70, 0x0, 0x0, 0xf6, 0xd7, 0x0, 0x0, 0xf,
    0x6d, 0x70, 0x0, 0x0, 0xf6, 0xd7, 0x0, 0x0,
    0xf, 0x50, 0x0, 0x0, 0x2, 0xf3, 0x0, 0x0,
    0x75, 0xcd, 0x0, 0x0, 0x2d, 0xfc, 0x20,

    /* U+014B "ŋ" */
    0xf, 0x6d, 0xfb, 0x10, 0xfc, 0x10, 0xca, 0xf,
    0x50, 0x7, 0xc0, 0xf3, 0x0, 0x6d, 0xf, 0x30,
    0x6, 0xd0, 0xf3, 0x0, 0x6d, 0xf, 0x30, 0x6,
    0xd0, 0xf3, 0x0, 0x6d, 0x0, 0x0, 0x6, 0xd0,
    0x0, 0x2, 0xab, 0x0, 0x0, 0xce, 0x40,

    /* U+014C "Ō" */
    0x0, 0xa, 0xff, 0xf8, 0x0, 0x0, 0x0, 0x12,
    0x22, 0x10, 0x0, 0x0, 0x19, 0xef, 0xd8, 0x0,
    0x0, 0x1d, 0xd6, 0x36, 0xec, 0x0, 0xa, 0xd0,
    0x0, 0x1, 0xe8, 0x1, 0xf5, 0x0, 0x0, 0x7,
    0xf0, 0x4f, 0x10, 0x0, 0x0, 0x4f, 0x25, 0xf0,
    0x0, 0x0, 0x2, 0xf3, 0x4f, 0x20, 0x0, 0x0,
    0x4f, 0x21, 0xf6, 0x0, 0x0, 0x8, 0xf0, 0xa,
    0xe0, 0x0, 0x1, 0xf8, 0x0, 0x1d, 0xd5, 0x36,
    0xec, 0x0, 0x0, 0x19, 0xef, 0xd8, 0x0, 0x0,

    /* U+014D "ō" */
    0x4, 0xff, 0xff, 0x0, 0x0, 0x11, 0x11, 0x0,
    0x0, 0x0, 0x0, 0x0, 0x1, 0xae, 0xe9, 0x0,
    0xd, 0xb2, 0x3d, 0x90, 0x4f, 0x10, 0x4, 0xf1,
    0x7c, 0x0, 0x0, 0xf3, 0x7c, 0x0, 0x0, 0xf4,
    0x5f, 0x10, 0x4, 0xf1, 0xd, 0xb2, 0x3d, 0xa0,
    0x1, 0xae, 0xe8, 0x0,

    /* U+014E "Ŏ" */
    0x0, 0x7, 0x80, 0xa5, 0x0, 0x0, 0x0, 0xb,
    0xe9, 0x0, 0x0, 0x0, 0x0, 0x0, 0x0, 0x0,
    0x0, 0x1, 0x9e, 0xfd, 0x80, 0x0, 0x1, 0xdd,
    0x63, 0x6e, 0xc0, 0x0, 0xad, 0x0, 0x0, 0x1e,
    0x80, 0x1f, 0x50, 0x0, 0x0, 0x7f, 0x4, 0xf1,
    0x0, 0x0, 0x4, 0xf2, 0x5f, 0x0, 0x0, 0x0,
    0x2f, 0x34, 0xf2, 0x0, 0x0, 0x4, 0xf2, 0x1f,
    0x60, 0x0, 0x0, 0x8f, 0x0, 0xae, 0x0, 0x0,
    0x1f, 0x80, 0x1, 0xdd, 0x53, 0x6e, 0xc0, 0x0,
    0x1, 0x9e, 0xfd, 0x80, 0x0,

    /* U+014F "ŏ" */
    0x0, 0xe1, 0x3c, 0x0, 0x0, 0x5d, 0xd3, 0x0,
    0x0, 0x0, 0x0, 0x0, 0x1, 0xae, 0xe9, 0x0,
    0xd, 0xb2, 0x3d, 0x90, 0x4f, 0x10, 0x4, 0xf1,
    0x7c, 0x0, 0x0, 0xf3, 0x7c, 0x0, 0x0, 0xf4,
    0x5f, 0x10, 0x4, 0xf1, 0xd, 0xb2, 0x3d, 0xa0,
    0x1, 0xae, 0xe8, 0x0,

    /* U+0150 "Ő" */
    0x0, 0x0, 0xe8, 0x9d, 0x0, 0x0, 0x0, 0x5c,
    0x1e, 0x20, 0x0, 0x0, 0x0, 0x0, 0x0, 0x0,
    0x0, 0x1, 0x9e, 0xfd, 0x80, 0x0, 0x1, 0xdd,
    0x63, 0x6e, 0xc0, 0x0, 0xad, 0x0, 0x0, 0x1e,
    0x80, 0x1f, 0x50, 0x0, 0x0, 0x7f, 0x4, 0xf1,
    0x0, 0x0, 0x4, 0xf2, 0x5f, 0x0, 0x0, 0x0,
    0x2f, 0x34, 0xf2, 0x0, 0x0, 0x4, 0xf2, 0x1f,
    0x60, 0x0, 0x0, 0x8f, 0x0, 0xae, 0x0, 0x0,
    0x1f, 0x80, 0x1, 0xdd, 0x53, 0x6e, 0xc0, 0x0,
    0x1, 0x9e, 0xfd, 0x80, 0x0,

    /* U+0151 "ő" */
    0x0, 0x8e, 0x4f, 0x40, 0x0, 0xe3, 0xa8, 0x0,
    0x0, 0x0, 0x0, 0x0, 0x1, 0xae, 0xe9, 0x0,
    0xd, 0xb2, 0x3d, 0x90, 0x4f, 0x10, 0x4, 0xf1,
    0x7c, 0x0, 0x0, 0xf3, 0x7c, 0x0, 0x0, 0xf4,
    0x5f, 0x10, 0x4, 0xf1, 0xd, 0xb2, 0x3d, 0xa0,
    0x1, 0xae, 0xe8, 0x0,

    /* U+0152 "Œ" */
    0x0, 0x2b, 0xfe, 0x85, 0xff, 0xff, 0xf5, 0x2,
    0xeb, 0x34, 0xcd, 0xf7, 0x77, 0x72, 0x9, 0xd0,
    0x0, 0x1f, 0xe0, 0x0, 0x0, 0xe, 0x70, 0x0,
    0xa, 0xe0, 0x0, 0x0, 0x1f, 0x50, 0x0, 0x7,
    0xe0, 0x0, 0x0, 0x1f, 0x40, 0x0, 0x6, 0xff,
    0xff, 0xf0, 0x1f, 0x50, 0x0, 0x7, 0xe3, 0x33,
    0x30, 0xe, 0x70, 0x0, 0x9, 0xe0, 0x0, 0x0,
    0x9, 0xd0, 0x0, 0xe, 0xe0, 0x0, 0x0, 0x1,
    0xe8, 0x1, 0xad, 0xe4, 0x44, 0x42, 0x0, 0x2b,
    0xfe, 0x95, 0xff, 0xff, 0xf8,

    /* U+0153 "œ" */
    0x1, 0xaf, 0xe9, 0x6, 0xdf, 0xb2, 0x0, 0xcc,
    0x33, 0xdd, 0xf5, 0x27, 0xf1, 0x3f, 0x10, 0x3,
    0xf7, 0x0, 0xc, 0x76, 0xd0, 0x0, 0xf, 0xff,
    0xff, 0xf9, 0x6d, 0x0, 0x0, 0xf7, 0x22, 0x22,
    0x14, 0xf1, 0x0, 0x4f, 0x90, 0x0, 0x94, 0xc,
    0xb3, 0x4d, 0xcf, 0x62, 0x7f, 0x20, 0x1a, 0xfe,
    0x80, 0x6d, 0xfc, 0x40,

    /* U+0154 "Ŕ" */
    0x0, 0x6, 0xe1, 0x0, 0x0, 0x0, 0xd5, 0x0,
    0x0, 0x0, 0x0, 0x0, 0x0, 0xe, 0xff, 0xff,
    0xfb, 0x10, 0xe8, 0x33, 0x35, 0xeb, 0xe, 0x70,
    0x0, 0x5, 0xf0, 0xe7, 0x0, 0x0, 0x5f, 0xe,
    0x70, 0x0, 0x3d, 0xc0, 0xef, 0xff, 0xff, 0xa1,
    0xe, 0x93, 0x4b, 0xc1, 0x0, 0xe7, 0x0, 0xd,
    0xc0, 0xe, 0x70, 0x0, 0x3f, 0x70, 0xe7, 0x0,
    0x0, 0x9f, 0x1e, 0x70, 0x0, 0x1, 0xea,

    /* U+0155 "ŕ" */
    0x0, 0xad, 0x0, 0x1e, 0x20, 0x0, 0x0, 0x1,
    0xf7, 0xf9, 0x1f, 0xc3, 0x31, 0xf4, 0x0, 0x1f,
    0x20, 0x1, 0xf2, 0x0, 0x1f, 0x20, 0x1, 0xf2,
    0x0, 0x1f, 0x20, 0x0,

    /* U+0156 "Ŗ" */
    0xef, 0xff, 0xff, 0xb1, 0xe, 0x83, 0x33, 0x5e,
    0xb0, 0xe7, 0x0, 0x0, 0x5f, 0xe, 0x70, 0x0,
    0x5, 0xf0, 0xe7, 0x0, 0x3, 0xdc, 0xe, 0xff,
    0xff, 0xfa, 0x10, 0xe9, 0x34, 0xbc, 0x10, 0xe,
    0x70, 0x0, 0xdc, 0x0, 0xe7, 0x0, 0x3, 0xf7,
    0xe, 0x70, 0x0, 0x9, 0xf1, 0xe7, 0x0, 0x0,
    0x1e, 0xa0, 0x0, 0x0, 0x0, 0x0, 0x0, 0x5,
    0xe0, 0x0, 0x0, 0x0, 0x2b, 0x0, 0x0, 0x0,
    0x2, 0x10, 0x0, 0x0,

    /* U+0157 "ŗ" */
    0x1f, 0x7f, 0x91, 0xfc, 0x33, 0x1f, 0x40, 0x1,
    0xf2, 0x0, 0x1f, 0x20, 0x1, 0xf2, 0x0, 0x1f,
    0x20, 0x1, 0xf2, 0x0, 0x0, 0x0, 0x1, 0xf2,
    0x0, 0xb, 0x10, 0x0, 0x30, 0x0,

    /* U+0158 "Ř" */
    0x1, 0xe5, 0xc9, 0x0, 0x0, 0x3, 0xfc, 0x0,
    0x0, 0x0, 0x0, 0x0, 0x0, 0xe, 0xff, 0xff,
    0xfb, 0x10, 0xe8, 0x33, 0x35, 0xeb, 0xe, 0x70,
    0x0, 0x5, 0xf0, 0xe7, 0x0, 0x0, 0x5f, 0xe,
    0x70, 0x0, 0x3d, 0xc0, 0xef, 0xff, 0xff, 0xa1,
    0xe, 0x93, 0x4b, 0xc1, 0x0, 0xe7, 0x0, 0xd,
    0xc0, 0xe, 0x70, 0x0, 0x3f, 0x70, 0xe7, 0x0,
    0x0, 0x9f, 0x1e, 0x70, 0x0, 0x1, 0xea,

    /* U+0159 "ř" */
    0x3f, 0x3e, 0x50, 0x6e, 0x90, 0x0, 0x0, 0x1,
    0xf7, 0xf9, 0x1f, 0xc3, 0x31, 0xf4, 0x0, 0x1f,
    0x20, 0x1, 0xf2, 0x0, 0x1f, 0x20, 0x1, 0xf2,
    0x0, 0x1f, 0x20, 0x0,

    /* U+015A "Ś" */
    0x0, 0x0, 0x7e, 0x10, 0x0, 0x0, 0xe, 0x40,
    0x0, 0x0, 0x0, 0x0, 0x0, 0x0, 0x7, 0xdf,
    0xd8, 0x0, 0x8, 0xe7, 0x46, 0xeb, 0x0, 0xe6,
    0x0, 0x3, 0xf2, 0xd, 0x80, 0x0, 0x4, 0x0,
    0x6f, 0xc7, 0x30, 0x0, 0x0, 0x3a, 0xef, 0xe5,
    0x0, 0x0, 0x0, 0x3a, 0xf4, 0x3a, 0x0, 0x0,
    0xc, 0x82, 0xf5, 0x0, 0x0, 0xd8, 0x9, 0xf9,
    0x56, 0xbf, 0x20, 0x7, 0xdf, 0xea, 0x20,

    /* U+015B "ś" */
    0x0, 0xb, 0xb0, 0x0, 0x2, 0xe1, 0x0, 0x0,
    0x0, 0x0, 0x0, 0x6e, 0xfc, 0x40, 0x3f, 0x42,
    0x8f, 0x5, 0xe2, 0x0, 0x40, 0xc, 0xfd, 0x82,
    0x0, 0x4, 0x8d, 0xf2, 0x47, 0x0, 0xe, 0x63,
    0xf5, 0x25, 0xf3, 0x6, 0xdf, 0xd5, 0x0,

    /* U+015C "Ŝ" */
    0x0, 0x6, 0xfa, 0x0, 0x0, 0x3, 0xf3, 0xe6,
    0x0, 0x0, 0x0, 0x0, 0x0, 0x0, 0x7, 0xdf,
    0xd8, 0x0, 0x8, 0xe7, 0x46, 0xeb, 0x0, 0xe6,
    0x0, 0x3, 0xf2, 0xd, 0x80, 0x0, 0x4, 0x0,
    0x6f, 0xc7, 0x30, 0x0, 0x0, 0x3a, 0xef, 0xe5,
    0x0, 0x0, 0x0, 0x3a, 0xf4, 0x3a, 0x0, 0x0,
    0xc, 0x82, 0xf5, 0x0, 0x0, 0xd8, 0x9, 0xf9,
    0x56, 0xbf, 0x20, 0x7, 0xdf, 0xea, 0x20,

    /* U+015D "ŝ" */
    0x0, 0xaf, 0x50, 0x0, 0x6e, 0x4f, 0x20, 0x0,
    0x0, 0x10, 0x0, 0x6e, 0xfc, 0x40, 0x3f, 0x42,
    0x8f, 0x5, 0xe2, 0x0, 0x40, 0xc, 0xfd, 0x82,
    0x0, 0x4, 0x8d, 0xf2, 0x47, 0x0, 0xe, 0x63,
    0xf5, 0x25, 0xf3, 0x6, 0xdf, 0xd5, 0x0,

    /* U+015E "Ş" */
    0x0, 0x7d, 0xfd, 0x80, 0x0, 0x8e, 0x74, 0x6e,
    0xb0, 0xe, 0x60, 0x0, 0x3f, 0x20, 0xd8, 0x0,
    0x0, 0x40, 0x6, 0xfc, 0x73, 0x0, 0x0, 0x3,
    0xae, 0xfe, 0x50, 0x0, 0x0, 0x3, 0xaf, 0x43,
    0xa0, 0x0, 0x0, 0xc8, 0x2f, 0x50, 0x0, 0xd,
    0x80, 0x9f, 0x95, 0x6b, 0xf2, 0x0, 0x7d, 0xfe,
    0xa2, 0x0, 0x0, 0xc, 0x80, 0x0, 0x0, 0x0,
    0x76, 0x0, 0x0, 0x0, 0x4, 0x0, 0x0,

    /* U+015F "ş" */
    0x6, 0xef, 0xc4, 0x3, 0xf4, 0x28, 0xf0, 0x5e,
    0x20, 0x4, 0x0, 0xcf, 0xd8, 0x20, 0x0, 0x48,
    0xdf, 0x24, 0x70, 0x0, 0xe6, 0x3f, 0x52, 0x5f,
    0x30, 0x6d, 0xfd, 0x50, 0x0, 0x2f, 0x20, 0x0,
    0x0, 0xb0, 0x0, 0x0, 0x3, 0x0, 0x0,

    /* U+0160 "Š" */
    0x0, 0x3f, 0x3e, 0x60, 0x0, 0x0, 0x6f, 0xa0,
    0x0, 0x0, 0x0, 0x0, 0x0, 0x0, 0x7, 0xdf,
    0xd8, 0x0, 0x8, 0xe7, 0x46, 0xeb, 0x0, 0xe6,
    0x0, 0x3, 0xf2, 0xd, 0x80, 0x0, 0x4, 0x0,
    0x6f, 0xc7, 0x30, 0x0, 0x0, 0x3a, 0xef, 0xe5,
    0x0, 0x0, 0x0, 0x3a, 0xf4, 0x3a, 0x0, 0x0,
    0xc, 0x82, 0xf5, 0x0, 0x0, 0xd8, 0x9, 0xf9,
    0x56, 0xbf, 0x20, 0x7, 0xdf, 0xea, 0x20,

    /* U+0161 "š" */
    0x6, 0xe3, 0xf3, 0x0, 0xa, 0xf7, 0x0, 0x0,
    0x1, 0x0, 0x0, 0x6e, 0xfc, 0x40, 0x3f, 0x42,
    0x8f, 0x5, 0xe2, 0x0, 0x40, 0xc, 0xfd, 0x82,
    0x0, 0x4, 0x8d, 0xf2, 0x47, 0x0, 0xe, 0x63,
    0xf5, 0x25, 0xf3, 0x6, 0xdf, 0xd5, 0x0,

    /* U+0162 "Ţ" */
    0xbf, 0xff, 0xff, 0xff, 0x43, 0x44, 0x9f, 0x44,
    0x41, 0x0, 0x6, 0xe0, 0x0, 0x0, 0x0, 0x6e,
    0x0, 0x0, 0x0, 0x6, 0xe0, 0x0, 0x0, 0x0,
    0x6e, 0x0, 0x0, 0x0, 0x6, 0xe0, 0x0, 0x0,
    0x0, 0x6e, 0x0, 0x0, 0x0, 0x6, 0xe0, 0x0,
    0x0, 0x0, 0x6e, 0x0, 0x0, 0x0, 0x6, 0xe0,
    0x0, 0x0, 0x0, 0x0, 0x0, 0x0, 0x0, 0x6,
    0xd0, 0x0, 0x0, 0x0, 0x2a, 0x0, 0x0, 0x0,
    0x2, 0x10, 0x0, 0x0,

    /* U+0163 "ţ" */
    0x3, 0x30, 0xd, 0x50, 0xd, 0x50, 0xcf, 0xf9,
    0xd, 0x50, 0xd, 0x50, 0xd, 0x50, 0xd, 0x50,
    0xd, 0x50, 0xd, 0x92, 0x6, 0xfa, 0x0, 0x0,
    0x6, 0xe0, 0x2, 0xa0, 0x2, 0x10,

    /* U+0164 "Ť" */
    0x0, 0x8c, 0x5e, 0x10, 0x0, 0x0, 0xbf, 0x40,
    0x0, 0x0, 0x0, 0x0, 0x0, 0xb, 0xff, 0xff,
    0xff, 0xf4, 0x34, 0x49, 0xf4, 0x44, 0x10, 0x0,
    0x6e, 0x0, 0x0, 0x0, 0x6, 0xe0, 0x0, 0x0,
    0x0, 0x6e, 0x0, 0x0, 0x0, 0x6, 0xe0, 0x0,
    0x0, 0x0, 0x6e, 0x0, 0x0, 0x0, 0x6, 0xe0,
    0x0, 0x0, 0x0, 0x6e, 0x0, 0x0, 0x0, 0x6,
    0xe0, 0x0, 0x0, 0x0, 0x6e, 0x0, 0x0,

    /* U+0165 "ť" */
    0x3, 0x30, 0xab, 0xd, 0x50, 0x5a, 0xd, 0x50,
    0x47, 0xcf, 0xf9, 0x40, 0xd, 0x50, 0x0, 0xd,
    0x50, 0x0, 0xd, 0x50, 0x0, 0xd, 0x50, 0x0,
    0xd, 0x50, 0x0, 0xd, 0x92, 0x0, 0x6, 0xfa,
    0x0,

    /* U+0166 "Ŧ" */
    0xbf, 0xff, 0xff, 0xff, 0x43, 0x44, 0x9f, 0x44,
    0x41, 0x0, 0x6, 0xe0, 0x0, 0x0, 0x0, 0x6e,
    0x0, 0x0, 0xb, 0xff, 0xff, 0xf4, 0x0, 0x0,
    0x6e, 0x0, 0x0, 0x0, 0x6, 0xe0, 0x0, 0x0,
    0x0, 0x6e, 0x0, 0x0, 0x0, 0x6, 0xe0, 0x0,
    0x0, 0x0, 0x6e, 0x0, 0x0, 0x0, 0x6, 0xe0,
    0x0, 0x0,

    /* U+0167 "ŧ" */
    0x3, 0x30, 0xd, 0x50, 0xd, 0x50, 0xcf, 0xf9,
    0xd, 0x50, 0xd, 0x50, 0xbf, 0xf9, 0x1e, 0x71,
    0xd, 0x50, 0xd, 0x92, 0x6, 0xfa,

    /* U+0168 "Ũ" */
    0x0, 0xad, 0x49, 0x50, 0x1, 0xc2, 0xcd, 0x10,
    0x0, 0x0, 0x0, 0x0, 0xe7, 0x0, 0x0, 0x5f,
    0xe7, 0x0, 0x0, 0x5f, 0xe7, 0x0, 0x0, 0x5f,
    0xe7, 0x0, 0x0, 0x5f, 0xe7, 0x0, 0x0, 0x5f,
    0xe7, 0x0, 0x0, 0x5f, 0xe7, 0x0, 0x0, 0x5f,
    0xd8, 0x0, 0x0, 0x6e, 0xac, 0x0, 0x0, 0xbb,
    0x3f, 0xb5, 0x5a, 0xf4, 0x4, 0xcf, 0xfc, 0x40,

    /* U+0169 "ũ" */
    0x0, 0xcc, 0x2c, 0x20, 0x49, 0x3d, 0xb0, 0x0,
    0x0, 0x0, 0x1, 0xf2, 0x0, 0x6d, 0x1f, 0x20,
    0x6, 0xd1, 0xf2, 0x0, 0x6d, 0x1f, 0x20, 0x6,
    0xd1, 0xf2, 0x0, 0x6d, 0xf, 0x30, 0x8, 0xd0,
    0xd9, 0x3, 0xed, 0x3, 0xdf, 0xc6, 0xd0,

    /* U+016A "Ū" */
    0x1, 0xff, 0xff, 0x20, 0x0, 0x22, 0x22, 0x0,
    0xe7, 0x0, 0x0, 0x5f, 0xe7, 0x0, 0x0, 0x5f,
    0xe7, 0x0, 0x0, 0x5f, 0xe7, 0x0, 0x0, 0x5f,
    0xe7, 0x0, 0x0, 0x5f, 0xe7, 0x0, 0x0, 0x5f,
    0xe7, 0x0, 0x0, 0x5f, 0xd8, 0x0, 0x0, 0x6e,
    0xac, 0x0, 0x0, 0xbb, 0x3f, 0xb5, 0x5a, 0xf4,
    0x4, 0xcf, 0xfc, 0x40,

    /* U+016B "ū" */
    0x4, 0xff, 0xff, 0x0, 0x1, 0x11, 0x10, 0x0,
    0x0, 0x0, 0x1, 0xf2, 0x0, 0x6d, 0x1f, 0x20,
    0x6, 0xd1, 0xf2, 0x0, 0x6d, 0x1f, 0x20, 0x6,
    0xd1, 0xf2, 0x0, 0x6d, 0xf, 0x30, 0x8, 0xd0,
    0xd9, 0x3, 0xed, 0x3, 0xdf, 0xc6, 0xd0,

    /* U+016C "Ŭ" */
    0x0, 0xe1, 0x2d, 0x0, 0x0, 0x4d, 0xd4, 0x0,
    0x0, 0x0, 0x0, 0x0, 0xe7, 0x0, 0x0, 0x5f,
    0xe7, 0x0, 0x0, 0x5f, 0xe7, 0x0, 0x0, 0x5f,
    0xe7, 0x0, 0x0, 0x5f, 0xe7, 0x0, 0x0, 0x5f,
    0xe7, 0x0, 0x0, 0x5f, 0xe7, 0x0, 0x0, 0x5f,
    0xd8, 0x0, 0x0, 0x6e, 0xac, 0x0, 0x0, 0xbb,
    0x3f, 0xb5, 0x5a, 0xf4, 0x4, 0xcf, 0xfc, 0x40,

    /* U+016D "ŭ" */
    0x0, 0xe1, 0x3c, 0x0, 0x5, 0xdd, 0x30, 0x0,
    0x0, 0x0, 0x1, 0xf2, 0x0, 0x6d, 0x1f, 0x20,
    0x6, 0xd1, 0xf2, 0x0, 0x6d, 0x1f, 0x20, 0x6,
    0xd1, 0xf2, 0x0, 0x6d, 0xf, 0x30, 0x8, 0xd0,
    0xd9, 0x3, 0xed, 0x3, 0xdf, 0xc6, 0xd0,

    /* U+016E "Ů" */
    0x0, 0x8, 0x80, 0x0, 0x0, 0x35, 0x62, 0x0,
    0x0, 0x8, 0x80, 0x0, 0x0, 0x0, 0x0, 0x0,
    0xe7, 0x0, 0x0, 0x5f, 0xe7, 0x0, 0x0, 0x5f,
    0xe7, 0x0, 0x0, 0x5f, 0xe7, 0x0, 0x0, 0x5f,
    0xe7, 0x0, 0x0, 0x5f, 0xe7, 0x0, 0x0, 0x5f,
    0xe7, 0x0, 0x0, 0x5f, 0xd8, 0x0, 0x0, 0x6e,
    0xac, 0x0, 0x0, 0xbb, 0x3f, 0xb5, 0x5a, 0xf4,
    0x4, 0xcf, 0xfc, 0x40,

    /* U+016F "ů" */
    0x0, 0x1a, 0x90, 0x0, 0x5, 0x38, 0x0, 0x0,
    0x8, 0x70, 0x1, 0xf2, 0x0, 0x6d, 0x1f, 0x20,
    0x6, 0xd1, 0xf2, 0x0, 0x6d, 0x1f, 0x20, 0x6,
    0xd1, 0xf2, 0x0, 0x6d, 0xf, 0x30, 0x8, 0xd0,
    0xd9, 0x3, 0xed, 0x3, 0xdf, 0xc6, 0xd0,

    /* U+0170 "Ű" */
    0x0, 0x5f, 0x3f, 0x70, 0x0, 0xc6, 0x7b, 0x0,
    0x0, 0x0, 0x0, 0x0, 0xe7, 0x0, 0x0, 0x5f,
    0xe7, 0x0, 0x0, 0x5f, 0xe7, 0x0, 0x0, 0x5f,
    0xe7, 0x0, 0x0, 0x5f, 0xe7, 0x0, 0x0, 0x5f,
    0xe7, 0x0, 0x0, 0x5f, 0xe7, 0x0, 0x0, 0x5f,
    0xd8, 0x0, 0x0, 0x6e, 0xac, 0x0, 0x0, 0xbb,
    0x3f, 0xb5, 0x5a, 0xf4, 0x4, 0xcf, 0xfc, 0x40,

    /* U+0171 "ű" */
    0x0, 0x9d, 0x4f, 0x30, 0x1e, 0x2b, 0x70, 0x0,
    0x0, 0x0, 0x1, 0xf2, 0x0, 0x6d, 0x1f, 0x20,
    0x6, 0xd1, 0xf2, 0x0, 0x6d, 0x1f, 0x20, 0x6,
    0xd1, 0xf2, 0x0, 0x6d, 0xf, 0x30, 0x8, 0xd0,
    0xd9, 0x3, 0xed, 0x3, 0xdf, 0xc6, 0xd0,

    /* U+0172 "Ų" */
    0xe7, 0x0, 0x0, 0x5f, 0xe7, 0x0, 0x0, 0x5f,
    0xe7, 0x0, 0x0, 0x5f, 0xe7, 0x0, 0x0, 0x5f,
    0xe7, 0x0, 0x0, 0x5f, 0xe7, 0x0, 0x0, 0x5f,
    0xd7, 0x0, 0x0, 0x5f, 0xc8, 0x0, 0x0, 0x6e,
    0xac, 0x0, 0x0, 0xbb, 0x3f, 0xb5, 0x5a, 0xf4,
    0x4, 0xcf, 0xfd, 0x50, 0x0, 0xa, 0x20, 0x0,
    0x0, 0xb, 0x41, 0x0, 0x0, 0x5, 0xfd, 0x20,

    /* U+0173 "ų" */
    0x1f, 0x20, 0x6, 0xd0, 0x1f, 0x20, 0x6, 0xd0,
    0x1f, 0x20, 0x6, 0xd0, 0x1f, 0x20, 0x6, 0xd0,
    0x1f, 0x20, 0x7, 0xd0, 0xf, 0x30, 0x9, 0xd0,
    0xd, 0xb3, 0x6e, 0xd0, 0x3, 0xdf, 0xb6, 0xd0,
    0x0, 0x0, 0x8, 0x40, 0x0, 0x0, 0xb, 0x41,
    0x0, 0x0, 0x5, 0xfa,

    /* U+0174 "Ŵ" */
    0x0, 0x0, 0x7, 0xf9, 0x0, 0x0, 0x0, 0x0,
    0x0, 0x3f, 0x3e, 0x50, 0x0, 0x0, 0x0, 0x0,
    0x0, 0x0, 0x0, 0x0, 0x0, 0xba, 0x0, 0x4,
    0xf9, 0x0, 0x6, 0xe0, 0x7d, 0x0, 0x8, 0xed,
    0x0, 0x9, 0xa0, 0x3f, 0x10, 0xd, 0x7f, 0x10,
    0xd, 0x60, 0xf, 0x40, 0x1f, 0x1d, 0x50, 0xf,
    0x20, 0xb, 0x80, 0x5d, 0x9, 0x90, 0x4e, 0x0,
    0x7, 0xb0, 0x99, 0x5, 0xd0, 0x7a, 0x0, 0x4,
    0xe0, 0xd5, 0x1, 0xf1, 0xb6, 0x0, 0x0, 0xf4,
    0xf1, 0x0, 0xd4, 0xe2, 0x0, 0x0, 0xca, 0xd0,
    0x0, 0x9a, 0xe0, 0x0, 0x0, 0x8f, 0x90, 0x0,
    0x5f, 0xa0, 0x0, 0x0, 0x4f, 0x50, 0x0, 0x1f,
    0x60, 0x0,

    /* U+0175 "ŵ" */
    0x0, 0x1, 0xee, 0x20, 0x0, 0x0, 0x0, 0xb9,
    0x7c, 0x0, 0x0, 0x0, 0x0, 0x0, 0x0, 0x0,
    0xc, 0x70, 0xa, 0xd0, 0x4, 0xe0, 0x8b, 0x0,
    0xef, 0x10, 0x99, 0x3, 0xf0, 0x2e, 0xd4, 0xd,
    0x50, 0xf, 0x36, 0xa9, 0x81, 0xf0, 0x0, 0xa7,
    0xa6, 0x6c, 0x5c, 0x0, 0x6, 0xbe, 0x22, 0xfa,
    0x70, 0x0, 0x1f, 0xe0, 0xe, 0xf3, 0x0, 0x0,
    0xdb, 0x0, 0xae, 0x0, 0x0,

    /* U+0176 "Ŷ" */
    0x0, 0x6, 0xfa, 0x0, 0x0, 0x0, 0x2f, 0x4d,
    0x60, 0x0, 0x0, 0x0, 0x0, 0x0, 0x0, 0xae,
    0x10, 0x0, 0x9, 0xe0, 0x1e, 0x90, 0x0, 0x3f,
    0x40, 0x6, 0xf3, 0x0, 0xca, 0x0, 0x0, 0xcc,
    0x6, 0xf1, 0x0, 0x0, 0x3f, 0x6e, 0x60, 0x0,
    0x0, 0x9, 0xfc, 0x0, 0x0, 0x0, 0x1, 0xf4,
    0x0, 0x0, 0x0, 0x1, 0xf4, 0x0, 0x0, 0x0,
    0x1, 0xf4, 0x0, 0x0, 0x0, 0x1, 0xf4, 0x0,
    0x0, 0x0, 0x1, 0xf4, 0x0, 0x0,

    /* U+0177 "ŷ" */
    0x0, 0x6f, 0xa0, 0x0, 0x2e, 0x3d, 0x60, 0x0,
    0x0, 0x0, 0x9, 0xb0, 0x0, 0x8b, 0x4f, 0x10,
    0xd, 0x50, 0xe6, 0x3, 0xf0, 0x8, 0xb0, 0x8a,
    0x0, 0x3f, 0x1e, 0x50, 0x0, 0xd8, 0xf0, 0x0,
    0x7, 0xf9, 0x0, 0x0, 0x2f, 0x40, 0x0, 0x3,
    0xe0, 0x0, 0x15, 0xc8, 0x0, 0x2, 0xfb, 0x0,
    0x0,

    /* U+0178 "Ÿ" */
    0x0, 0x18, 0x5, 0x40, 0x0, 0x0, 0x3f, 0xb,
    0x90, 0x0, 0x0, 0x0, 0x0, 0x0, 0x0, 0xae,
    0x10, 0x0, 0x9, 0xe0, 0x1e, 0x90, 0x0, 0x3f,
    0x40, 0x6, 0xf3, 0x0, 0xca, 0x0, 0x0, 0xcc,
    0x6, 0xf1, 0x0, 0x0, 0x3f, 0x6e, 0x60, 0x0,
    0x0, 0x9, 0xfc, 0x0, 0x0, 0x0, 0x1, 0xf4,
    0x0, 0x0, 0x0, 0x1, 0xf4, 0x0, 0x0, 0x0,
    0x1, 0xf4, 0x0, 0x0, 0x0, 0x1, 0xf4, 0x0,
    0x0, 0x0, 0x1, 0xf4, 0x0, 0x0,

    /* U+0179 "Ź" */
    0x0, 0x0, 0xe9, 0x0, 0x0, 0x0, 0x5c, 0x0,
    0x0, 0x0, 0x0, 0x0, 0x0, 0x2, 0xff, 0xff,
    0xff, 0xf0, 0x4, 0x44, 0x44, 0xec, 0x0, 0x0,
    0x0, 0x8f, 0x20, 0x0, 0x0, 0x4f, 0x50, 0x0,
    0x0, 0x1e, 0xa0, 0x0, 0x0, 0xb, 0xd0, 0x0,
    0x0, 0x7, 0xf2, 0x0, 0x0, 0x3, 0xf6, 0x0,
    0x0, 0x0, 0xda, 0x0, 0x0, 0x0, 0x9f, 0x54,
    0x44, 0x44, 0xc, 0xff, 0xff, 0xff, 0xf2,

    /* U+017A "ź" */
    0x0, 0xc, 0xa0, 0x0, 0x3, 0xd0, 0x0, 0x0,
    0x0, 0x0, 0x7, 0xff, 0xff, 0xf7, 0x1, 0x11,
    0x7e, 0x10, 0x0, 0x3f, 0x30, 0x0, 0x1e, 0x70,
    0x0, 0xc, 0xb0, 0x0, 0x9, 0xd1, 0x0, 0x6,
    0xf5, 0x22, 0x21, 0xbf, 0xff, 0xff, 0xb0,

    /* U+017B "Ż" */
    0x0, 0x4, 0xf0, 0x0, 0x0, 0x0, 0x28, 0x0,
    0x0, 0x2f, 0xff, 0xff, 0xff, 0x0, 0x44, 0x44,
    0x4e, 0xc0, 0x0, 0x0, 0x8, 0xf2, 0x0, 0x0,
    0x4, 0xf5, 0x0, 0x0, 0x1, 0xea, 0x0, 0x0,
    0x0, 0xbd, 0x0, 0x0, 0x0, 0x7f, 0x20, 0x0,
    0x0, 0x3f, 0x60, 0x0, 0x0, 0xd, 0xa0, 0x0,
    0x0, 0x9, 0xf5, 0x44, 0x44, 0x40, 0xcf, 0xff,
    0xff, 0xff, 0x20,

    /* U+017C "ż" */
    0x0, 0x1f, 0x30, 0x0, 0x0, 0x81, 0x0, 0x0,
    0x0, 0x0, 0x7, 0xff, 0xff, 0xf7, 0x1, 0x11,
    0x7e, 0x10, 0x0, 0x3f, 0x30, 0x0, 0x1e, 0x70,
    0x0, 0xc, 0xb0, 0x0, 0x9, 0xd1, 0x0, 0x6,
    0xf5, 0x22, 0x21, 0xbf, 0xff, 0xff, 0xb0,

    /* U+017D "Ž" */
    0x0, 0x5e, 0x3f, 0x30, 0x0, 0x0, 0x9f, 0x70,
    0x0, 0x0, 0x0, 0x0, 0x0, 0x2, 0xff, 0xff,
    0xff, 0xf0, 0x4, 0x44, 0x44, 0xec, 0x0, 0x0,
    0x0, 0x8f, 0x20, 0x0, 0x0, 0x4f, 0x50, 0x0,
    0x0, 0x1e, 0xa0, 0x0, 0x0, 0xb, 0xd0, 0x0,
    0x0, 0x7, 0xf2, 0x0, 0x0, 0x3, 0xf6, 0x0,
    0x0, 0x0, 0xda, 0x0, 0x0, 0x0, 0x9f, 0x54,
    0x44, 0x44, 0xc, 0xff, 0xff, 0xff, 0xf2,

    /* U+017E "ž" */
    0x4, 0xe3, 0xf4, 0x0, 0x7, 0xe8, 0x0, 0x0,
    0x0, 0x0, 0x7, 0xff, 0xff, 0xf7, 0x1, 0x11,
    0x7e, 0x10, 0x0, 0x3f, 0x30, 0x0, 0x1e, 0x70,
    0x0, 0xc, 0xb0, 0x0, 0x9, 0xd1, 0x0, 0x6,
    0xf5, 0x22, 0x21, 0xbf, 0xff, 0xff, 0xb0,

    /* U+017F "ſ" */
    0x6, 0xee, 0x0, 0xf8, 0x30, 0xf, 0x20, 0x1,
    0xf2, 0x0, 0x1f, 0x20, 0x1, 0xf2, 0x0, 0x1f,
    0x20, 0x1, 0xf2, 0x0, 0x1f, 0x20, 0x1, 0xf2,
    0x0, 0x1f, 0x20, 0x0,

    /* U+2013 "–" */
    0x1f, 0xff, 0xff, 0xff, 0x10, 0x22, 0x22, 0x22,
    0x20,

    /* U+2014 "—" */
    0x1f, 0xff, 0xff, 0xff, 0xff, 0xff, 0xff, 0xf1,
    0x2, 0x22, 0x22, 0x22, 0x22, 0x22, 0x22, 0x20,

    /* U+2018 "‘" */
    0x3, 0x10, 0xb0, 0x1d, 0x11, 0xf3,

    /* U+2019 "’" */
    0x1f, 0x30, 0xc3, 0xb, 0x0, 0x30,

    /* U+201C "“" */
    0x4, 0x3, 0x3, 0x91, 0xa0, 0x6a, 0x4c, 0x6,
    0xe4, 0xf0,

    /* U+201D "”" */
    0x6f, 0x4f, 0x13, 0xd2, 0xd0, 0x1a, 0xb, 0x2,
    0x11, 0x20,

    /* U+2022 "•" */
    0x5, 0xa4, 0x2, 0xff, 0xf1, 0x3f, 0xff, 0x10,
    0x9f, 0x80,

    /* U+2026 "…" */
    0x28, 0x0, 0x5, 0x50, 0x0, 0x82, 0x5f, 0x0,
    0xb, 0xb0, 0x0, 0xf5,

    /* U+20AC "€" */
    0x0, 0x1, 0x9e, 0xfd, 0x40, 0x1, 0xed, 0x64,
    0x75, 0x0, 0xad, 0x0, 0x0, 0x0, 0xf, 0x50,
    0x0, 0x0, 0x1f, 0xff, 0xff, 0xfb, 0x0, 0x4f,
    0x10, 0x0, 0x0, 0x1f, 0xff, 0xff, 0xf6, 0x0,
    0xf, 0x60, 0x0, 0x0, 0x0, 0xac, 0x0, 0x0,
    0x0, 0x1, 0xec, 0x54, 0x73, 0x0, 0x1, 0x9d,
    0xfd, 0x20,

    /* U+2103 "℃" */
    0x0, 0x10, 0x0, 0x0, 0x12, 0x0, 0x0, 0x2c,
    0xb7, 0x0, 0x5d, 0xff, 0xf8, 0x0, 0x83, 0xc,
    0x6, 0xf6, 0x0, 0x4e, 0x80, 0x66, 0x1b, 0xf,
    0x80, 0x0, 0x6, 0xf0, 0x8, 0xa2, 0x5f, 0x10,
    0x0, 0x0, 0x0, 0x0, 0x0, 0x7f, 0x0, 0x0,
    0x0, 0x0, 0x0, 0x0, 0x6f, 0x0, 0x0, 0x0,
    0x0, 0x0, 0x0, 0x4f, 0x10, 0x0, 0x0, 0x50,
    0x0, 0x0, 0xe, 0x70, 0x0, 0x5, 0xf2, 0x0,
    0x0, 0x6, 0xf6, 0x0, 0x4e, 0x90, 0x0, 0x0,
    0x0, 0x6e, 0xff, 0xf8, 0x0, 0x0, 0x0, 0x0,
    0x0, 0x12, 0x0, 0x0,

    /* U+2109 "℉" */
    0x0, 0x10, 0x0, 0x0, 0x0, 0x0, 0x2c, 0xb7,
    0xe, 0xff, 0xff, 0xfd, 0x83, 0xc, 0xe, 0x72,
    0x22, 0x22, 0x59, 0x5b, 0xe, 0x60, 0x0, 0x0,
    0x4, 0x60, 0xe, 0x60, 0x0, 0x0, 0x0, 0x0,
    0xe, 0xff, 0xff, 0xf1, 0x0, 0x0, 0xe, 0x83,
    0x33, 0x30, 0x0, 0x0, 0xe, 0x60, 0x0, 0x0,
    0x0, 0x0, 0xe, 0x60, 0x0, 0x0, 0x0, 0x0,
    0xe, 0x60, 0x0, 0x0, 0x0, 0x0, 0xe, 0x60,
    0x0, 0x0,

    /* U+2122 "™" */
    0x0, 0x0, 0x0, 0x0, 0x0, 0x7, 0xcf, 0xdc,
    0x6f, 0x10, 0x7f, 0x0, 0xc2, 0x6, 0xc6, 0xb,
    0xd0, 0xc, 0x20, 0x67, 0xa1, 0xad, 0x0, 0xc2,
    0x6, 0x7a, 0x75, 0xd0, 0xc, 0x20, 0x67, 0x6e,
    0x1d, 0x0, 0x61, 0x3, 0x31, 0x70, 0x70,

    /* U+2190 "←" */
    0x0, 0x43, 0x0, 0x0, 0x0, 0x6, 0xc0, 0x0,
    0x0, 0x0, 0x7f, 0xda, 0xaa, 0xaa, 0xa2, 0x3,
    0xc0, 0x0, 0x0, 0x0, 0x0, 0x23, 0x0, 0x0,
    0x0,

    /* U+2191 "↑" */
    0x0, 0x10, 0x0, 0xc, 0x50, 0x7, 0xfd, 0x23,
    0x79, 0x39, 0x0, 0x91, 0x0, 0x9, 0x10, 0x0,
    0x91, 0x0, 0x9, 0x10, 0x0, 0x91, 0x0, 0x9,
    0x10,

    /* U+2192 "→" */
    0x0, 0x0, 0x0, 0x70, 0x0, 0x0, 0x0, 0x0,
    0x4b, 0x20, 0x7a, 0xaa, 0xaa, 0xaf, 0xe1, 0x0,
    0x0, 0x0, 0x69, 0x0, 0x0, 0x0, 0x0, 0x50,
    0x0,

    /* U+2193 "↓" */
    0x0, 0x20, 0x0, 0x9, 0x10, 0x0, 0x91, 0x0,
    0x9, 0x10, 0x0, 0x91, 0x0, 0x9, 0x10, 0x0,
    0x91, 0x3, 0xaa, 0x7a, 0x4, 0xfc, 0x0, 0xa,
    0x30,

    /* U+2260 "≠" */
    0x0, 0x0, 0x51, 0x0, 0x0, 0x0, 0xe2, 0x0,
    0x1f, 0xff, 0xff, 0xf9, 0x1, 0x14, 0xd1, 0x10,
    0x0, 0x5, 0xb0, 0x0, 0x1f, 0xff, 0xff, 0xf9,
    0x2, 0x2b, 0x72, 0x21, 0x0, 0x6, 0x20, 0x0,

    /* U+2264 "≤" */
    0x0, 0x0, 0x0, 0x0, 0x0, 0x0, 0x4, 0xa8,
    0x0, 0x6, 0xde, 0x81, 0x9, 0xfb, 0x50, 0x0,
    0x1f, 0xc4, 0x0, 0x0, 0x1, 0x7e, 0xd6, 0x0,
    0x0, 0x0, 0x5c, 0xf6, 0x0, 0x0, 0x0, 0x34,
    0x1f, 0xff, 0xff, 0xf8, 0x3, 0x33, 0x33, 0x31,

    /* U+2265 "≥" */
    0x0, 0x0, 0x0, 0x0, 0x1d, 0x71, 0x0, 0x0,
    0x5, 0xbf, 0x93, 0x0, 0x0, 0x2, 0x8e, 0xc4,
    0x0, 0x0, 0x18, 0xf8, 0x0, 0x3a, 0xfb, 0x40,
    0xd, 0xe8, 0x20, 0x0, 0x6, 0x0, 0x0, 0x0,
    0x1f, 0xff, 0xff, 0xf8, 0x3, 0x33, 0x33, 0x31,

    /* U+231A "⌚" */
    0x0, 0x0, 0x0, 0x0, 0x0, 0x0, 0x0, 0x6f,
    0xff, 0xff, 0xe0, 0x0, 0x0, 0x6f, 0xff, 0xff,
    0xe0, 0x0, 0x0, 0x87, 0x14, 0x15, 0xd2, 0x0,
    0x8, 0x14, 0x0, 0x2, 0x2a, 0x10, 0x56, 0x10,
    0x0, 0x0, 0x27, 0x90, 0x80, 0xa, 0x40, 0x19,
    0xc4, 0x82, 0x83, 0x1, 0xab, 0xd6, 0x1, 0x7f,
    0x81, 0x0, 0x8, 0x40, 0x0, 0x7f, 0x81, 0x0,
    0x0, 0x0, 0x1, 0x80, 0x46, 0x10, 0x0, 0x0,
    0x4, 0x80, 0x7, 0x34, 0x0, 0x2, 0x3a, 0x10,
    0x0, 0x88, 0x35, 0x27, 0xd1, 0x0, 0x0, 0x6f,
    0xff, 0xff, 0xe0, 0x0, 0x0, 0x5f, 0xff, 0xff,
    0xd0, 0x0,

    /* U+2600 "☀" */
    0x0, 0x0, 0x0, 0x20, 0x0, 0x0, 0x0, 0x0,
    0x0, 0x0, 0x95, 0x0, 0x0, 0x0, 0x0, 0x44,
    0x0, 0xda, 0x0, 0x52, 0x0, 0x0, 0x2f, 0x72,
    0x66, 0x1a, 0xe0, 0x0, 0x0, 0x6, 0x6f, 0xff,
    0xe4, 0x50, 0x0, 0x0, 0x1, 0xff, 0xff, 0xfd,
    0x0, 0x0, 0x2a, 0xe5, 0xff, 0xff, 0xff, 0x5e,
    0x80, 0x4, 0x94, 0xff, 0xff, 0xff, 0x39, 0x30,
    0x0, 0x0, 0xdf, 0xff, 0xfa, 0x0, 0x0, 0x0,
    0xb, 0x4c, 0xff, 0xa5, 0x90, 0x0, 0x0, 0x5e,
    0x50, 0x53, 0x7, 0xe1, 0x0, 0x0, 0x20, 0x0,
    0xd9, 0x0, 0x11, 0x0, 0x0, 0x0, 0x0, 0x73,
    0x0, 0x0, 0x0, 0x0, 0x0, 0x0, 0x0, 0x0,
    0x0, 0x0,

    /* U+2601 "☁" */
    0x0, 0x0, 0x1, 0x1a, 0xc7, 0x0, 0x0, 0x0,
    0x0, 0x4d, 0xbc, 0x31, 0x89, 0x30, 0x0, 0x0,
    0x2d, 0x10, 0x0, 0x0, 0x58, 0xa0, 0x0, 0x8c,
    0x50, 0x0, 0x0, 0x0, 0xa, 0xa2, 0x1c, 0x0,
    0x0, 0x0, 0x0, 0x0, 0x3, 0xb1, 0xc0, 0x0,
    0x0, 0x0, 0x0, 0x0, 0xd, 0x7, 0xb8, 0x0,
    0x0, 0x0, 0x2, 0xbd, 0x50, 0x1, 0x6a, 0x0,
    0x15, 0x11, 0xc3, 0x0, 0x0, 0x0, 0x6d, 0xcc,
    0x8c, 0xc4, 0x0, 0x0, 0x0, 0x0, 0x0, 0x0,
    0x0, 0x0, 0x0,

    /* U+2614 "☔" */
    0x0, 0x10, 0x0, 0x0, 0x0, 0x20, 0x0, 0x0,
    0xb5, 0x0, 0x0, 0x0, 0xc4, 0x0, 0x0, 0xe8,
    0x0, 0xc4, 0x0, 0xf7, 0x0, 0x0, 0x20, 0x1,
    0xe7, 0x0, 0x20, 0x0, 0x0, 0x18, 0xef, 0xff,
    0xfb, 0x40, 0x0, 0x4, 0xef, 0xff, 0xff, 0xf5,
    0xf9, 0x0, 0x2f, 0xff, 0xff, 0xff, 0xd0, 0xaf,
    0x80, 0x9f, 0xff, 0xff, 0xff, 0xf6, 0xef, 0xf1,
    0xca, 0x7d, 0xfd, 0xfd, 0xff, 0x98, 0xe3, 0x20,
    0x0, 0x90, 0xe6, 0x64, 0x0, 0x11, 0x0, 0x0,
    0x0, 0xe6, 0x0, 0x0, 0x0, 0x0, 0x0, 0x0,
    0xe6, 0x0, 0x0, 0x0, 0x0, 0x18, 0x0, 0xf6,
    0x0, 0x0, 0x0, 0x0, 0x2f, 0xa9, 0xf2, 0x0,
    0x0, 0x0, 0x0, 0x4, 0xdd, 0x50, 0x0, 0x0,
    0x0,

    /* U+2615 "☕" */
    0x0, 0x0, 0x0, 0x0, 0x0, 0x11, 0x0, 0x0,
    0x0, 0x1, 0x10, 0x2b, 0x40, 0x0, 0x0, 0x19,
    0x87, 0x87, 0x83, 0x0, 0x0, 0x9, 0x24, 0x31,
    0x4b, 0x0, 0x0, 0x0, 0xc9, 0x77, 0x86, 0x0,
    0x0, 0x1, 0x48, 0x64, 0x0, 0x0, 0x0, 0x8,
    0x99, 0xaa, 0xaa, 0x70, 0x0, 0x9, 0x4d, 0xff,
    0xff, 0xa5, 0xa5, 0x0, 0xb2, 0xff, 0xff, 0xfd,
    0x3, 0x6c, 0xb, 0x4, 0xad, 0xc9, 0x10, 0xaa,
    0x73, 0xb0, 0x0, 0x0, 0x0, 0x1a, 0x6a, 0x14,
    0x80, 0x0, 0x0, 0x1, 0x59, 0x50, 0x7, 0x80,
    0x0, 0x6, 0xb7, 0x10, 0x0, 0x4, 0xaa, 0xaa,
    0x50, 0x0, 0x0,

    /* U+261D "☝" */
    0x0, 0x0, 0x2, 0xcc, 0x20, 0x0, 0x0, 0x8,
    0x53, 0xa0, 0x0, 0x0, 0x9, 0x42, 0xa0, 0x0,
    0x0, 0xa, 0x33, 0x90, 0x0, 0x1, 0xae, 0x33,
    0x90, 0x0, 0xbf, 0x39, 0x34, 0x80, 0x5d, 0x46,
    0x46, 0xbb, 0xc1, 0xb2, 0x71, 0x98, 0x0, 0x2b,
    0xc1, 0x85, 0xed, 0xe2, 0xc, 0x7c, 0xc6, 0x2a,
    0x30, 0xc, 0x1f, 0x0, 0x0, 0x0, 0x49, 0xa,
    0x80, 0x0, 0x3, 0xc1, 0x0, 0xc4, 0x0, 0x4a,
    0x10, 0x0, 0x9c, 0x76, 0xc3, 0x0, 0x2, 0xc4,
    0x33, 0x48, 0x0, 0x7, 0xff, 0xff, 0xff, 0x20,
    0x4, 0x99, 0x99, 0x99, 0x10,

    /* U+26A0 "⚠" */
    0x0, 0x0, 0x0, 0x7, 0x40, 0x0, 0x0, 0x0,
    0x0, 0x0, 0x0, 0x2d, 0xc0, 0x0, 0x0, 0x0,
    0x0, 0x0, 0x0, 0xa4, 0x76, 0x0, 0x0, 0x0,
    0x0, 0x0, 0x3, 0xb0, 0xc, 0x10, 0x0, 0x0,
    0x0, 0x0, 0xc, 0x3b, 0x95, 0x90, 0x0, 0x0,
    0x0, 0x0, 0x59, 0xf, 0xc0, 0xc2, 0x0, 0x0,
    0x0, 0x0, 0xd1, 0xf, 0xb0, 0x3b, 0x0, 0x0,
    0x0, 0x8, 0x60, 0xd, 0xa0, 0xa, 0x40, 0x0,
    0x0, 0x1c, 0x0, 0xc, 0x90, 0x1, 0xc0, 0x0,
    0x0, 0xa4, 0x0, 0x0, 0x0, 0x0, 0x86, 0x0,
    0x3, 0xb0, 0x0, 0x3, 0x20, 0x0, 0xd, 0x0,
    0xc, 0x20, 0x0, 0xf, 0xc0, 0x0, 0x6, 0x80,
    0x59, 0x0, 0x0, 0x6, 0x40, 0x0, 0x0, 0xc2,
    0x9d, 0xdd, 0xdd, 0xdd, 0xdd, 0xdd, 0xdd, 0xd6,

    /* U+26A1 "⚡" */
    0x0, 0x0, 0x0, 0x0, 0x0, 0x0, 0x0, 0x0,
    0x0, 0x0, 0x0, 0x72, 0x0, 0x0, 0x0, 0x0,
    0x5d, 0x40, 0x0, 0x0, 0x0, 0x2b, 0xf5, 0x0,
    0x0, 0x0, 0x7, 0xff, 0x60, 0x0, 0x0, 0x4,
    0xdf, 0xf7, 0x0, 0x0, 0x1, 0xaf, 0xff, 0xe4,
    0x0, 0x0, 0x6f, 0xff, 0xff, 0xff, 0xfc, 0x83,
    0x15, 0xae, 0xff, 0xff, 0xff, 0xa1, 0x0, 0x0,
    0x4f, 0xff, 0xd4, 0x0, 0x0, 0x0, 0xcf, 0xf8,
    0x0, 0x0, 0x0, 0xb, 0xfc, 0x20, 0x0, 0x0,
    0x0, 0x9f, 0x60, 0x0, 0x0, 0x0, 0x8, 0xa1,
    0x0, 0x0, 0x0, 0x0, 0x44, 0x0, 0x0, 0x0,
    0x0, 0x0,

    /* U+26FD "⛽" */
    0x1, 0x67, 0x77, 0x61, 0x3, 0xc0, 0x0, 0x1e,
    0xff, 0xff, 0xfe, 0x10, 0xb8, 0x0, 0x5f, 0xff,
    0xff, 0xff, 0x50, 0x3f, 0x0, 0x6f, 0x0, 0x0,
    0xe, 0x64, 0xff, 0x40, 0x6f, 0x0, 0x0, 0xe,
    0x69, 0x4f, 0x80, 0x6f, 0x66, 0x66, 0x6f, 0x86,
    0x7e, 0xa0, 0x6f, 0xff, 0xff, 0xff, 0xf7, 0x6c,
    0x70, 0x6f, 0xff, 0xff, 0xff, 0xae, 0x6, 0xa0,
    0x6f, 0xff, 0xff, 0xff, 0x6f, 0x13, 0xd0, 0x6f,
    0xff, 0xff, 0xff, 0x6e, 0x30, 0xf0, 0x6f, 0xff,
    0xff, 0xff, 0x6d, 0x30, 0xe1, 0x6f, 0xff, 0xff,
    0xff, 0x6c, 0x50, 0xe2, 0x6f, 0xff, 0xff, 0xff,
    0x67, 0xd9, 0xd0, 0x5f, 0xff, 0xff, 0xff, 0x60,
    0x57, 0x10,

    /* U+2705 "✅" */
    0x0, 0x0, 0x0, 0x0, 0x0, 0x50, 0x0, 0x0,
    0x0, 0x0, 0x7, 0xf7, 0x0, 0x0, 0x0, 0x0,
    0x7f, 0xa0, 0x0, 0x0, 0x0, 0x6, 0xfa, 0x0,
    0x9c, 0x0, 0x0, 0x6f, 0xa0, 0x0, 0x4f, 0xc0,
    0x6, 0xfa, 0x0, 0x0, 0x4, 0xfc, 0x7f, 0xa0,
    0x0, 0x0, 0x0, 0x4f, 0xfa, 0x0, 0x0, 0x0,
    0x0, 0x4, 0xa0, 0x0, 0x0, 0x0,

    /* U+2709 "✉" */
    0x11, 0x11, 0x11, 0x11, 0x11, 0x10, 0xcf, 0xff,
    0xff, 0xff, 0xff, 0xf1, 0x7f, 0xff, 0xff, 0xff,
    0xff, 0xb0, 0x63, 0x8f, 0xff, 0xff, 0xb3, 0x60,
    0xcf, 0x93, 0x8f, 0xb3, 0x6e, 0xf1, 0xcf, 0xff,
    0x92, 0x6e, 0xff, 0xf1, 0xcf, 0xff, 0xff, 0xff,
    0xff, 0xf1, 0xcf, 0xff, 0xff, 0xff, 0xff, 0xf1,
    0xbf, 0xff, 0xff, 0xff, 0xff, 0xf1,

    /* U+270A "✊" */
    0x0, 0x0, 0x0, 0x0, 0x0, 0x0, 0x0, 0x0,
    0x0, 0x3, 0xb9, 0xaf, 0xc1, 0x0, 0x0, 0x1b,
    0xcf, 0x58, 0xc0, 0x78, 0x0, 0x5, 0xc9, 0x2e,
    0x1, 0xa0, 0x4c, 0x0, 0x89, 0xb6, 0x9, 0x34,
    0xca, 0xbe, 0xa0, 0xc0, 0x1a, 0x6, 0x59, 0x0,
    0x0, 0xc7, 0xb4, 0xb, 0x13, 0xb8, 0x92, 0x0,
    0x5b, 0x7b, 0x9, 0xcd, 0xdf, 0xfc, 0x0, 0x5b,
    0x2f, 0xcb, 0x34, 0x1e, 0x71, 0x0, 0x88, 0xb,
    0x60, 0x0, 0x12, 0x0, 0x0, 0xe2, 0x2, 0xe3,
    0x0, 0x0, 0x0, 0xb, 0x80, 0x0, 0x3e, 0x83,
    0x11, 0x37, 0xd8, 0x0, 0x0, 0x0, 0x6b, 0xdc,
    0xb7, 0x20, 0x0,

    /* U+270C "✌" */
    0x0, 0x4, 0x40, 0x0, 0x3, 0x0, 0x0, 0x8e,
    0xda, 0x2, 0xed, 0xd1, 0x0, 0xd3, 0xd, 0x28,
    0x80, 0xa6, 0x0, 0xb4, 0x8, 0x6c, 0x20, 0xa5,
    0x0, 0x79, 0x3, 0x9d, 0x0, 0xe2, 0x0, 0x1e,
    0x0, 0xdd, 0x4, 0xd0, 0x0, 0x2d, 0x60, 0xba,
    0x9, 0x80, 0x0, 0xea, 0xb1, 0x64, 0xd, 0x30,
    0x4e, 0xd0, 0x6e, 0x89, 0xcf, 0x0, 0xb2, 0x73,
    0x19, 0x0, 0xa, 0x80, 0xa4, 0xa, 0xd, 0x92,
    0x0, 0xe1, 0x4c, 0x1c, 0xfe, 0x89, 0x10, 0xc3,
    0xb, 0xe4, 0x8, 0x0, 0x1, 0xe0, 0x4, 0xe0,
    0x2, 0x0, 0x1c, 0x80, 0x0, 0xbc, 0x53, 0x58,
    0xf9, 0x0, 0x0, 0x6, 0xac, 0xb8, 0x30, 0x0,

    /* U+2728 "✨" */
    0x0, 0x0, 0x4, 0x0, 0x0, 0x0, 0x0, 0x0,
    0x0, 0x0, 0x6d, 0x0, 0x0, 0x0, 0x0, 0x0,
    0x0, 0x1, 0xee, 0x70, 0x0, 0x0, 0x0, 0x0,
    0x0, 0xc, 0x82, 0xe3, 0x0, 0x0, 0x0, 0x0,
    0x1, 0xca, 0x0, 0x5e, 0x50, 0x0, 0x0, 0x0,
    0x4e, 0xa0, 0x0, 0x3, 0xfa, 0x0, 0x0, 0x0,
    0x8, 0xe3, 0x0, 0xa, 0xd3, 0x7, 0x50, 0x0,
    0x0, 0x5f, 0x30, 0xbb, 0x0, 0x4e, 0xe3, 0x0,
    0x0, 0x6, 0xd9, 0xc0, 0x19, 0xd2, 0x3d, 0x81,
    0x0, 0x0, 0xaf, 0x23, 0x29, 0xd2, 0x3e, 0x91,
    0x0, 0x0, 0x29, 0xb, 0x60, 0x4d, 0xe3, 0x0,
    0x0, 0x0, 0x1, 0x8c, 0xe3, 0x7, 0x50, 0x0,
    0x0, 0x0, 0x9, 0xe1, 0x4f, 0x50, 0x0, 0x0,
    0x0, 0x0, 0x1, 0xc6, 0xba, 0x0, 0x0, 0x0,
    0x0, 0x0, 0x0, 0x1e, 0xb0, 0x0, 0x0, 0x0,
    0x0, 0x0, 0x0, 0x7, 0x20, 0x0, 0x0, 0x0,
    0x0, 0x0, 0x0, 0x0, 0x0, 0x0, 0x0, 0x0,

    /* U+2744 "❄" */
    0x0, 0x0, 0x1, 0x38, 0x54, 0x0, 0x0, 0x0,
    0x0, 0x7, 0x8e, 0xcc, 0xc9, 0x30, 0x0, 0x0,
    0x1d, 0xa6, 0x3e, 0xc1, 0xa9, 0xd0, 0x0, 0x6,
    0xbf, 0x60, 0x95, 0xa, 0xf9, 0x40, 0x1, 0x98,
    0x9d, 0x29, 0x54, 0xd8, 0x88, 0x0, 0x6c, 0x10,
    0x4d, 0xba, 0xd2, 0x2, 0xe2, 0x7, 0xdc, 0x77,
    0xbf, 0xf9, 0x77, 0xeb, 0x50, 0x7d, 0xd7, 0x7b,
    0xff, 0x97, 0x7e, 0xb6, 0x5, 0xc1, 0x4, 0xeb,
    0xad, 0x20, 0x3e, 0x20, 0x19, 0x88, 0xd2, 0x95,
    0x4d, 0x88, 0x80, 0x0, 0x6b, 0xf6, 0x9, 0x50,
    0xaf, 0x94, 0x0, 0x1, 0xda, 0x62, 0xec, 0x1a,
    0x9d, 0x0, 0x0, 0x0, 0x78, 0xec, 0xcc, 0x94,
    0x0, 0x0, 0x0, 0x0, 0x13, 0x85, 0x40, 0x0,
    0x0,

    /* U+274C "❌" */
    0x0, 0x0, 0x0, 0x0, 0x0, 0x0, 0x5e, 0x20,
    0x0, 0x5, 0xe2, 0xf, 0xfe, 0x20, 0x5, 0xff,
    0xc0, 0x5f, 0xfe, 0x25, 0xff, 0xe2, 0x0, 0x5f,
    0xfe, 0xff, 0xe2, 0x0, 0x0, 0x5f, 0xff, 0xe2,
    0x0, 0x0, 0x5, 0xff, 0xfe, 0x20, 0x0, 0x5,
    0xff, 0xef, 0xfe, 0x20, 0x5, 0xff, 0xe2, 0x5f,
    0xfe, 0x20, 0xff, 0xe2, 0x0, 0x5f, 0xfc, 0x5,
    0xe2, 0x0, 0x0, 0x4d, 0x20, 0x0, 0x0, 0x0,
    0x0, 0x0,

    /* U+2753 "❓" */
    0x0, 0x0, 0x0, 0x0, 0x17, 0xcf, 0xea, 0x20,
    0x5f, 0xff, 0xff, 0xd0, 0x8, 0x30, 0x3f, 0xf3,
    0x0, 0x0, 0x1f, 0xf3, 0x0, 0x1, 0xcf, 0xd0,
    0x0, 0xd, 0xfd, 0x10, 0x0, 0x7f, 0xd0, 0x0,
    0x0, 0x9f, 0x70, 0x0, 0x0, 0x0, 0x0, 0x0,
    0x0, 0x4a, 0x40, 0x0, 0x0, 0xdf, 0xd0, 0x0,
    0x0, 0x9f, 0x90, 0x0, 0x0, 0x0, 0x0, 0x0,

    /* U+2757 "❗" */
    0x8f, 0xf4, 0x7f, 0xf4, 0x6f, 0xf2, 0x5f, 0xf1,
    0x4f, 0xf0, 0x3f, 0xf0, 0x2f, 0xe0, 0x0, 0x0,
    0x0, 0x0, 0x1a, 0x90, 0x7f, 0xf3, 0x3e, 0xd1,

    /* U+2764 "❤" */
    0x0, 0x5, 0x86, 0x10, 0x2, 0x78, 0x40, 0x0,
    0x2d, 0xff, 0xfe, 0x36, 0xff, 0xff, 0xb0, 0xb,
    0xff, 0xff, 0xfe, 0xff, 0xff, 0xff, 0x80, 0xff,
    0xff, 0xff, 0xff, 0xff, 0xff, 0xfc, 0xe, 0xff,
    0xff, 0xff, 0xff, 0xff, 0xff, 0xb0, 0xaf, 0xff,
    0xff, 0xff, 0xff, 0xff, 0xf6, 0x2, 0xef, 0xff,
    0xff, 0xff, 0xff, 0xfc, 0x0, 0x2, 0xdf, 0xff,
    0xff, 0xff, 0xfb, 0x0, 0x0, 0x0, 0x9f, 0xff,
    0xff, 0xf7, 0x0, 0x0, 0x0, 0x0, 0x4e, 0xff,
    0xc2, 0x0, 0x0, 0x0, 0x0, 0x0, 0x1e, 0xc0,
    0x0, 0x0, 0x0, 0x0, 0x0, 0x0, 0x31, 0x0,
    0x0, 0x0,

    /* U+2B50 "⭐" */
    0x0, 0x0, 0x0, 0x0, 0x0, 0x0, 0x0, 0x0,
    0x0, 0x9, 0x50, 0x0, 0x0, 0x0, 0x0, 0x0,
    0xfc, 0x0, 0x0, 0x0, 0x0, 0x0, 0x6c, 0xf3,
    0x0, 0x0, 0x0, 0x23, 0x4d, 0x59, 0xb4, 0x31,
    0x0, 0xdf, 0xec, 0xb0, 0x2c, 0xdf, 0xfb, 0x1,
    0xcc, 0x10, 0x0, 0x2, 0xe9, 0x0, 0x0, 0x9d,
    0x10, 0x3, 0xf7, 0x0, 0x0, 0x1, 0xf0, 0x0,
    0x3e, 0x0, 0x0, 0x0, 0x5c, 0x4d, 0xb2, 0xf1,
    0x0, 0x0, 0x9, 0xee, 0x68, 0xff, 0x50, 0x0,
    0x0, 0xda, 0x10, 0x2, 0xc9, 0x0, 0x0, 0x2,
    0x0, 0x0, 0x0, 0x20, 0x0,

    /* U+1F31F "🌟" */
    0x0, 0x13, 0x0, 0x0, 0x10, 0x0, 0x0, 0x40,
    0x0, 0xd, 0xf2, 0x0, 0xa, 0x60, 0x0, 0x5f,
    0x90, 0x0, 0xbf, 0xb0, 0x1, 0xfd, 0x0, 0xe,
    0xf8, 0x0, 0x0, 0x4c, 0x10, 0x8d, 0xf3, 0x5,
    0xa2, 0x0, 0x0, 0x0, 0x0, 0xe, 0x6a, 0xa0,
    0x0, 0x0, 0x0, 0x7, 0xcd, 0xef, 0xe0, 0x3f,
    0xfe, 0xdb, 0x40, 0x0, 0x1d, 0xf6, 0x31, 0x0,
    0x23, 0x8f, 0xa0, 0x0, 0x0, 0xb, 0xe3, 0x0,
    0x0, 0x6f, 0x80, 0x0, 0x0, 0x0, 0x9, 0xe0,
    0x0, 0x2f, 0x60, 0x0, 0x0, 0x0, 0x0, 0x8b,
    0x2, 0x10, 0xf4, 0x0, 0x0, 0x3, 0x9d, 0x4c,
    0x88, 0xfe, 0x6b, 0x87, 0xc8, 0x20, 0xef, 0x80,
    0xff, 0xd4, 0x6f, 0xfc, 0xb, 0xfa, 0x4, 0x70,
    0x3f, 0x80, 0x0, 0x1a, 0xf0, 0x9, 0x20, 0x0,
    0x1, 0x20, 0x0, 0x0, 0x4, 0x0, 0x0,

    /* U+1F354 "🍔" */
    0x0, 0x2, 0x8a, 0xa9, 0x72, 0x0, 0x0, 0x1,
    0xa8, 0x53, 0x33, 0x48, 0xb2, 0x0, 0xb, 0x20,
    0x43, 0x23, 0x34, 0xb, 0x10, 0x65, 0x5, 0x0,
    0x30, 0x40, 0x3, 0x70, 0x90, 0x0, 0x3, 0x10,
    0x20, 0x0, 0xa0, 0x83, 0x0, 0x0, 0x0, 0x0,
    0x4, 0x70, 0x5c, 0x83, 0x0, 0x0, 0x13, 0x9f,
    0x10, 0x5a, 0x87, 0xbc, 0xbf, 0xff, 0xfe, 0x90,
    0x3e, 0x8b, 0xde, 0xee, 0xd9, 0x5b, 0xb0, 0x87,
    0xb7, 0x42, 0x22, 0x48, 0xaa, 0x60, 0x3c, 0x93,
    0x87, 0x87, 0x54, 0xad, 0x30, 0xb, 0x8a, 0x9a,
    0xaa, 0xba, 0x1c, 0x0, 0x3, 0xb5, 0x11, 0x10,
    0x15, 0xb3, 0x0, 0x0, 0x5, 0x9a, 0xaa, 0x96,
    0x10, 0x0,

    /* U+1F355 "🍕" */
    0x0, 0x0, 0x0, 0x4a, 0x84, 0x0, 0x0, 0x0,
    0x0, 0x0, 0x2a, 0x1, 0x6b, 0x40, 0x0, 0x0,
    0x0, 0x7, 0xa6, 0x20, 0x7, 0x90, 0x0, 0x0,
    0x1, 0xef, 0xe6, 0x81, 0x5, 0x90, 0x0, 0x0,
    0xbd, 0xf8, 0x0, 0x91, 0x8, 0x40, 0x0, 0x94,
    0x3, 0x20, 0x9f, 0xb1, 0x7b, 0x0, 0x5e, 0x51,
    0xb8, 0x7e, 0xfe, 0xa1, 0xc0, 0x2f, 0xfe, 0x74,
    0x6a, 0x26, 0x76, 0xa, 0xb, 0x58, 0x33, 0x86,
    0x88, 0x52, 0x5a, 0x74, 0x70, 0x3, 0x88, 0x50,
    0x49, 0xa5, 0x0, 0x94, 0x88, 0x43, 0x2, 0xb6,
    0x10, 0x0, 0xa, 0x14, 0x99, 0x8a, 0xa1, 0x0,
    0x0, 0x0, 0x73, 0xa1, 0x20, 0x0, 0x0, 0x0,
    0x0, 0x1, 0xb5, 0x0, 0x0, 0x0, 0x0, 0x0,
    0x0,

    /* U+1F377 "🍷" */
    0x0, 0x8, 0xcc, 0xcc, 0x80, 0x0, 0x0, 0x8c,
    0x20, 0x2, 0xc8, 0x0, 0x1, 0xc6, 0xac, 0xca,
    0x6c, 0x10, 0x6, 0x60, 0x0, 0x0, 0x6, 0x60,
    0xb, 0x10, 0x0, 0x0, 0x1, 0xb0, 0xc, 0x0,
    0x0, 0x0, 0x0, 0xd0, 0x2a, 0x3b, 0xc9, 0x40,
    0x2, 0xa2, 0x39, 0xdf, 0xff, 0xff, 0xfc, 0x93,
    0x2a, 0xbf, 0xff, 0xff, 0xfa, 0xb2, 0xd, 0x4f,
    0xff, 0xff, 0xf3, 0xd0, 0x5, 0xb3, 0xad, 0xda,
    0x3b, 0x40, 0x0, 0x4c, 0x96, 0x69, 0xc4, 0x0,
    0x0, 0x0, 0x2d, 0xa3, 0x0, 0x0, 0x0, 0x0,
    0x4d, 0xb0, 0x0, 0x0, 0x0, 0xc, 0xa1, 0x5d,
    0x70, 0x0, 0x0, 0x7, 0xbc, 0xca, 0x40, 0x0,

    /* U+1F37B "🍻" */
    0x0, 0x0, 0x0, 0x0, 0x4, 0x50, 0x0, 0x0,
    0x0, 0x0, 0x0, 0x1, 0xa7, 0x89, 0x1, 0x0,
    0x0, 0x0, 0x0, 0x0, 0x8, 0xd5, 0x35, 0xe1,
    0x0, 0x0, 0x0, 0x58, 0x87, 0x42, 0x1, 0x96,
    0x10, 0x0, 0x0, 0x26, 0x0, 0x3, 0x61, 0x47,
    0x63, 0x0, 0x0, 0x5, 0x30, 0x0, 0x3, 0xa4,
    0x1, 0x57, 0x0, 0x5, 0x99, 0x60, 0x0, 0xa0,
    0x0, 0x0, 0x80, 0x1, 0x88, 0x13, 0x87, 0x18,
    0x0, 0x2, 0x7b, 0x60, 0x59, 0x77, 0xfc, 0xc9,
    0xc4, 0x4a, 0x80, 0x56, 0x47, 0x98, 0x7f, 0xff,
    0xab, 0xa9, 0x7b, 0x89, 0x88, 0x64, 0x69, 0xff,
    0xf8, 0x88, 0xff, 0xfb, 0x88, 0x80, 0x84, 0xbf,
    0xff, 0x85, 0x7f, 0xff, 0xd6, 0x78, 0x0, 0x94,
    0xcf, 0xd7, 0x27, 0xcf, 0xff, 0x8, 0x50, 0x6,
    0x86, 0x45, 0x80, 0x78, 0xff, 0xc3, 0x50, 0x0,
    0x0, 0x23, 0x30, 0x3, 0x63, 0x44, 0x91, 0x0,
    0x0, 0x0, 0x0, 0x0, 0x4, 0x87, 0x40, 0x0,

    /* U+1F381 "🎁" */
    0x0, 0x6a, 0x70, 0x0, 0x0, 0x0, 0x0, 0x9,
    0x70, 0x4a, 0x0, 0x0, 0x0, 0x0, 0xc, 0x0,
    0x2, 0xd7, 0x30, 0x0, 0x0, 0x1a, 0x6e, 0x58,
    0x8c, 0x9c, 0xaa, 0xa2, 0xb, 0x65, 0xd2, 0x7,
    0xa1, 0x0, 0x1c, 0x7b, 0xcb, 0xd7, 0x3d, 0x43,
    0x20, 0xb, 0x9b, 0x20, 0x4f, 0xb9, 0xfe, 0xd2,
    0x5b, 0xbd, 0x87, 0xb2, 0x80, 0x2d, 0xdb, 0xd9,
    0xca, 0xfc, 0x0, 0xb0, 0x3, 0xe3, 0x97, 0x9f,
    0xf4, 0x86, 0xa8, 0xdf, 0xb2, 0x95, 0x4f, 0xf3,
    0x3, 0xde, 0x75, 0xb0, 0xa3, 0xf, 0xf6, 0x2,
    0xff, 0xe5, 0xe0, 0x90, 0xc, 0xf8, 0x2, 0xff,
    0xe6, 0xe3, 0x30, 0x1, 0x9c, 0x52, 0xff, 0xe7,
    0xe3, 0x0, 0x0, 0x0, 0x5a, 0xff, 0xe8, 0x70,
    0x0, 0x0, 0x0, 0x0, 0x5, 0xa5, 0x0, 0x0,

    /* U+1F382 "🎂" */
    0x0, 0x0, 0x0, 0x7, 0x40, 0x0, 0x0, 0x0,
    0x0, 0x6b, 0x20, 0x63, 0x90, 0x0, 0x71, 0x0,
    0x0, 0x81, 0x70, 0x65, 0x90, 0x8, 0x28, 0x0,
    0x0, 0x9a, 0x4a, 0x5e, 0x56, 0x38, 0x37, 0x0,
    0x0, 0x5e, 0xd1, 0xcf, 0xc5, 0xbd, 0xe0, 0x0,
    0x6, 0xeb, 0x76, 0x7e, 0x83, 0x93, 0xf9, 0x0,
    0x3b, 0x5b, 0xf, 0x9, 0x1d, 0x42, 0xd6, 0xc0,
    0x92, 0x13, 0xf, 0x0, 0xd, 0x21, 0x80, 0xb5,
    0xc2, 0x70, 0xf, 0x0, 0xd, 0x30, 0x4, 0x69,
    0xc0, 0x29, 0x65, 0x0, 0x7, 0x37, 0x81, 0x69,
    0x8e, 0xb0, 0x37, 0x99, 0x99, 0x72, 0x4d, 0xe5,
    0x2a, 0x86, 0x11, 0x0, 0x0, 0x24, 0xc1, 0xc0,
    0x1c, 0xa, 0xdd, 0x70, 0x6d, 0xaa, 0x30, 0xc0,
    0xb, 0x50, 0x0, 0x6a, 0x70, 0x0, 0x8, 0x70,
    0x0, 0xba, 0x30, 0x0, 0x0, 0x3, 0xb9, 0x0,
    0x0, 0x4, 0xac, 0xdc, 0xcc, 0xc9, 0x20, 0x0,
    0x0, 0x0, 0x0, 0x0, 0x0, 0x0, 0x0, 0x0,

    /* U+1F389 "🎉" */
    0x1, 0xb0, 0x8, 0x60, 0x0, 0x0, 0x4, 0x0,
    0x0, 0x50, 0xf, 0x50, 0x9a, 0x0, 0x5f, 0x50,
    0x0, 0x0, 0xf, 0x70, 0x54, 0xa, 0xf9, 0x0,
    0x2, 0xe1, 0x6, 0xf0, 0x0, 0x5e, 0x70, 0x41,
    0x0, 0x61, 0x5, 0xc0, 0x7, 0xe5, 0x0, 0xd4,
    0x0, 0x0, 0x8, 0x70, 0x5d, 0x50, 0x0, 0x0,
    0xc1, 0x0, 0xb5, 0xb6, 0xa1, 0x0, 0x12, 0x0,
    0x0, 0x7, 0x82, 0x91, 0x84, 0x0, 0x9a, 0x0,
    0x0, 0xe, 0x71, 0x2, 0x19, 0x0, 0x0, 0x0,
    0x0, 0x4f, 0xc0, 0x0, 0x2a, 0xb4, 0x1, 0x0,
    0x0, 0xbf, 0xf7, 0x1, 0x77, 0x8e, 0xff, 0xc4,
    0x1, 0xff, 0xff, 0xb6, 0x7c, 0x0, 0x4, 0xd7,
    0x6, 0xff, 0xff, 0xff, 0xb1, 0x11, 0x0, 0x0,
    0xc, 0xff, 0xff, 0x93, 0x0, 0xaa, 0x0, 0x0,
    0x2f, 0xfd, 0x71, 0x0, 0x0, 0x22, 0xa, 0x30,
    0x4a, 0x40, 0x0, 0x0, 0x0, 0x0, 0x3, 0x0,

    /* U+1F38A "🎊" */
    0x0, 0x0, 0x0, 0x6b, 0xb7, 0x0, 0x0, 0x0,
    0x0, 0x0, 0x0, 0xb, 0x82, 0x6, 0xc1, 0x0,
    0x0, 0x0, 0x0, 0x0, 0x78, 0x0, 0x0, 0x49,
    0x1, 0x0, 0x0, 0x0, 0x0, 0xc1, 0x0, 0x0,
    0x3f, 0xcb, 0xd5, 0x0, 0x25, 0x40, 0xd0, 0x0,
    0x3a, 0xab, 0x30, 0xa, 0x60, 0x17, 0x9c, 0xa9,
    0xad, 0x92, 0x7, 0x50, 0x0, 0xc0, 0x0, 0x2,
    0x15, 0x20, 0x3, 0x73, 0xa0, 0x0, 0x93, 0x26,
    0x58, 0x3, 0x50, 0x5d, 0x50, 0xd1, 0x0, 0xa2,
    0x25, 0x0, 0xdb, 0x31, 0xe0, 0x16, 0x78, 0x2,
    0xd0, 0x0, 0x7d, 0x70, 0x6c, 0x50, 0x59, 0xd,
    0x8e, 0x40, 0x6, 0xb0, 0x0, 0xa2, 0x0, 0xc,
    0x13, 0xb3, 0x0, 0x0, 0x0, 0x75, 0x0, 0x47,
    0xc, 0x20, 0x49, 0x0, 0x1, 0x7, 0x30, 0x1,
    0xd3, 0xb, 0x35, 0x19, 0x50, 0x8, 0x64, 0x1c,
    0x34, 0xaa, 0x35, 0x98, 0xdc, 0x90, 0x0, 0x2,
    0x1, 0x3e, 0x51, 0x3, 0x30, 0x5f, 0x50, 0x0,
    0xc, 0x0, 0x97, 0x9, 0x0, 0x9, 0x3, 0x80,
    0x0, 0x0, 0x0, 0x30, 0x0, 0x0, 0x0, 0x0,
    0x0,

    /* U+1F3B5 "🎵" */
    0x0, 0x0, 0x0, 0x0, 0x0, 0x0, 0x0, 0x0,
    0x0, 0x0, 0x1, 0xea, 0x20, 0x0, 0x0, 0x0,
    0x0, 0x4, 0xff, 0xf5, 0x0, 0x0, 0x0, 0x0,
    0x8, 0xff, 0xff, 0x40, 0x0, 0x0, 0x0, 0xb,
    0xff, 0xff, 0xd0, 0x0, 0x0, 0x0, 0xe, 0x57,
    0xef, 0xf0, 0x0, 0x0, 0x0, 0x2f, 0x0, 0x2e,
    0xf2, 0x0, 0x0, 0x0, 0x5c, 0x0, 0x4, 0xf7,
    0x0, 0x0, 0x0, 0x88, 0x0, 0x0, 0x22, 0x6,
    0xdf, 0xe8, 0xc5, 0x0, 0x0, 0x0, 0x9f, 0xff,
    0xff, 0xf1, 0x0, 0x0, 0x0, 0xff, 0xff, 0xff,
    0xe0, 0x0, 0x0, 0x0, 0xdf, 0xff, 0xff, 0x80,
    0x0, 0x0, 0x0, 0x5f, 0xff, 0xf9, 0x0, 0x0,
    0x0, 0x0, 0x2, 0x77, 0x20, 0x0, 0x0, 0x0,
    0x0,

    /* U+1F3B6 "🎶" */
    0x0, 0x0, 0x0, 0x0, 0x8d, 0x60, 0x0, 0x0,
    0x0, 0x0, 0x0, 0x0, 0x8f, 0xf6, 0x0, 0x0,
    0x0, 0x0, 0x0, 0x0, 0x94, 0xac, 0x0, 0x0,
    0x0, 0x0, 0x0, 0x0, 0x90, 0x5, 0x0, 0x0,
    0x0, 0x0, 0x0, 0x13, 0x90, 0x0, 0x0, 0x0,
    0x0, 0x0, 0x3, 0xff, 0xf0, 0x0, 0x0, 0x0,
    0x0, 0x0, 0x9, 0xff, 0xc0, 0x0, 0x0, 0x0,
    0x0, 0x0, 0x2, 0xcb, 0x20, 0xa, 0xe6, 0x0,
    0x0, 0x4, 0xe7, 0x0, 0x0, 0xa, 0xff, 0x50,
    0x0, 0x6, 0xff, 0x70, 0x0, 0x9, 0x3a, 0xb0,
    0x0, 0x7, 0x59, 0xd0, 0x0, 0x9, 0x0, 0x30,
    0x0, 0x8, 0x0, 0x61, 0x1, 0x49, 0x0, 0x0,
    0x2, 0x49, 0x0, 0x0, 0x4f, 0xff, 0x0, 0x0,
    0x6f, 0xfe, 0x0, 0x0, 0x9f, 0xfc, 0x0, 0x0,
    0xbf, 0xfa, 0x0, 0x0, 0x3d, 0xc2, 0x0, 0x0,
    0x3b, 0x80, 0x0, 0x0, 0x0, 0x0, 0x0, 0x0,

    /* U+1F3E0 "🏠" */
    0x0, 0x0, 0x0, 0x69, 0x0, 0x0, 0x0, 0x0,
    0x0, 0x8f, 0xfb, 0x0, 0x0, 0x0, 0x0, 0xaf,
    0xff, 0xfc, 0x0, 0x0, 0x1, 0xbf, 0xff, 0xff,
    0xfc, 0x10, 0x1, 0xdf, 0xff, 0xff, 0xff, 0xfd,
    0x10, 0xdf, 0xff, 0xff, 0xff, 0xff, 0xfc, 0x1f,
    0xff, 0xff, 0xff, 0xff, 0xff, 0xf1, 0xff, 0xff,
    0xff, 0xfb, 0x54, 0xcf, 0x1f, 0xff, 0x66, 0x8f,
    0xca, 0xad, 0xf1, 0xff, 0xe0, 0x1, 0xf9, 0x43,
    0xbf, 0x1f, 0xfe, 0x0, 0x1f, 0xfe, 0xef, 0xf1,
    0xff, 0xe0, 0x1, 0xff, 0xff, 0xff, 0xf, 0xfe,
    0x0, 0x1f, 0xff, 0xff, 0xe0, 0x0, 0x0, 0x0,
    0x0, 0x0, 0x0,

    /* U+1F41D "🐝" */
    0x0, 0x5, 0x80, 0x4, 0x98, 0x40, 0x20, 0x0,
    0x0, 0x0, 0x7a, 0x9, 0x0, 0x89, 0x59, 0x10,
    0x3c, 0xc4, 0xc, 0x37, 0x0, 0x80, 0x1, 0x60,
    0x0, 0xc, 0xcf, 0xfc, 0x26, 0x20, 0x1, 0x70,
    0x0, 0x3f, 0xff, 0xff, 0xd9, 0x0, 0x7, 0x20,
    0x0, 0xaf, 0xff, 0xd7, 0xf8, 0x0, 0x66, 0x0,
    0x0, 0xcf, 0x3f, 0xfb, 0xfa, 0x3a, 0xf9, 0x70,
    0x0, 0x8f, 0xe9, 0x5d, 0xff, 0xfb, 0x4d, 0x90,
    0x0, 0xa, 0xff, 0xff, 0xff, 0xdd, 0x6a, 0xc0,
    0x0, 0x0, 0x9, 0xbb, 0xff, 0x65, 0xc7, 0x90,
    0x0, 0x0, 0x2, 0x4a, 0x69, 0xba, 0xe7, 0x0,
    0x0, 0x0, 0x0, 0x0, 0x58, 0x30, 0x0, 0x0,
    0x0, 0x0, 0x0, 0x0, 0x0, 0x0, 0x0, 0x0,

    /* U+1F427 "🐧" */
    0x0, 0x0, 0x0, 0x1, 0x0, 0x0, 0x0, 0x0,
    0x0, 0x1, 0xaf, 0xfe, 0x60, 0x0, 0x0, 0x0,
    0x0, 0xbf, 0xfe, 0xff, 0x50, 0x0, 0x0, 0x0,
    0x8f, 0xfc, 0xaf, 0x7e, 0x0, 0x0, 0x0, 0x8c,
    0xff, 0xff, 0xb0, 0xb5, 0x0, 0x0, 0x0, 0x4f,
    0xff, 0xe2, 0x1d, 0xa0, 0x0, 0x0, 0xa, 0x46,
    0x61, 0x2e, 0xfd, 0x0, 0x0, 0x1, 0xe0, 0x0,
    0x0, 0xef, 0xf1, 0x0, 0x0, 0x5c, 0x0, 0x0,
    0x9, 0xff, 0x60, 0x0, 0xa, 0xa0, 0x0, 0x0,
    0x5f, 0xfd, 0x0, 0x0, 0xf9, 0x0, 0x0, 0x3,
    0xff, 0xfa, 0x0, 0x8f, 0xa0, 0x0, 0x0, 0xf,
    0xff, 0xfc, 0x1f, 0xfc, 0x0, 0x0, 0x0, 0x9f,
    0xda, 0x40, 0x23, 0x93, 0x0, 0x0, 0x2, 0xfc,
    0x50, 0x0, 0x1, 0xb4, 0x0, 0x0, 0x8, 0xf6,
    0x0, 0x0, 0x2, 0xfd, 0xba, 0xcc, 0x81, 0x0,
    0x0, 0x0, 0x16, 0x52, 0xcc, 0x10, 0x0, 0x0,

    /* U+1F431 "🐱" */
    0x0, 0x10, 0x0, 0x0, 0x0, 0x1, 0x0, 0x2f,
    0xc1, 0x0, 0x0, 0x3e, 0xe0, 0x5, 0xff, 0xd1,
    0x0, 0x3f, 0xff, 0x20, 0x6f, 0xff, 0xec, 0xcf,
    0xff, 0xf3, 0x6, 0xff, 0xff, 0xff, 0xff, 0xff,
    0x20, 0x5f, 0xff, 0xff, 0xff, 0xff, 0xf2, 0xb,
    0xff, 0xff, 0xff, 0xff, 0xff, 0x70, 0xff, 0xa9,
    0xff, 0xff, 0x6e, 0xfc, 0x1f, 0xf6, 0x5f, 0xff,
    0xf0, 0xbf, 0xe0, 0xff, 0xff, 0xf7, 0xaf, 0xef,
    0xfc, 0xa, 0xff, 0xfb, 0x36, 0xdf, 0xff, 0x60,
    0x1b, 0xff, 0xf4, 0x8f, 0xff, 0x80, 0x0, 0x4,
    0x9c, 0xee, 0xc8, 0x20, 0x0,

    /* U+1F436 "🐶" */
    0x0, 0x25, 0x10, 0x22, 0x2, 0x51, 0x0, 0x6f,
    0xfd, 0x8f, 0xf7, 0xff, 0xe3, 0xe, 0xff, 0xba,
    0xff, 0x7e, 0xff, 0xa0, 0xff, 0x8a, 0xff, 0xff,
    0x7a, 0xfc, 0xc, 0xca, 0xff, 0xff, 0xff, 0x7f,
    0x80, 0x17, 0xff, 0xff, 0xff, 0xfe, 0x60, 0x2,
    0xfd, 0x5f, 0xff, 0xe4, 0xfc, 0x0, 0xf, 0xe8,
    0xff, 0xff, 0x8f, 0x90, 0x0, 0xaf, 0xfe, 0x14,
    0xff, 0xf3, 0x0, 0x1, 0xef, 0xd4, 0x6f, 0xfa,
    0x0, 0x0, 0x1, 0xbf, 0xee, 0xe7, 0x0, 0x0,
    0x0, 0x0, 0x2, 0x20, 0x0, 0x0,

    /* U+1F438 "🐸" */
    0x0, 0x32, 0x0, 0x0, 0x33, 0x0, 0xd, 0xcf,
    0x50, 0xa, 0xed, 0x80, 0x2f, 0xf, 0xfe, 0xef,
    0xa5, 0xd0, 0x1f, 0xff, 0xdf, 0xee, 0xff, 0xc0,
    0x3f, 0xaa, 0xef, 0xfd, 0x9c, 0xd0, 0x8f, 0xc2,
    0x1, 0x0, 0x5f, 0xf3, 0xbf, 0xff, 0xb8, 0x9d,
    0xff, 0xf6, 0xbf, 0xff, 0xff, 0xff, 0xff, 0xf6,
    0x6f, 0xff, 0xff, 0xff, 0xff, 0xf2, 0xb, 0xff,
    0xff, 0xff, 0xff, 0x60, 0x0, 0x6c, 0xff, 0xfe,
    0xa3, 0x0, 0x0, 0x0, 0x0, 0x0, 0x0, 0x0,

    /* U+1F43B "🐻" */
    0x0, 0x10, 0x0, 0x0, 0x0, 0x11, 0x0, 0x3e,
    0xec, 0x9c, 0xee, 0xbb, 0xff, 0x80, 0xaa, 0xc,
    0xff, 0xff, 0xff, 0x73, 0xf0, 0x9d, 0xbf, 0xff,
    0xff, 0xff, 0xf9, 0xe0, 0x3f, 0xff, 0xff, 0xff,
    0xff, 0xff, 0xa0, 0x7f, 0xff, 0xff, 0xff, 0xff,
    0xff, 0xf0, 0xaf, 0xdc, 0xfd, 0x8a, 0xff, 0xaf,
    0xf3, 0xbf, 0x85, 0xd3, 0xa6, 0x6c, 0x1f, 0xf4,
    0xaf, 0xff, 0x55, 0xfc, 0xe, 0xff, 0xf2, 0x7f,
    0xff, 0x41, 0x10, 0xd, 0xff, 0xe0, 0xe, 0xff,
    0xa4, 0x77, 0x4f, 0xff, 0x70, 0x2, 0xef, 0xfe,
    0xbc, 0xff, 0xf8, 0x0, 0x0, 0x6, 0xbe, 0xff,
    0xd9, 0x20, 0x0, 0x0, 0x0, 0x0, 0x0, 0x0,
    0x0, 0x0,

    /* U+1F446 "👆" */
    0x0, 0x0, 0x1, 0x0, 0x0, 0x0, 0x0, 0x6e,
    0xe5, 0x0, 0x0, 0x0, 0xc, 0x24, 0xc0, 0x0,
    0x0, 0x0, 0xd0, 0x2e, 0x0, 0x0, 0x0, 0xe,
    0x1, 0xf0, 0x0, 0x0, 0x14, 0xe0, 0x1f, 0xa1,
    0x0, 0xe, 0xcf, 0x0, 0x66, 0xe6, 0x0, 0xe0,
    0xb0, 0x0, 0x1, 0xe5, 0xd, 0x26, 0x0, 0x0,
    0x3, 0xb0, 0xb4, 0x10, 0x0, 0x0, 0x49, 0x7,
    0xa0, 0x0, 0x0, 0x9, 0x50, 0xb, 0x90, 0x0,
    0x3, 0xb0, 0x0, 0xe, 0x50, 0x2, 0xc0, 0x0,
    0x3, 0xed, 0x99, 0xca, 0x0, 0x0, 0x85, 0x22,
    0x22, 0xc0, 0x0, 0x1f, 0xff, 0xff, 0xff, 0xc0,
    0x1, 0xbb, 0xbb, 0xbb, 0xba, 0x0,

    /* U+1F447 "👇" */
    0x0, 0x22, 0x22, 0x22, 0x22, 0x0, 0x3f, 0xff,
    0xff, 0xff, 0xe0, 0x0, 0xbb, 0x99, 0x99, 0xbb,
    0x0, 0x4, 0xdb, 0xbb, 0xbc, 0x40, 0x0, 0xd,
    0x40, 0x9, 0xb0, 0x0, 0x8, 0x70, 0x0, 0x4f,
    0x20, 0x5, 0xa0, 0x0, 0x0, 0x6d, 0x0, 0xc2,
    0x0, 0x0, 0x0, 0xb5, 0xe, 0x0, 0x0, 0x0,
    0x37, 0x80, 0xe3, 0x0, 0x0, 0x8, 0x4b, 0x6,
    0xc3, 0x0, 0x0, 0xc3, 0xd0, 0x8, 0xe6, 0xa0,
    0x1f, 0xf9, 0x0, 0x0, 0x9f, 0x1, 0xd1, 0x0,
    0x0, 0x0, 0xf1, 0x1c, 0x0, 0x0, 0x0, 0xe,
    0x22, 0xc0, 0x0, 0x0, 0x0, 0xb7, 0x7a, 0x0,
    0x0, 0x0, 0x2, 0xba, 0x10, 0x0,

    /* U+1F448 "👈" */
    0x0, 0x0, 0x0, 0x0, 0x0, 0x0, 0x0, 0x0,
    0x0, 0x0, 0x0, 0xd, 0xfe, 0xb7, 0x0, 0x0,
    0x1, 0x0, 0x0, 0x2, 0xe0, 0x24, 0x9c, 0x12,
    0x7f, 0xd0, 0x5c, 0xde, 0xef, 0xc8, 0x10, 0x8e,
    0xd3, 0xfd, 0xe, 0x21, 0x0, 0x0, 0x0, 0x0,
    0x5d, 0xe, 0xd0, 0xe4, 0x21, 0x10, 0x0, 0x0,
    0x0, 0xa1, 0xed, 0x4, 0xce, 0xff, 0x70, 0x0,
    0x0, 0xa, 0x1e, 0xd0, 0x0, 0x0, 0xa6, 0x0,
    0x0, 0x2, 0xc0, 0xed, 0x0, 0x0, 0x0, 0xe1,
    0x0, 0x3, 0xdc, 0x9f, 0xd0, 0x0, 0x0, 0x8,
    0xe2, 0x27, 0xd2, 0x1, 0xed, 0x0, 0x0, 0x0,
    0x5, 0xdc, 0x80, 0x0, 0x0, 0x0,

    /* U+1F449 "👉" */
    0x0, 0x0, 0x0, 0x0, 0x0, 0x0, 0x0, 0x0,
    0x0, 0x10, 0x0, 0x2, 0x9c, 0xef, 0xa0, 0x0,
    0x0, 0x1f, 0xe8, 0x25, 0xe7, 0x31, 0x2e, 0x0,
    0x0, 0x1, 0xfb, 0x8e, 0xe3, 0x2, 0x7c, 0xff,
    0xff, 0xc3, 0x1f, 0xa7, 0x71, 0x0, 0x0, 0x0,
    0x0, 0x4, 0xc1, 0xfa, 0x83, 0x0, 0x0, 0x0,
    0x1, 0x12, 0x6c, 0x1f, 0xa8, 0x30, 0x0, 0x0,
    0xb, 0xff, 0xeb, 0x21, 0xfa, 0x77, 0x0, 0x0,
    0x1, 0x86, 0x0, 0x0, 0x1f, 0xdc, 0xcb, 0x0,
    0x0, 0x4c, 0x0, 0x0, 0x1, 0xfb, 0x20, 0x5d,
    0x51, 0x5d, 0x50, 0x0, 0x0, 0x0, 0x0, 0x0,
    0x29, 0xdd, 0x30, 0x0, 0x0, 0x0,

    /* U+1F44A "👊" */
    0x0, 0x0, 0x78, 0xae, 0xdc, 0xed, 0x50, 0x0,
    0x2, 0xce, 0xc8, 0x81, 0x31, 0x6, 0xf3, 0x0,
    0xb, 0x60, 0x0, 0x0, 0x0, 0x0, 0xba, 0x0,
    0x1d, 0x0, 0x0, 0x20, 0x5, 0x0, 0x8f, 0x0,
    0x3b, 0x7, 0x0, 0xa0, 0xc, 0x0, 0x8f, 0x10,
    0x2c, 0x9, 0x0, 0xb0, 0xc, 0x0, 0x9f, 0x10,
    0xd, 0x9, 0x10, 0xc0, 0xd, 0x0, 0xdf, 0x50,
    0x7, 0x66, 0x60, 0xc0, 0xf, 0x24, 0xfa, 0xe0,
    0x0, 0xbd, 0xe7, 0xda, 0xaf, 0xff, 0x52, 0xf0,
    0x0, 0x8, 0xef, 0xff, 0xe5, 0x51, 0x8, 0xb0,
    0x0, 0x0, 0x1, 0x2a, 0xc1, 0x25, 0xbb, 0x10,
    0x0, 0x0, 0x0, 0x1, 0xad, 0xc9, 0x30, 0x0,

    /* U+1F44B "👋" */
    0x0, 0x0, 0x0, 0x0, 0x0, 0x0, 0x0, 0x0,
    0x0, 0x0, 0x1, 0xaf, 0x90, 0x0, 0x31, 0x0,
    0x0, 0x0, 0xce, 0xe0, 0xb3, 0x27, 0x8, 0x0,
    0x0, 0x2a, 0xc0, 0xb1, 0x59, 0x5, 0x36, 0x0,
    0x0, 0xd6, 0x93, 0x28, 0xe, 0x3, 0x22, 0x0,
    0x4, 0xf3, 0xa, 0x7, 0x19, 0x60, 0x5b, 0x70,
    0xe, 0x48, 0x12, 0x97, 0xa3, 0xd6, 0xd4, 0xc3,
    0xe, 0x20, 0x90, 0xb8, 0x0, 0xcf, 0x40, 0xc4,
    0x4, 0xd2, 0x2b, 0x60, 0x0, 0x98, 0x7, 0xb0,
    0x0, 0x5d, 0x23, 0x0, 0x2, 0x20, 0x3d, 0x10,
    0x4, 0x4, 0xd1, 0x0, 0x0, 0x0, 0x96, 0x0,
    0x15, 0x50, 0x6c, 0x0, 0x0, 0x2, 0xe0, 0x0,
    0x27, 0x57, 0x28, 0xd2, 0x0, 0xb, 0x60, 0x0,
    0x1, 0x51, 0x0, 0x7b, 0x66, 0x6e, 0x40, 0x0,
    0x0, 0x0, 0x0, 0xa6, 0x55, 0x56, 0xb0, 0x0,
    0x0, 0x0, 0x4, 0xfd, 0xcc, 0xcd, 0xf8, 0x0,
    0x0, 0x0, 0x4, 0xff, 0xff, 0xff, 0xfb, 0x0,

    /* U+1F44C "👌" */
    0x0, 0x0, 0x0, 0x16, 0x20, 0x0, 0x0, 0x0,
    0x8, 0xc6, 0xd9, 0xe1, 0x0, 0x0, 0x0, 0x2d,
    0x2f, 0x70, 0xc2, 0x0, 0x0, 0x4e, 0xeb, 0xc,
    0x22, 0xeb, 0xa5, 0x0, 0xc2, 0x5d, 0xa, 0x6,
    0xd4, 0x3b, 0x80, 0xb3, 0xd, 0x6, 0x28, 0x40,
    0x0, 0xe0, 0x59, 0x5, 0x56, 0xb7, 0x9, 0xd8,
    0xf3, 0xd, 0x30, 0x93, 0x0, 0xe, 0xd2, 0x69,
    0x3, 0xd0, 0x0, 0x0, 0x5, 0x50, 0x77, 0x0,
    0x79, 0x0, 0x0, 0x0, 0x1, 0xd1, 0x0, 0xb,
    0x80, 0x0, 0x0, 0x3d, 0x50, 0x0, 0x0, 0xa9,
    0x0, 0x6, 0xc3, 0x0, 0x0, 0x0, 0x4f, 0x65,
    0x5c, 0x60, 0x0, 0x0, 0x0, 0xa5, 0x55, 0x55,
    0xb0, 0x0, 0x0, 0x3, 0xfd, 0xcc, 0xcc, 0xf7,
    0x0, 0x0, 0x4, 0xff, 0xff, 0xff, 0xfa, 0x0,

    /* U+1F44D "👍" */
    0x0, 0x0, 0x1a, 0xb3, 0x0, 0x0, 0x0, 0x0,
    0x0, 0x8, 0xa6, 0xd0, 0x0, 0x0, 0x0, 0x0,
    0x0, 0xa4, 0xc, 0x20, 0x0, 0x0, 0x0, 0x0,
    0xa, 0x50, 0x96, 0x0, 0x0, 0x0, 0x0, 0x0,
    0x89, 0x3, 0xe1, 0x0, 0x0, 0x0, 0x6c, 0xcd,
    0xf1, 0x7, 0xa0, 0x0, 0x1, 0xe, 0x0, 0x9,
    0xa0, 0xa, 0x53, 0x6f, 0xd0, 0xcc, 0xa9, 0xef,
    0x0, 0x1c, 0xf2, 0xfd, 0xd, 0x0, 0x8, 0xf6,
    0x0, 0xb, 0x1f, 0xd0, 0xd6, 0x67, 0xd7, 0x70,
    0x0, 0xb1, 0xfd, 0x8, 0x94, 0x26, 0xa0, 0x0,
    0xc, 0x2f, 0xd0, 0x86, 0x25, 0xa9, 0x0, 0x4c,
    0xf4, 0xfd, 0x1, 0xd9, 0x42, 0xc0, 0x4c, 0x27,
    0xdf, 0xd0, 0x9, 0x20, 0x4e, 0xbb, 0x10, 0x2,
    0x77, 0x0, 0x1a, 0xcb, 0x84, 0x0, 0x0, 0x0,
    0x0,

    /* U+1F44E "👎" */
    0x0, 0x0, 0x0, 0x0, 0x37, 0xab, 0x80, 0x0,
    0x76, 0x0, 0x1, 0xcc, 0xd4, 0x4, 0x80, 0x1f,
    0xfb, 0x44, 0xc3, 0x1a, 0x3, 0x9c, 0x1, 0xff,
    0x4e, 0xa2, 0x0, 0xd9, 0x52, 0x84, 0x1f, 0xe4,
    0x70, 0x0, 0xd, 0x0, 0x19, 0x31, 0xfd, 0x56,
    0x0, 0x5, 0xab, 0x87, 0x8a, 0x1f, 0xc5, 0x60,
    0x0, 0xaf, 0x30, 0x1, 0xb1, 0xfc, 0x6e, 0x90,
    0x5, 0xfd, 0xaa, 0xd8, 0x1f, 0xd7, 0x2b, 0x50,
    0x1e, 0x50, 0x1, 0xb0, 0x21, 0x0, 0x1d, 0x30,
    0x5f, 0xdb, 0xc4, 0x0, 0x0, 0x0, 0x4d, 0x0,
    0xd4, 0x0, 0x0, 0x0, 0x0, 0x0, 0xb4, 0x9,
    0x70, 0x0, 0x0, 0x0, 0x0, 0x6, 0x70, 0x87,
    0x0, 0x0, 0x0, 0x0, 0x0, 0x1d, 0x4d, 0x50,
    0x0, 0x0, 0x0, 0x0, 0x0, 0x6d, 0xa0, 0x0,
    0x0,

    /* U+1F44F "👏" */
    0x0, 0x0, 0x0, 0x0, 0x0, 0x0, 0x8, 0x40,
    0x0, 0x1, 0x97, 0x0, 0x0, 0x8a, 0x10, 0xe6,
    0x0, 0x0, 0x97, 0x6c, 0x40, 0x69, 0x5b, 0xc,
    0x0, 0x0, 0x3e, 0x80, 0x19, 0xa8, 0x70, 0xd1,
    0x30, 0x0, 0xb, 0x44, 0x93, 0x4, 0xcd, 0x8,
    0x60, 0x2, 0x40, 0x9b, 0x40, 0x3a, 0x0, 0xc0,
    0x3b, 0x7, 0xe9, 0xd, 0x25, 0x88, 0x85, 0xd8,
    0xc5, 0xe0, 0x0, 0x0, 0xc8, 0x40, 0x34, 0xd5,
    0x61, 0xcf, 0xd7, 0x0, 0x9, 0x84, 0x8a, 0x9a,
    0x44, 0x50, 0xa1, 0xb5, 0x0, 0x79, 0x30, 0x9,
    0x57, 0x25, 0x41, 0x81, 0xc0, 0x0, 0x59, 0xbb,
    0xe9, 0x18, 0x11, 0x4, 0xb, 0x10, 0x0, 0x47,
    0xc, 0x29, 0x0, 0x0, 0x0, 0x93, 0x2, 0xfe,
    0x40, 0x49, 0x10, 0x0, 0x0, 0xa, 0x10, 0x8,
    0x20, 0x24, 0x98, 0x0, 0x0, 0x1, 0xb0, 0x0,
    0x0, 0xc, 0x50, 0x8a, 0x20, 0x2, 0xc3, 0x0,
    0x0, 0x5, 0xf3, 0x0, 0x4b, 0xcd, 0xb2, 0x0,
    0x0, 0x0, 0x4, 0x0, 0x0, 0x0, 0x0, 0x0,
    0x0,

    /* U+1F450 "👐" */
    0x0, 0x8, 0xbd, 0x80, 0x0, 0x0, 0x0, 0x0,
    0x0, 0x3, 0xeb, 0x73, 0xd0, 0x0, 0x0, 0x0,
    0x0, 0x0, 0x4e, 0x57, 0x24, 0xc1, 0x0, 0x0,
    0x0, 0x0, 0x0, 0xa4, 0x74, 0x25, 0xb2, 0x0,
    0x0, 0x0, 0x0, 0x0, 0x68, 0x45, 0xa5, 0x95,
    0x74, 0x0, 0x0, 0x0, 0x0, 0xd, 0x23, 0x0,
    0x6e, 0x7d, 0x20, 0x0, 0x10, 0x0, 0x6, 0x80,
    0x0, 0x30, 0x4e, 0x80, 0x8, 0xdd, 0x0, 0x0,
    0xd1, 0x0, 0x5, 0xf1, 0xd3, 0xc7, 0x1c, 0x80,
    0x0, 0x5d, 0x42, 0x7c, 0xe0, 0xcc, 0x35, 0x71,
    0xd0, 0x0, 0x4, 0xbd, 0x91, 0xd0, 0x60, 0x35,
    0x57, 0xd2, 0x0, 0x0, 0x0, 0x2, 0xb0, 0x0,
    0xa, 0x13, 0xc3, 0x0, 0x0, 0x0, 0x0, 0xe0,
    0x0, 0x6, 0x53, 0xd1, 0x0, 0x0, 0x0, 0x0,
    0x9b, 0x20, 0x26, 0x9c, 0xb0, 0x0, 0x0, 0x0,
    0x0, 0x6, 0xbd, 0xb7, 0x41, 0x0,

    /* U+1F493 "💓" */
    0x5, 0x30, 0x0, 0x0, 0x0, 0x0, 0x0, 0x2,
    0x79, 0x70, 0x0, 0x0, 0x0, 0x0, 0x0, 0x7,
    0x49, 0xff, 0xc3, 0x3c, 0xff, 0x80, 0x0, 0x57,
    0xff, 0xff, 0xff, 0xff, 0xff, 0x60, 0x0, 0xcf,
    0xff, 0xff, 0xff, 0xff, 0xfb, 0x0, 0xc, 0xff,
    0xff, 0xff, 0xff, 0xff, 0xb0, 0x0, 0x7f, 0xff,
    0xff, 0xff, 0xff, 0xf7, 0x0, 0x0, 0xdf, 0xff,
    0xff, 0xff, 0xfc, 0x24, 0x0, 0x1, 0xbf, 0xff,
    0xff, 0xfb, 0x2a, 0x50, 0x0, 0x0, 0x7f, 0xff,
    0xf6, 0x28, 0x48, 0x0, 0x0, 0x0, 0x3e, 0xe2,
    0x0, 0x3, 0x0, 0x0, 0x0, 0x0, 0x22, 0x0,
    0x0, 0x0,

    /* U+1F494 "💔" */
    0x0, 0x2, 0x10, 0x0, 0x0, 0x14, 0x40, 0x0,
    0x2d, 0xff, 0xc2, 0x0, 0x6f, 0xff, 0xd1, 0xd,
    0xff, 0xff, 0xe0, 0x6, 0xff, 0xff, 0xa1, 0xff,
    0xff, 0xf6, 0x7, 0xff, 0xff, 0xfe, 0x2f, 0xff,
    0xff, 0xc1, 0x4f, 0xff, 0xff, 0xe0, 0xef, 0xff,
    0xff, 0x60, 0xdf, 0xff, 0xfa, 0x7, 0xff, 0xff,
    0xe0, 0xaf, 0xff, 0xff, 0x30, 0x8, 0xff, 0xff,
    0x84, 0xff, 0xff, 0x50, 0x0, 0x4, 0xdf, 0xff,
    0x1f, 0xfc, 0x20, 0x0, 0x0, 0x0, 0x5e, 0xe5,
    0xf6, 0x0, 0x0, 0x0, 0x0, 0x0, 0x19, 0x72,
    0x0, 0x0, 0x0, 0x0, 0x0, 0x0, 0x0, 0x0,
    0x0, 0x0,

    /* U+1F495 "💕" */
    0x0, 0x0, 0x0, 0x0, 0x0, 0x20, 0x0, 0x0,
    0x0, 0x0, 0x0, 0x0, 0x1d, 0xfc, 0x0, 0x0,
    0x0, 0x0, 0x0, 0x0, 0x7f, 0xff, 0xcb, 0x70,
    0x0, 0x0, 0x0, 0x0, 0x7f, 0xff, 0xff, 0xf4,
    0x0, 0x0, 0x0, 0x0, 0x2f, 0xff, 0xff, 0xf5,
    0x0, 0x0, 0x0, 0x0, 0xd, 0xff, 0xff, 0xa0,
    0x0, 0x36, 0x20, 0x0, 0xb, 0xdc, 0x94, 0x0,
    0x7, 0xff, 0xf5, 0x0, 0x0, 0x0, 0x0, 0x0,
    0x2f, 0xff, 0xff, 0xcf, 0xfb, 0x0, 0x0, 0x0,
    0x5f, 0xff, 0xff, 0xff, 0xff, 0x80, 0x0, 0x0,
    0x3f, 0xff, 0xff, 0xff, 0xff, 0xb0, 0x0, 0x0,
    0xd, 0xff, 0xff, 0xff, 0xff, 0x80, 0x0, 0x0,
    0x4, 0xff, 0xff, 0xff, 0xfd, 0x10, 0x0, 0x0,
    0x0, 0xef, 0xff, 0xff, 0xa1, 0x0, 0x0, 0x0,
    0x1, 0xff, 0xfc, 0x72, 0x0, 0x0, 0x0, 0x0,
    0x0, 0x11, 0x0, 0x0, 0x0, 0x0, 0x0, 0x0,

    /* U+1F496 "💖" */
    0x1, 0xac, 0xdb, 0x30, 0x19, 0xdf, 0xa5, 0x0,
    0xd, 0xc2, 0x4d, 0xfa, 0xef, 0xfc, 0x5a, 0x40,
    0x7f, 0xe3, 0x5f, 0xff, 0xff, 0xe8, 0x5, 0xa0,
    0xba, 0xfd, 0xfd, 0xaf, 0xff, 0xfd, 0x9d, 0xf0,
    0xa6, 0xff, 0xfc, 0xaf, 0xff, 0xdc, 0xef, 0xf0,
    0x79, 0xaf, 0xff, 0xff, 0xff, 0xb9, 0xfc, 0xc0,
    0xe, 0x5e, 0xff, 0xef, 0xff, 0xff, 0x9c, 0x40,
    0x3, 0xed, 0xf9, 0x4e, 0xff, 0xf7, 0xa7, 0x0,
    0x0, 0x2d, 0xf8, 0x3d, 0xff, 0xfd, 0x60, 0x0,
    0x0, 0x0, 0x9f, 0xdc, 0xef, 0xc2, 0x0, 0x0,
    0x0, 0x0, 0x4, 0xe7, 0xc9, 0x0, 0x0, 0x0,
    0x0, 0x0, 0x0, 0x3e, 0x70, 0x0, 0x0, 0x0,
    0x0, 0x0, 0x0, 0x0, 0x0, 0x0, 0x0, 0x0,

    /* U+1F497 "💗" */
    0x0, 0x2, 0x54, 0x10, 0x3, 0x54, 0x0, 0x0,
    0x0, 0xab, 0x78, 0xca, 0xca, 0x78, 0xd5, 0x0,
    0xb, 0x57, 0xcc, 0x63, 0x39, 0xcb, 0x3b, 0x40,
    0x39, 0x8c, 0x33, 0xed, 0xf6, 0xdf, 0xf3, 0xc0,
    0x74, 0xe2, 0x29, 0xff, 0xff, 0xff, 0xf7, 0xc1,
    0x84, 0xf2, 0xdf, 0xff, 0xff, 0xff, 0xf8, 0xb1,
    0x57, 0xce, 0xff, 0xff, 0xff, 0xff, 0xf5, 0xc0,
    0xc, 0x3f, 0xff, 0xff, 0xff, 0xff, 0xb6, 0x70,
    0x4, 0xb4, 0xef, 0xff, 0xff, 0xfa, 0x5c, 0x0,
    0x0, 0x5c, 0x4a, 0xff, 0xff, 0x67, 0xb1, 0x0,
    0x0, 0x2, 0xc7, 0x6f, 0xd4, 0xc8, 0x0, 0x0,
    0x0, 0x0, 0x9, 0x94, 0x4d, 0x30, 0x0, 0x0,
    0x0, 0x0, 0x0, 0x7d, 0xc2, 0x0, 0x0, 0x0,
    0x0, 0x0, 0x0, 0x0, 0x0, 0x0, 0x0, 0x0,

    /* U+1F498 "💘" */
    0x0, 0x0, 0x0, 0x0, 0x0, 0x0, 0x81, 0x0,
    0x0, 0x0, 0x0, 0x0, 0x0, 0x9, 0x66, 0x0,
    0x0, 0x0, 0x0, 0x0, 0x0, 0x56, 0x4e, 0x92,
    0x0, 0x3, 0x10, 0x0, 0x0, 0xa1, 0xe5, 0x56,
    0x6, 0xda, 0xcb, 0x21, 0xaa, 0x8d, 0x83, 0x90,
    0x3c, 0x0, 0x3, 0xcd, 0x50, 0xaf, 0xa9, 0x0,
    0x93, 0x0, 0x0, 0x0, 0x6, 0xc0, 0x7, 0x0,
    0xb1, 0x0, 0x0, 0x0, 0x2d, 0x10, 0xc, 0x0,
    0x93, 0x0, 0x0, 0x0, 0x21, 0x0, 0xc, 0x0,
    0x3b, 0x0, 0x0, 0x0, 0x0, 0x0, 0x86, 0x0,
    0x8, 0x90, 0x0, 0x0, 0x0, 0x6, 0xa0, 0x0,
    0x0, 0x7b, 0x10, 0x0, 0x0, 0x99, 0x0, 0x0,
    0x0, 0x3, 0xc5, 0x0, 0x3c, 0x50, 0x0, 0x0,
    0x0, 0x0, 0xa, 0x75, 0xc2, 0x0, 0x0, 0x0,
    0x0, 0x0, 0x0, 0x9c, 0x0, 0x0, 0x0, 0x0,
    0x0, 0x0, 0x0, 0x0, 0x0, 0x0, 0x0, 0x0,

    /* U+1F499 "💙" */
    0x0, 0x49, 0x97, 0x10, 0x2, 0x7a, 0x93, 0x0,
    0x9, 0xba, 0x9b, 0xc6, 0x8c, 0xb9, 0xac, 0x60,
    0x5d, 0x88, 0x88, 0x8d, 0xc8, 0x88, 0x88, 0xe3,
    0xb3, 0x22, 0x22, 0x22, 0x22, 0x22, 0x22, 0x48,
    0xb6, 0x66, 0x66, 0x66, 0x66, 0x66, 0x66, 0x6a,
    0xa8, 0x88, 0x88, 0x88, 0x88, 0x88, 0x88, 0x98,
    0x67, 0x66, 0x66, 0x66, 0x66, 0x66, 0x66, 0x84,
    0x9, 0x22, 0x22, 0x22, 0x22, 0x22, 0x22, 0x90,
    0x2, 0xc8, 0x88, 0x88, 0x88, 0x88, 0x8c, 0x0,
    0x0, 0x19, 0x97, 0x77, 0x77, 0x7a, 0x80, 0x0,
    0x0, 0x0, 0x79, 0x88, 0x88, 0x95, 0x0, 0x0,
    0x0, 0x0, 0x3, 0x96, 0x69, 0x10, 0x0, 0x0,
    0x0, 0x0, 0x0, 0x1b, 0xb0, 0x0, 0x0, 0x0,
    0x0, 0x0, 0x0, 0x0, 0x0, 0x0, 0x0, 0x0,

    /* U+1F49A "💚" */
    0x0, 0x26, 0x74, 0x0, 0x0, 0x57, 0x61, 0x0,
    0x6, 0xc8, 0xa9, 0xb4, 0x5a, 0xb6, 0xaa, 0x40,
    0x3c, 0x58, 0x49, 0x3c, 0x89, 0x48, 0x56, 0xb1,
    0xa7, 0x65, 0x84, 0x93, 0x93, 0x94, 0x85, 0x97,
    0xb4, 0x76, 0x58, 0x49, 0x39, 0x39, 0x48, 0x5a,
    0xb9, 0x47, 0x65, 0x84, 0x93, 0x93, 0x94, 0x88,
    0x85, 0x94, 0x76, 0x58, 0x49, 0x39, 0x39, 0x85,
    0x1b, 0x39, 0x47, 0x65, 0x84, 0x93, 0x94, 0xc0,
    0x3, 0xb3, 0x94, 0x76, 0x58, 0x49, 0x4d, 0x20,
    0x0, 0x3b, 0x49, 0x47, 0x65, 0x87, 0xc2, 0x0,
    0x0, 0x1, 0x98, 0x94, 0x76, 0xb9, 0x0, 0x0,
    0x0, 0x0, 0x6, 0xc9, 0x5d, 0x40, 0x0, 0x0,
    0x0, 0x0, 0x0, 0x4c, 0xd2, 0x0, 0x0, 0x0,
    0x0, 0x0, 0x0, 0x2, 0x10, 0x0, 0x0, 0x0,

    /* U+1F49B "💛" */
    0x0, 0x16, 0x64, 0x0, 0x0, 0x47, 0x51, 0x0,
    0x6, 0xb5, 0x58, 0xb3, 0x5a, 0x75, 0x6b, 0x40,
    0x39, 0x51, 0x7, 0x19, 0x60, 0x70, 0x52, 0xb1,
    0xa8, 0x3, 0x50, 0x80, 0x35, 0x8, 0x2, 0x97,
    0xa0, 0x61, 0x7, 0x6, 0x10, 0x70, 0x61, 0xa,
    0xa4, 0x1, 0x20, 0x40, 0x12, 0x4, 0x1, 0x58,
    0x88, 0x1, 0x20, 0x40, 0x12, 0x4, 0x1, 0xa5,
    0x1b, 0x61, 0x7, 0x6, 0x10, 0x70, 0x63, 0xb0,
    0x3, 0xb4, 0x40, 0x70, 0x24, 0x7, 0x2c, 0x20,
    0x0, 0x3c, 0x38, 0x7, 0x10, 0x86, 0xc2, 0x0,
    0x0, 0x1, 0xa8, 0x50, 0x24, 0xb8, 0x0, 0x0,
    0x0, 0x0, 0x5, 0xd1, 0x3e, 0x30, 0x0, 0x0,
    0x0, 0x0, 0x0, 0x3e, 0xd2, 0x0, 0x0, 0x0,
    0x0, 0x0, 0x0, 0x2, 0x10, 0x0, 0x0, 0x0,

    /* U+1F49C "💜" */
    0x0, 0x59, 0xa7, 0x10, 0x2, 0x7a, 0x93, 0x0,
    0x9, 0x78, 0x4b, 0xb7, 0x9b, 0x68, 0x6b, 0x60,
    0x57, 0x74, 0x93, 0x97, 0xb4, 0x85, 0x67, 0xb2,
    0xb8, 0x49, 0x39, 0x39, 0x48, 0x56, 0x74, 0x98,
    0xc4, 0x93, 0x93, 0x94, 0x85, 0x67, 0x49, 0x3a,
    0xa9, 0x39, 0x39, 0x48, 0x56, 0x74, 0x93, 0xb8,
    0x67, 0x93, 0x94, 0x85, 0x67, 0x49, 0x39, 0x93,
    0xd, 0x49, 0x48, 0x56, 0x74, 0x93, 0x94, 0xa0,
    0x2, 0xd5, 0x85, 0x67, 0x49, 0x39, 0x5b, 0x0,
    0x0, 0x1b, 0x86, 0x74, 0x93, 0xa9, 0xa0, 0x0,
    0x0, 0x0, 0x7c, 0x59, 0x3b, 0xc5, 0x0, 0x0,
    0x0, 0x0, 0x3, 0xd5, 0xcc, 0x10, 0x0, 0x0,
    0x0, 0x0, 0x0, 0x2d, 0xc0, 0x0, 0x0, 0x0,
    0x0, 0x0, 0x0, 0x0, 0x0, 0x0, 0x0, 0x0,

    /* U+1F49E "💞" */
    0x0, 0x0, 0x0, 0x26, 0x10, 0x0, 0x0, 0x0,
    0x0, 0x0, 0x2, 0xef, 0xe0, 0x0, 0x0, 0x0,
    0x0, 0x9, 0xef, 0xff, 0xf4, 0x0, 0x0, 0x0,
    0x0, 0x4f, 0xff, 0xff, 0xf1, 0x8, 0x60, 0x0,
    0x0, 0x2f, 0xff, 0xff, 0xa0, 0x8f, 0xf4, 0x0,
    0x0, 0x6, 0xef, 0xff, 0x20, 0xaf, 0xfe, 0x80,
    0x0, 0x2, 0x2, 0x47, 0x0, 0x8f, 0xff, 0xf4,
    0x0, 0xcf, 0x90, 0x0, 0x0, 0x5f, 0xff, 0xe1,
    0x0, 0xff, 0xf1, 0x0, 0x0, 0x2, 0x44, 0x10,
    0x1c, 0xff, 0xf2, 0x0, 0x0, 0x1, 0x20, 0x0,
    0x8f, 0xff, 0xf3, 0x0, 0x0, 0xd, 0xf2, 0x0,
    0x4f, 0xfe, 0x81, 0xd, 0xf3, 0xf, 0xfe, 0x40,
    0x1, 0x30, 0x1, 0x8f, 0xf7, 0xd, 0xff, 0x90,
    0x0, 0x0, 0x9, 0xff, 0xf6, 0x3, 0x67, 0x10,
    0x0, 0x0, 0x4, 0xef, 0xd4, 0x0, 0x0, 0x0,

    /* U+1F4A1 "💡" */
    0x0, 0x0, 0x0, 0x0, 0x0, 0x4, 0x0, 0x0,
    0x0, 0x0, 0x35, 0x41, 0x0, 0xd0, 0x0, 0x0,
    0x3, 0xca, 0x77, 0xb9, 0x12, 0x6, 0x0, 0x4,
    0xc1, 0x0, 0x0, 0x5b, 0x6, 0x70, 0x0, 0xd1,
    0x0, 0x0, 0x0, 0x76, 0x0, 0x0, 0x58, 0x0,
    0x0, 0x0, 0x1, 0xc0, 0x5a, 0x8, 0x40, 0x0,
    0x0, 0x0, 0xb, 0x11, 0x20, 0x84, 0x0, 0x0,
    0x0, 0x0, 0x58, 0x0, 0x5, 0x80, 0x0, 0x0,
    0x0, 0x0, 0xc1, 0x0, 0xd, 0x10, 0x0, 0x0,
    0x0, 0x7, 0x50, 0x0, 0x4c, 0x10, 0x0, 0x0,
    0x0, 0x9b, 0x0, 0x23, 0x3c, 0xb7, 0x40, 0x0,
    0x6f, 0xf4, 0xc, 0x20, 0x2, 0x59, 0xcb, 0xbf,
    0xff, 0x80, 0x0, 0xb1, 0x5, 0x0, 0x14, 0xae,
    0xd3, 0x0, 0x6, 0x2, 0xc0, 0x0, 0x0, 0x0,
    0x0, 0x0, 0x0, 0x0, 0x0, 0x0, 0x0, 0x0,

    /* U+1F4A4 "💤" */
    0x0, 0x0, 0x0, 0x0, 0x0, 0x0, 0x0, 0x0,
    0x0, 0x0, 0x0, 0xbf, 0x81, 0x0, 0x0, 0x0,
    0x0, 0x0, 0xaf, 0xff, 0x80, 0x0, 0x0, 0x0,
    0x0, 0x7, 0xff, 0xf9, 0x0, 0x0, 0x0, 0x3,
    0xbf, 0xff, 0xb2, 0x0, 0x0, 0x0, 0x8f, 0xff,
    0xa3, 0x0, 0x0, 0x0, 0x0, 0x7f, 0xff, 0xa1,
    0x0, 0x0, 0x0, 0x0, 0x2, 0xaf, 0xfa, 0x0,
    0x0, 0x0, 0xb, 0xe5, 0x2, 0x82, 0x0, 0x0,
    0x0, 0x4, 0xdf, 0xc1, 0x0, 0x0, 0x0, 0x0,
    0x39, 0xff, 0xd1, 0x0, 0x0, 0x0, 0x4, 0xff,
    0xc4, 0x0, 0x0, 0x0, 0x6, 0x40, 0x7f, 0xf7,
    0x0, 0x0, 0x0, 0x8, 0xfd, 0x11, 0x95, 0x0,
    0x0, 0x0, 0x2b, 0xf8, 0x0, 0x0, 0x0, 0x0,
    0x0, 0xaf, 0xb0, 0x0, 0x0, 0x0, 0x0, 0x0,
    0x3, 0x91, 0x0, 0x0, 0x0, 0x0, 0x0,

    /* U+1F4A5 "💥" */
    0x0, 0x0, 0x45, 0x0, 0x0, 0x0, 0x4, 0x0,
    0x0, 0x0, 0x2f, 0x30, 0xb, 0x10, 0x8b, 0x0,
    0x0, 0x0, 0xf, 0xe1, 0x5f, 0x2a, 0xf3, 0x0,
    0x85, 0x4, 0x4e, 0xff, 0xff, 0xff, 0xb0, 0x0,
    0x4f, 0xfd, 0xff, 0xff, 0xff, 0xff, 0x82, 0x0,
    0x5, 0xff, 0xff, 0xf4, 0xff, 0xef, 0xfc, 0x0,
    0x0, 0x8f, 0xf8, 0x70, 0x31, 0xdf, 0xf8, 0x20,
    0x1, 0xaf, 0xf9, 0x0, 0x0, 0x7e, 0xff, 0x91,
    0xa, 0xff, 0xfe, 0x0, 0x0, 0x7d, 0xfa, 0x20,
    0x0, 0xd, 0xf5, 0x10, 0x1, 0x9f, 0xfb, 0xa4,
    0x0, 0x6f, 0xfe, 0xf6, 0xbf, 0xbf, 0xd0, 0x0,
    0x5, 0xff, 0xff, 0xff, 0xff, 0xff, 0xfb, 0x0,
    0x4e, 0xa6, 0x2c, 0xfd, 0xcf, 0xc3, 0x8d, 0xc1,
    0x0, 0x0, 0x9, 0xf3, 0xc, 0x60, 0x0, 0x32,
    0x0, 0x0, 0x8, 0xb0, 0x0, 0x10, 0x0, 0x0,
    0x0, 0x0, 0x3, 0x20, 0x0, 0x0, 0x0, 0x0,

    /* U+1F4A9 "💩" */
    0x0, 0x0, 0x0, 0x50, 0x0, 0x0, 0x0, 0x0,
    0x0, 0x3d, 0xc0, 0x0, 0x0, 0x0, 0x0, 0x1,
    0xef, 0xb2, 0x0, 0x0, 0x0, 0x0, 0x6, 0xff,
    0xff, 0xf7, 0x0, 0x0, 0x0, 0x7, 0xff, 0xff,
    0xfe, 0x0, 0x0, 0x0, 0x33, 0xdf, 0xff, 0xf9,
    0x30, 0x0, 0x0, 0xdb, 0x15, 0x99, 0x64, 0xf6,
    0x0, 0x0, 0xff, 0xfa, 0x88, 0xbf, 0xf8, 0x0,
    0x2, 0xcf, 0xff, 0xff, 0xff, 0xf5, 0x90, 0x6e,
    0x3c, 0xff, 0xff, 0xff, 0x78, 0xf4, 0xbf, 0xe5,
    0x47, 0x98, 0x53, 0x9f, 0xf6, 0xaf, 0xff, 0xfc,
    0xbb, 0xdf, 0xff, 0xf4, 0x3f, 0xff, 0xff, 0xff,
    0xff, 0xff, 0xc0, 0x6, 0xff, 0xff, 0xff, 0xff,
    0xfb, 0x10, 0x0, 0x28, 0xce, 0xff, 0xd9, 0x40,
    0x0, 0x0, 0x0, 0x0, 0x0, 0x0, 0x0, 0x0,

    /* U+1F4AA "💪" */
    0x0, 0x0, 0x0, 0x0, 0x5b, 0xdd, 0x30, 0x0,
    0x0, 0x0, 0x3, 0xc9, 0x20, 0x3d, 0x0, 0x0,
    0x0, 0x7, 0xc2, 0x2, 0x68, 0xa3, 0x0, 0x0,
    0x8, 0x90, 0x5, 0x87, 0xaa, 0x80, 0x0, 0x4,
    0xb0, 0x0, 0xca, 0xf7, 0x6a, 0x0, 0x0, 0xd1,
    0x9, 0xef, 0xda, 0xc9, 0x10, 0x0, 0x77, 0x0,
    0xc1, 0x0, 0x33, 0x10, 0x0, 0xd, 0x0, 0xd,
    0x7, 0xda, 0x9c, 0xb2, 0x5, 0x90, 0x0, 0xda,
    0x80, 0x0, 0x4, 0xc0, 0xa3, 0x0, 0xf, 0x90,
    0x0, 0x0, 0x2, 0xd, 0x0, 0x0, 0x40, 0x0,
    0x0, 0x0, 0x0, 0xd0, 0x0, 0x0, 0x0, 0x32,
    0x35, 0x80, 0xd, 0x0, 0x0, 0x0, 0x7, 0xdf,
    0xe5, 0x0, 0x88, 0x10, 0x0, 0x0, 0x0, 0x0,
    0x0, 0x0, 0x6c, 0xdb, 0x97, 0x54, 0x32, 0x10,
    0x0, 0x0, 0x0, 0x13, 0x57, 0x8a, 0xbc, 0xcc,

    /* U+1F4AC "💬" */
    0x9, 0xdd, 0xdd, 0xdd, 0xdd, 0xdd, 0xdd, 0x90,
    0xc, 0x0, 0x0, 0x0, 0x0, 0x0, 0x0, 0xc0,
    0x1c, 0x0, 0x0, 0x0, 0x0, 0x0, 0x0, 0xc0,
    0x1c, 0x0, 0x0, 0x0, 0x0, 0x0, 0x0, 0xc0,
    0x1c, 0x0, 0x0, 0x0, 0x0, 0x0, 0x0, 0xc0,
    0x1c, 0x0, 0x0, 0x0, 0x0, 0x0, 0x0, 0xc0,
    0x1c, 0x0, 0x0, 0x0, 0x0, 0x0, 0x0, 0xc0,
    0x1c, 0x0, 0x0, 0x0, 0x0, 0x0, 0x0, 0xc0,
    0x1c, 0x0, 0x0, 0x0, 0x0, 0x0, 0x0, 0xc0,
    0xd, 0x0, 0x0, 0x0, 0x0, 0x0, 0x0, 0xd0,
    0x7, 0xcf, 0x4, 0xdd, 0xdd, 0xdd, 0xdc, 0x60,
    0x0, 0xc, 0x4c, 0x10, 0x0, 0x0, 0x0, 0x0,
    0x0, 0xc, 0xc1, 0x0, 0x0, 0x0, 0x0, 0x0,
    0x0, 0x9, 0x10, 0x0, 0x0, 0x0, 0x0, 0x0,
    0x0, 0x0, 0x0, 0x0, 0x0, 0x0, 0x0, 0x0,

    /* U+1F4AF "💯" */
    0x0, 0x0, 0x0, 0x0, 0x0, 0x0, 0x10, 0x0,
    0x0, 0x2b, 0x10, 0x46, 0x6a, 0xff, 0xb0, 0x0,
    0x2e, 0xf3, 0x8f, 0xff, 0xfe, 0x8f, 0x70, 0x6f,
    0xfd, 0x6f, 0x8f, 0xcf, 0x50, 0xcb, 0xc, 0xdf,
    0x7f, 0x70, 0xff, 0xe0, 0xc, 0xb0, 0x7, 0xf8,
    0xe0, 0x2f, 0xfc, 0x1, 0xf8, 0x0, 0xbb, 0xba,
    0x7, 0xfb, 0xf5, 0xcf, 0x20, 0xe, 0x8d, 0x92,
    0xea, 0x2e, 0xfe, 0x50, 0x1, 0xf5, 0xaf, 0xfe,
    0x10, 0x2, 0x0, 0x0, 0x3f, 0x31, 0xab, 0x46,
    0x9c, 0xf5, 0x0, 0x5, 0xf1, 0x38, 0xdf, 0xd9,
    0x66, 0x9d, 0x90, 0x5e, 0x7f, 0xd8, 0x8a, 0xef,
    0xc7, 0x30, 0x0, 0x11, 0x7a, 0xff, 0xb6, 0x10,
    0x0, 0x0, 0x6, 0xdf, 0xd7, 0x10, 0x0, 0x0,
    0x0, 0x7, 0xfb, 0x40, 0x0, 0x0, 0x0, 0x0,
    0x0, 0x2, 0x0, 0x0, 0x0, 0x0, 0x0, 0x0,

    /* U+1F4BB "💻" */
    0xaf, 0xff, 0xff, 0xff, 0xff, 0xfe, 0x10, 0xd,
    0x20, 0x0, 0x0, 0x0, 0x0, 0xd2, 0x0, 0xd1,
    0x0, 0x0, 0x0, 0x0, 0xc, 0x20, 0xd, 0x10,
    0x0, 0x0, 0x0, 0x0, 0xc2, 0x0, 0xd1, 0x0,
    0x0, 0x0, 0x0, 0xc, 0x20, 0xd, 0x10, 0x0,
    0x0, 0x0, 0x0, 0xc2, 0x0, 0xd2, 0x0, 0x0,
    0x0, 0x0, 0xd, 0x20, 0xd, 0xff, 0xff, 0xff,
    0xff, 0xff, 0xf2, 0x0, 0x7b, 0xbb, 0xbd, 0xfb,
    0xbb, 0xba, 0x0, 0x0, 0x0, 0x48, 0xbf, 0x87,
    0x0, 0x0, 0x0, 0x0, 0x4, 0x66, 0x66, 0x61,
    0x8, 0x10, 0x0, 0x8b, 0xbb, 0xbb, 0xbb, 0xbc,
    0x85, 0x50, 0xb, 0x99, 0x99, 0x99, 0x99, 0x94,
    0xbf, 0xb0, 0xcc, 0xcc, 0xcc, 0xcc, 0xcc, 0x51,
    0x87,

    /* U+1F4C5 "📅" */
    0x0, 0x0, 0x0, 0x0, 0x0, 0x0, 0x0, 0x0,
    0x0, 0x0, 0x0, 0x2b, 0xc3, 0x0, 0x0, 0x0,
    0x0, 0x0, 0x5, 0xd3, 0x2d, 0x70, 0x0, 0x0,
    0x8c, 0xcc, 0xcf, 0xdc, 0xcc, 0xfd, 0xcc, 0xcb,
    0xc1, 0x11, 0x11, 0x11, 0x11, 0x11, 0x11, 0x1d,
    0xc0, 0x0, 0x0, 0x6, 0x80, 0x0, 0x0, 0xd,
    0xc0, 0x0, 0x0, 0x1, 0x10, 0x0, 0x0, 0xd,
    0xc0, 0x51, 0x61, 0x62, 0x35, 0x16, 0x26, 0xd,
    0xc0, 0x0, 0x0, 0x0, 0x4, 0x4, 0x4, 0xd,
    0xc0, 0x40, 0x50, 0x41, 0x24, 0x5, 0x4, 0xd,
    0xc0, 0x10, 0x10, 0x10, 0x1, 0x1, 0x1, 0xd,
    0xc0, 0x30, 0x40, 0x31, 0x23, 0x4, 0x4, 0x5f,
    0xc0, 0x40, 0x50, 0x41, 0x20, 0x0, 0xcc, 0xef,
    0xc0, 0x0, 0x0, 0x0, 0x0, 0x0, 0xd7, 0xad,
    0xbd, 0xdd, 0xdd, 0xdd, 0xdd, 0xdd, 0xef, 0xdd,

    /* U+1F4CC "📌" */
    0x0, 0x0, 0x0, 0x0, 0x3e, 0x90, 0x0, 0x0,
    0x0, 0x0, 0x0, 0x5, 0xff, 0xd1, 0x0, 0x0,
    0x0, 0x0, 0x0, 0xc, 0xff, 0xe1, 0x0, 0x0,
    0x0, 0x0, 0x4, 0xff, 0xff, 0xc0, 0x0, 0x2,
    0x40, 0x4, 0xff, 0xff, 0xff, 0x80, 0x0, 0xef,
    0xc7, 0xff, 0xff, 0xeb, 0xfb, 0x0, 0xf, 0xff,
    0xff, 0xff, 0xe2, 0x3, 0x10, 0x0, 0x7f, 0xff,
    0xff, 0xe2, 0x0, 0x0, 0x0, 0x0, 0xcf, 0xff,
    0xf4, 0x0, 0x0, 0x0, 0x0, 0x5, 0xff, 0xff,
    0xc0, 0x0, 0x0, 0x0, 0x4, 0xd3, 0xcf, 0xff,
    0x20, 0x0, 0x0, 0x3, 0xd2, 0x0, 0x7e, 0xc0,
    0x0, 0x0, 0x1, 0xa1, 0x0, 0x0, 0x0, 0x0,
    0x0, 0x0, 0x70, 0x0, 0x0, 0x0, 0x0, 0x0,
    0x0,

    /* U+1F4CD "📍" */
    0x0, 0x0, 0x0, 0x26, 0x74, 0x0, 0x0, 0x0,
    0x0, 0x9e, 0xff, 0xfd, 0x20, 0x0, 0x0, 0x98,
    0x5, 0xff, 0xfe, 0x10, 0x0, 0x2f, 0x40, 0x2f,
    0xff, 0xf9, 0x0, 0x7, 0xfd, 0x7c, 0xff, 0xfa,
    0xd0, 0x0, 0x8f, 0xff, 0xff, 0xff, 0xd, 0x0,
    0x5, 0xff, 0xff, 0xff, 0xa1, 0xb0, 0x0, 0xd,
    0xff, 0xff, 0xc1, 0xa4, 0x0, 0x0, 0xcf, 0xfa,
    0x62, 0xa8, 0x0, 0x0, 0xaf, 0x79, 0xcc, 0xb5,
    0x0, 0x0, 0x7f, 0x40, 0x0, 0x0, 0x0, 0x0,
    0x5e, 0x30, 0x0, 0x0, 0x0, 0x0, 0x1d, 0x20,
    0x0, 0x0, 0x0, 0x0, 0x0, 0x0, 0x0, 0x0,
    0x0, 0x0, 0x0,

    /* U+1F4E1 "📡" */
    0x0, 0x1, 0x32, 0x0, 0x0, 0x0, 0x1, 0xcf,
    0xe9, 0xc8, 0x16, 0x97, 0xc, 0xfe, 0x10, 0x5,
    0xcc, 0x97, 0x48, 0xf8, 0x0, 0x1, 0xcf, 0x10,
    0x83, 0xf4, 0x0, 0x6b, 0xe3, 0x90, 0xa0, 0xe4,
    0x2b, 0x7a, 0x40, 0x91, 0x91, 0x7d, 0xd3, 0x79,
    0x0, 0x46, 0x66, 0xc, 0x74, 0xc0, 0x0, 0x2a,
    0xc, 0x1, 0xde, 0x20, 0x0, 0x3a, 0x7, 0xb1,
    0x1a, 0xc4, 0x0, 0xa6, 0xc, 0xfe, 0x50, 0x28,
    0xce, 0xd0, 0x49, 0xbf, 0xff, 0xcb, 0xc9, 0x10,
    0xb2, 0xa, 0xff, 0xfa, 0x0, 0x0, 0xd1, 0x0,
    0x26, 0x9d, 0x0, 0x0, 0x4d, 0x62, 0x3, 0x99,
    0x0, 0x0, 0x0, 0x58, 0x87, 0x20, 0x0, 0x0,

    /* U+1F4E7 "📧" */
    0x27, 0x77, 0x77, 0x77, 0x77, 0x77, 0x70, 0x5f,
    0xff, 0xff, 0xff, 0xff, 0xff, 0xf1, 0x1a, 0xff,
    0xd4, 0x11, 0x5e, 0xff, 0x80, 0x36, 0x2e, 0x28,
    0x99, 0x34, 0xc2, 0x80, 0x4f, 0xea, 0x52, 0x71,
    0x81, 0xef, 0xf1, 0x4f, 0xfa, 0x52, 0xb3, 0x42,
    0xef, 0xf1, 0x4f, 0xfe, 0x18, 0x8a, 0x9d, 0xff,
    0xf1, 0x4f, 0xff, 0xd3, 0x0, 0x7f, 0xff, 0xf1,
    0x4f, 0xff, 0xff, 0xff, 0xff, 0xff, 0xf1, 0x16,
    0x66, 0x66, 0x66, 0x66, 0x66, 0x60,

    /* U+1F4F1 "📱" */
    0x0, 0x1, 0x10, 0x0, 0x8e, 0xfb, 0xdf, 0xb5,
    0xff, 0xff, 0xff, 0xfd, 0xd6, 0x66, 0x66, 0x6c,
    0xb0, 0x0, 0x0, 0xb, 0xb0, 0x0, 0x0, 0xb,
    0xb0, 0x0, 0x0, 0xb, 0xb0, 0x0, 0x0, 0xb,
    0xb0, 0x0, 0x0, 0xb, 0xb0, 0x0, 0x0, 0xb,
    0xb0, 0x0, 0x0, 0xb, 0xb0, 0x0, 0x0, 0xb,
    0xb0, 0x0, 0x0, 0xb, 0xb0, 0x0, 0x0, 0xb,
    0xfd, 0xec, 0xdb, 0xdd, 0xef, 0xff, 0xff, 0xfb,
    0x16, 0x89, 0x98, 0x61,

    /* U+1F4F7 "📷" */
    0x0, 0x16, 0x64, 0x22, 0xbd, 0xb9, 0x10, 0x0,
    0x3, 0xef, 0xff, 0xff, 0xff, 0xff, 0xd5, 0x20,
    0xe, 0xff, 0xff, 0xf4, 0x26, 0xff, 0xff, 0xf3,
    0x4f, 0xff, 0xff, 0xff, 0xff, 0xff, 0xff, 0xf7,
    0x5f, 0xff, 0xfd, 0xab, 0xff, 0xff, 0xff, 0xf8,
    0x5f, 0xfe, 0x79, 0xcc, 0x7a, 0xff, 0xff, 0xf8,
    0x5f, 0xf8, 0xea, 0xaf, 0xf9, 0xaf, 0xff, 0xf8,
    0x5f, 0xdd, 0x30, 0x1, 0xdf, 0x6f, 0xff, 0xf8,
    0x5f, 0xf5, 0x30, 0x0, 0x3f, 0xac, 0xff, 0xf8,
    0x5f, 0xf5, 0x10, 0x0, 0xf, 0xac, 0xff, 0xf8,
    0x1c, 0xf4, 0x60, 0x1, 0x1f, 0x7e, 0xff, 0xd1,
    0x0, 0x88, 0x89, 0x74, 0x8e, 0x6f, 0xfe, 0x20,
    0x0, 0xc, 0x94, 0x49, 0xd2, 0x0, 0x11, 0x0,
    0x0, 0x0, 0x6a, 0xa6, 0x0, 0x0, 0x0, 0x0,

    /* U+1F50B "🔋" */
    0x0, 0x26, 0x50, 0x0, 0x7, 0xa1, 0x3c, 0x20,
    0x8b, 0xd7, 0x9e, 0xc1, 0xb3, 0xef, 0xf8, 0x93,
    0xac, 0x55, 0x57, 0xf2, 0x9f, 0xfd, 0xff, 0xf2,
    0x9f, 0xd2, 0x7f, 0xf1, 0x8f, 0xb1, 0x5f, 0xf0,
    0x7f, 0xfd, 0xff, 0xf0, 0x6f, 0xff, 0xff, 0xe0,
    0x5f, 0xff, 0xff, 0xe0, 0x4f, 0xff, 0xff, 0xd0,
    0x4f, 0xff, 0xff, 0xc0, 0x3f, 0xfe, 0xef, 0xb0,
    0x2f, 0xb2, 0x4f, 0xa0, 0xa, 0xff, 0xff, 0x40,
    0x0, 0x36, 0x51, 0x0,

    /* U+1F511 "🔑" */
    0x0, 0x0, 0x0, 0x0, 0x0, 0x2, 0x10, 0x0,
    0x0, 0x0, 0x0, 0x0, 0x0, 0x9f, 0xff, 0xd5,
    0x0, 0x0, 0x0, 0x0, 0x1, 0xdf, 0xff, 0xff,
    0xf8, 0x0, 0x0, 0x0, 0x0, 0xaf, 0xff, 0xf4,
    0xb, 0xf3, 0x0, 0x0, 0x0, 0x1f, 0xff, 0xfd,
    0x0, 0x5f, 0xa0, 0x0, 0x0, 0x3, 0xff, 0xff,
    0xf6, 0x2c, 0xfd, 0x0, 0x0, 0x0, 0x3f, 0xff,
    0xff, 0xff, 0xff, 0xc0, 0x0, 0x0, 0x0, 0xff,
    0xff, 0xff, 0xff, 0xf9, 0x0, 0x0, 0x0, 0x1e,
    0xff, 0xff, 0xff, 0xff, 0x20, 0x0, 0x0, 0x1d,
    0xff, 0xff, 0xff, 0xff, 0x50, 0x0, 0x0, 0x1d,
    0xff, 0xf9, 0xcf, 0xea, 0x30, 0x0, 0x0, 0x7,
    0xff, 0xf6, 0x0, 0x0, 0x0, 0x0, 0x0, 0x7,
    0xcf, 0xf6, 0x0, 0x0, 0x0, 0x0, 0x0, 0x0,
    0xef, 0xf6, 0x0, 0x0, 0x0, 0x0, 0x0, 0xd,
    0xff, 0xf6, 0x0, 0x0, 0x0, 0x0, 0x0, 0x1,
    0xff, 0xf6, 0x0, 0x0, 0x0, 0x0, 0x0, 0x0,
    0x1d, 0xd6, 0x0, 0x0, 0x0, 0x0, 0x0, 0x0,
    0x0,

    /* U+1F512 "🔒" */
    0x0, 0x0, 0x0, 0x0, 0x0, 0x0, 0x3a, 0xff,
    0xb1, 0x0, 0x6, 0xff, 0xff, 0xfa, 0x0, 0x3f,
    0xfb, 0x45, 0xff, 0x0, 0x9f, 0xc0, 0x0, 0xbf,
    0x20, 0xbf, 0x70, 0x0, 0x9f, 0x10, 0xaf, 0x70,
    0x3a, 0xdf, 0xb1, 0x6f, 0xcb, 0x81, 0x7c, 0x93,
    0xf, 0xf3, 0x0, 0x8, 0xf3, 0x4b, 0xf7, 0x4,
    0xdf, 0xf3, 0x59, 0x66, 0xcf, 0x8d, 0xf3, 0xf,
    0xff, 0xf5, 0xc, 0xf1, 0x9, 0xff, 0xfc, 0x4f,
    0xd0, 0x2, 0xff, 0xff, 0xfd, 0x20, 0x0, 0x6f,
    0xfc, 0x60, 0x0, 0x0, 0x0, 0x0, 0x0, 0x0,

    /* U+1F525 "🔥" */
    0x0, 0x0, 0x0, 0x0, 0x0, 0x0, 0x0, 0x0,
    0x0, 0x9, 0x10, 0x0, 0x0, 0x0, 0x0, 0x7,
    0x90, 0x0, 0x0, 0x0, 0x0, 0xa, 0xd0, 0x0,
    0x0, 0x0, 0x0, 0x4f, 0xf0, 0x0, 0x0, 0x0,
    0x3, 0xef, 0xe0, 0x0, 0x1, 0x0, 0x3f, 0xff,
    0xc0, 0x0, 0xa, 0x61, 0xef, 0xff, 0x71, 0x50,
    0x3, 0xec, 0xff, 0xff, 0x3c, 0x20, 0x4, 0xff,
    0xff, 0xff, 0xbf, 0x0, 0x8, 0xff, 0xff, 0x7f,
    0xff, 0x20, 0xc, 0xff, 0xf8, 0x2f, 0xff, 0x70,
    0xf, 0xff, 0x80, 0x2f, 0xff, 0xa0, 0xf, 0xfd,
    0x0, 0x9f, 0xff, 0xa0, 0xb, 0xfc, 0x0, 0x97,
    0xcf, 0x50, 0x2, 0xef, 0x30, 0x3, 0xf9, 0x0,
    0x0, 0x1a, 0xfb, 0xbc, 0x50, 0x0, 0x0, 0x0,
    0x2, 0x10, 0x0, 0x0,

    /* U+1F600 "😀" */
    0x0, 0x0, 0x0, 0x0, 0x22, 0x0, 0x0, 0x0,
    0x0, 0x0, 0x0, 0x7d, 0xff, 0xff, 0xb5, 0x0,
    0x0, 0x0, 0x2, 0xdf, 0xff, 0xff, 0xff, 0xfb,
    0x0, 0x0, 0x2, 0xef, 0xd4, 0xff, 0xff, 0x4e,
    0xfc, 0x0, 0x1, 0xef, 0xfd, 0x8f, 0xff, 0xf7,
    0xef, 0xfb, 0x0, 0x9f, 0xfb, 0xcb, 0xdd, 0xdd,
    0xbc, 0xaf, 0xf5, 0xe, 0xff, 0xb7, 0x7, 0x43,
    0x70, 0x7b, 0xff, 0xa0, 0xff, 0xff, 0xd2, 0x74,
    0x37, 0x2d, 0xff, 0xfc, 0xd, 0xff, 0xff, 0xfe,
    0xdd, 0xef, 0xff, 0xff, 0xa0, 0x8f, 0xff, 0xff,
    0xff, 0xff, 0xff, 0xff, 0xf4, 0x0, 0xcf, 0xff,
    0xff, 0xff, 0xff, 0xff, 0xfa, 0x0, 0x1, 0xbf,
    0xff, 0xff, 0xff, 0xff, 0xf9, 0x0, 0x0, 0x0,
    0x27, 0xac, 0xdd, 0xca, 0x61, 0x0, 0x0,

    /* U+1F601 "😁" */
    0x0, 0x0, 0x0, 0x0, 0x0, 0x0, 0x0, 0x0,
    0x0, 0x3, 0x9d, 0xff, 0xd8, 0x20, 0x0, 0x0,
    0x9, 0xff, 0xff, 0xff, 0xff, 0x80, 0x0, 0xb,
    0xff, 0xff, 0xff, 0xff, 0xff, 0x90, 0x6, 0xff,
    0x87, 0x9f, 0xf6, 0x7a, 0xff, 0x40, 0xdf, 0xee,
    0xef, 0xff, 0xfe, 0xee, 0xfa, 0xf, 0xfd, 0x70,
    0x77, 0x7, 0x7, 0xdf, 0xd2, 0xff, 0xfe, 0x17,
    0x70, 0x71, 0xef, 0xff, 0xf, 0xff, 0xff, 0xdc,
    0x9d, 0xff, 0xff, 0xe0, 0xdf, 0xff, 0xff, 0xff,
    0xff, 0xff, 0xfa, 0x8, 0xff, 0xff, 0xff, 0xff,
    0xff, 0xff, 0x50, 0xa, 0xff, 0xff, 0xff, 0xff,
    0xff, 0x80, 0x0, 0x2, 0x7a, 0xcd, 0xdc, 0x96,
    0x10, 0x0,

    /* U+1F602 "😂" */
    0x0, 0x2, 0x9d, 0xff, 0xc8, 0x10, 0x0, 0x0,
    0x4f, 0xff, 0xff, 0xff, 0xe2, 0x0, 0x3, 0xff,
    0xff, 0xff, 0xff, 0xfe, 0x10, 0xc, 0xff, 0xff,
    0xff, 0xff, 0xff, 0x90, 0x4f, 0xfc, 0x8e, 0xff,
    0xd7, 0xdf, 0xf1, 0x8f, 0xeb, 0xfc, 0xff, 0xbf,
    0xce, 0xf5, 0xc5, 0xbc, 0xee, 0xee, 0xee, 0xc9,
    0x79, 0xec, 0xf7, 0x77, 0x33, 0x67, 0x7f, 0xcb,
    0x98, 0xff, 0x97, 0x33, 0x7a, 0xff, 0x68, 0xac,
    0xff, 0xff, 0xee, 0xff, 0xff, 0xb8, 0x2b, 0xff,
    0xff, 0xff, 0xff, 0xff, 0x91, 0x0, 0x15, 0x9a,
    0xbb, 0xa8, 0x50, 0x0,

    /* U+1F603 "😃" */
    0x0, 0x0, 0x18, 0xce, 0xec, 0x70, 0x0, 0x0,
    0x0, 0x5f, 0xff, 0xff, 0xff, 0xd2, 0x0, 0x0,
    0x3f, 0xff, 0xff, 0xff, 0xff, 0xe1, 0x0, 0xd,
    0xff, 0xff, 0xff, 0xff, 0xff, 0x90, 0x4, 0xff,
    0xfe, 0xff, 0xff, 0xef, 0xff, 0x0, 0x8f, 0xfa,
    0x2f, 0xff, 0xe0, 0xdf, 0xf5, 0xc, 0xff, 0xfc,
    0xff, 0xff, 0xbf, 0xff, 0x90, 0xef, 0xff, 0xf8,
    0xff, 0x8f, 0xff, 0xfa, 0xf, 0xff, 0xff, 0xd8,
    0x7d, 0xff, 0xff, 0xc0, 0xef, 0xff, 0xff, 0xff,
    0xff, 0xff, 0xfb, 0x3, 0xdf, 0xff, 0xff, 0xff,
    0xff, 0xfb, 0x10, 0x0, 0x37, 0xac, 0xdd, 0xba,
    0x62, 0x0,

    /* U+1F604 "😄" */
    0x0, 0x0, 0x29, 0xdf, 0xfc, 0x71, 0x0, 0x0,
    0x0, 0x5f, 0xff, 0xff, 0xff, 0xe3, 0x0, 0x0,
    0x4f, 0xa9, 0xff, 0xff, 0xff, 0xe1, 0x0, 0xd,
    0xfc, 0xdf, 0xf7, 0x6f, 0xff, 0x90, 0x4, 0xff,
    0x79, 0xef, 0xee, 0xff, 0xff, 0x0, 0x8f, 0xf0,
    0x0, 0x0, 0x5f, 0xff, 0xf5, 0xc, 0xff, 0x80,
    0x0, 0xb, 0xff, 0xff, 0x90, 0xef, 0xff, 0xd9,
    0x9e, 0xff, 0xff, 0xfa, 0xf, 0xff, 0xff, 0xff,
    0xff, 0xff, 0xff, 0xc0, 0xef, 0xff, 0xff, 0xff,
    0xff, 0xff, 0xfb, 0x3, 0xdf, 0xff, 0xff, 0xff,
    0xff, 0xfb, 0x10, 0x0, 0x37, 0xac, 0xdd, 0xba,
    0x62, 0x0,

    /* U+1F605 "😅" */
    0x0, 0x0, 0x29, 0xdf, 0xec, 0x70, 0x0, 0x0,
    0x0, 0x5f, 0xff, 0xff, 0xff, 0xe3, 0x0, 0x0,
    0x4f, 0xb9, 0xff, 0xff, 0xff, 0xe1, 0x0, 0xd,
    0xfc, 0xdf, 0xf8, 0x6f, 0xff, 0x90, 0x4, 0xff,
    0x79, 0xef, 0xee, 0xff, 0xff, 0x0, 0x8f, 0xf0,
    0x0, 0x0, 0x5f, 0xf4, 0xf5, 0xc, 0xff, 0x90,
    0x0, 0xb, 0xff, 0x8f, 0x90, 0xef, 0xff, 0xd9,
    0x9e, 0xff, 0xff, 0xfa, 0xf, 0xff, 0xff, 0xff,
    0xff, 0xff, 0xff, 0xc0, 0xef, 0xff, 0xff, 0xff,
    0xff, 0xff, 0xfb, 0x3, 0xdf, 0xff, 0xff, 0xff,
    0xff, 0xfb, 0x10, 0x0, 0x37, 0xac, 0xdd, 0xba,
    0x62, 0x0,

    /* U+1F606 "😆" */
    0x0, 0x0, 0x0, 0x2, 0x10, 0x0, 0x0, 0x0,
    0x0, 0x4, 0xbf, 0xff, 0xfa, 0x20, 0x0, 0x0,
    0x7, 0xff, 0xff, 0xff, 0xff, 0x40, 0x0, 0x5,
    0xf8, 0x5f, 0xff, 0xdf, 0xff, 0x20, 0x0, 0xef,
    0xde, 0xff, 0x72, 0xdf, 0xfa, 0x0, 0x4f, 0xfb,
    0xdf, 0xff, 0xcf, 0xff, 0xf1, 0x9, 0xff, 0xe7,
    0xff, 0x6f, 0xff, 0xff, 0x50, 0xcf, 0xff, 0xd7,
    0x7e, 0xff, 0xff, 0xf9, 0xe, 0xff, 0xff, 0xff,
    0xff, 0xff, 0xff, 0xb0, 0xff, 0xff, 0xff, 0xff,
    0xff, 0xff, 0xfc, 0xe, 0xff, 0xff, 0xff, 0xff,
    0xff, 0xff, 0xa0, 0x2c, 0xff, 0xff, 0xff, 0xff,
    0xff, 0xa1, 0x0, 0x2, 0x7a, 0xcd, 0xdb, 0xa6,
    0x10, 0x0,

    /* U+1F607 "😇" */
    0x0, 0x0, 0x0, 0x1, 0x0, 0x0, 0x0, 0x0,
    0x0, 0x8, 0xcb, 0xaa, 0xbb, 0x60, 0x0, 0x0,
    0x7, 0xfc, 0x78, 0x87, 0xef, 0x30, 0x0, 0x0,
    0x59, 0xbe, 0xff, 0xda, 0x93, 0x0, 0x0, 0x4f,
    0xfd, 0xba, 0xab, 0xef, 0xe1, 0x0, 0xd, 0xff,
    0xff, 0xff, 0xff, 0xff, 0x90, 0x4, 0xff, 0xfe,
    0xff, 0xff, 0xef, 0xff, 0x10, 0x9f, 0xf7, 0x8a,
    0xff, 0x89, 0x8f, 0xf5, 0xc, 0xff, 0xff, 0xff,
    0xff, 0xff, 0xff, 0x90, 0xef, 0xff, 0xf8, 0xff,
    0x8f, 0xff, 0xfb, 0xf, 0xff, 0xff, 0xd8, 0x7d,
    0xff, 0xff, 0xc0, 0xef, 0xff, 0xff, 0xff, 0xff,
    0xff, 0xfb, 0x3, 0xcf, 0xff, 0xff, 0xff, 0xff,
    0xfb, 0x10, 0x0, 0x37, 0xac, 0xdd, 0xba, 0x62,
    0x0,

    /* U+1F609 "😉" */
    0x0, 0x0, 0x18, 0xce, 0xec, 0x70, 0x0, 0x0,
    0x0, 0x4f, 0xff, 0xff, 0xff, 0xd2, 0x0, 0x0,
    0x3f, 0xff, 0xff, 0xff, 0xff, 0xe1, 0x0, 0xc,
    0xff, 0xff, 0xff, 0xff, 0xff, 0x80, 0x4, 0xff,
    0xfe, 0xff, 0xff, 0xfd, 0xff, 0x0, 0x8f, 0xfa,
    0x2f, 0xff, 0xa2, 0xbf, 0xf4, 0xc, 0xff, 0xec,
    0xff, 0xfe, 0xee, 0xff, 0x90, 0xef, 0xff, 0xf8,
    0xff, 0x8f, 0xff, 0xfa, 0xf, 0xff, 0xff, 0xd7,
    0x7d, 0xff, 0xff, 0xc0, 0xef, 0xff, 0xff, 0xff,
    0xff, 0xff, 0xfb, 0x3, 0xdf, 0xff, 0xff, 0xff,
    0xff, 0xfb, 0x10, 0x0, 0x37, 0xac, 0xdd, 0xba,
    0x62, 0x0,

    /* U+1F60A "😊" */
    0x0, 0x0, 0x0, 0x0, 0x0, 0x0, 0x0, 0x0,
    0x0, 0x2, 0x9e, 0xff, 0xd8, 0x10, 0x0, 0x0,
    0x6, 0xff, 0xff, 0xff, 0xfe, 0x30, 0x0, 0x4,
    0xff, 0xff, 0xff, 0xff, 0xfe, 0x10, 0x0, 0xdf,
    0xff, 0xff, 0xff, 0xff, 0xfa, 0x0, 0x4f, 0xff,
    0xdf, 0xff, 0xfd, 0xff, 0xf1, 0x8, 0xff, 0x68,
    0xaf, 0xf8, 0x87, 0xff, 0x50, 0xcf, 0xff, 0xff,
    0xff, 0xff, 0xff, 0xf9, 0xe, 0xff, 0xff, 0x8e,
    0xe8, 0xff, 0xff, 0xa0, 0xff, 0xff, 0xfd, 0x77,
    0xdf, 0xff, 0xfc, 0xe, 0xff, 0xff, 0xff, 0xff,
    0xff, 0xff, 0xb0, 0x3c, 0xff, 0xff, 0xff, 0xff,
    0xff, 0xb1, 0x0, 0x3, 0x7a, 0xcd, 0xdb, 0xa6,
    0x20, 0x0,

    /* U+1F60B "😋" */
    0x0, 0x0, 0x1, 0x7c, 0xdc, 0x93, 0x0, 0x0,
    0x0, 0x5, 0xff, 0xff, 0xff, 0xfa, 0x0, 0x0,
    0x6, 0xfd, 0xaf, 0xff, 0xff, 0xfa, 0x0, 0x3,
    0xff, 0x74, 0xff, 0xa7, 0xff, 0xf3, 0x0, 0xdf,
    0xff, 0xff, 0xfa, 0x8f, 0xff, 0x80, 0x5f, 0xff,
    0xff, 0xff, 0x3e, 0xff, 0xfa, 0xa, 0xff, 0xfe,
    0x77, 0x79, 0xff, 0xff, 0xa0, 0xdf, 0xff, 0xff,
    0xff, 0xff, 0xff, 0xf8, 0xf, 0xff, 0xff, 0xff,
    0xff, 0xff, 0xff, 0x40, 0xff, 0xff, 0xff, 0xff,
    0xff, 0xff, 0xf2, 0xf, 0xff, 0xff, 0xff, 0xff,
    0xff, 0xff, 0x90, 0xef, 0xff, 0xff, 0xff, 0xff,
    0xff, 0xfa, 0x3, 0xcf, 0xff, 0xff, 0xff, 0xff,
    0xfa, 0x0, 0x0, 0x27, 0xab, 0xcc, 0xb9, 0x61,
    0x0,

    /* U+1F60D "😍" */
    0x0, 0x0, 0x1, 0x7b, 0xdc, 0x93, 0x0, 0x0,
    0x0, 0x5, 0xef, 0xff, 0xde, 0xfa, 0x0, 0x0,
    0x6, 0x56, 0x6e, 0xd0, 0x1f, 0xfa, 0x0, 0x3,
    0xf5, 0x0, 0xdb, 0x0, 0x15, 0xf3, 0x0, 0xdf,
    0xe5, 0xbf, 0xd0, 0x0, 0x2f, 0x80, 0x4f, 0xff,
    0xff, 0xff, 0x43, 0x6e, 0xfa, 0x9, 0xff, 0xf7,
    0x3, 0x7f, 0xff, 0xff, 0xa0, 0xdf, 0xff, 0xe6,
    0x38, 0xff, 0xff, 0xf8, 0xf, 0xff, 0xff, 0xff,
    0xff, 0xff, 0xff, 0x40, 0xff, 0xff, 0xff, 0xff,
    0xff, 0xff, 0xf2, 0xf, 0xff, 0xff, 0xff, 0xff,
    0xff, 0xff, 0x90, 0xef, 0xff, 0xff, 0xff, 0xff,
    0xff, 0xfa, 0x3, 0xdf, 0xff, 0xff, 0xff, 0xff,
    0xfa, 0x10, 0x0, 0x37, 0xac, 0xdd, 0xba, 0x61,
    0x0,

    /* U+1F60E "😎" */
    0x0, 0x0, 0x0, 0x0, 0x0, 0x0, 0x0, 0x0,
    0x0, 0x4, 0xae, 0xfe, 0xc6, 0x0, 0x0, 0x0,
    0x9, 0xff, 0xff, 0xff, 0xfc, 0x10, 0x0, 0x8,
    0xff, 0xff, 0xff, 0xff, 0xfc, 0x0, 0x9, 0xff,
    0xff, 0xff, 0xff, 0xff, 0xfb, 0x30, 0xa0, 0x37,
    0xbe, 0xff, 0xb8, 0x40, 0x91, 0xf, 0x40, 0x0,
    0x3a, 0x30, 0x0, 0x1e, 0x32, 0xfe, 0x40, 0x3d,
    0xfd, 0x20, 0x3c, 0xf6, 0x4f, 0xff, 0xff, 0xff,
    0xff, 0xef, 0xff, 0x85, 0xff, 0xff, 0xfd, 0xdb,
    0x7a, 0xff, 0xf9, 0x3f, 0xff, 0xff, 0xca, 0xbf,
    0xff, 0xff, 0x80, 0x6e, 0xff, 0xff, 0xff, 0xff,
    0xff, 0x90, 0x0, 0x5, 0x9b, 0xcd, 0xdb, 0x96,
    0x10, 0x0,

    /* U+1F60F "😏" */
    0x0, 0x0, 0x0, 0x0, 0x0, 0x0, 0x0, 0x0,
    0x0, 0x3, 0xae, 0xff, 0xd8, 0x10, 0x0, 0x0,
    0x6, 0xff, 0xff, 0xff, 0xfe, 0x30, 0x0, 0x4,
    0xff, 0xff, 0xff, 0xff, 0xff, 0x10, 0x0, 0xdf,
    0xff, 0xff, 0xff, 0xff, 0xfa, 0x0, 0x4b, 0x88,
    0x6a, 0xfe, 0x88, 0x89, 0xf1, 0x9, 0xff, 0xf9,
    0xcf, 0xff, 0xfa, 0x7f, 0x50, 0xcf, 0xff, 0xff,
    0xff, 0xff, 0xff, 0xf9, 0xe, 0xff, 0xff, 0xff,
    0xff, 0xaf, 0xff, 0xa0, 0xff, 0xff, 0xfd, 0x88,
    0x7c, 0xff, 0xfc, 0xe, 0xff, 0xff, 0xff, 0xff,
    0xff, 0xff, 0xa0, 0x2c, 0xff, 0xff, 0xff, 0xff,
    0xff, 0xa1, 0x0, 0x2, 0x69, 0xbc, 0xca, 0x95,
    0x10, 0x0,

    /* U+1F612 "😒" */
    0x0, 0x0, 0x0, 0x0, 0x0, 0x0, 0x0, 0x0,
    0x0, 0x2, 0x9e, 0xff, 0xd8, 0x10, 0x0, 0x0,
    0x5, 0xff, 0xff, 0xff, 0xfe, 0x20, 0x0, 0x4,
    0xff, 0xff, 0xff, 0xff, 0xfe, 0x10, 0x0, 0xdf,
    0xff, 0xff, 0xff, 0xff, 0xf9, 0x0, 0x4f, 0xfe,
    0xff, 0xff, 0xff, 0xff, 0xf1, 0x9, 0xf8, 0x95,
    0xf, 0xfa, 0x87, 0x1b, 0x50, 0xcf, 0xff, 0xff,
    0xff, 0xff, 0xfd, 0xf9, 0xe, 0xff, 0xff, 0xff,
    0xff, 0xff, 0xff, 0xb0, 0xff, 0xff, 0xfa, 0x21,
    0x4f, 0xff, 0xfc, 0xe, 0xff, 0xff, 0xff, 0xfe,
    0xff, 0xff, 0xa0, 0x2c, 0xff, 0xff, 0xff, 0xff,
    0xff, 0xa1, 0x0, 0x1, 0x69, 0xac, 0xba, 0x95,
    0x10, 0x0,

    /* U+1F613 "😓" */
    0x0, 0x0, 0x0, 0x1, 0x21, 0x0, 0x0, 0x0,
    0x0, 0x0, 0x7d, 0xff, 0xfe, 0xa2, 0x0, 0x0,
    0x2, 0xdf, 0xff, 0xff, 0xff, 0xf4, 0x0, 0x1,
    0xee, 0xef, 0xff, 0xff, 0xff, 0xe1, 0x0, 0xbf,
    0x57, 0xff, 0xcd, 0xff, 0xff, 0x80, 0x4f, 0xfd,
    0xef, 0xf5, 0x7f, 0xff, 0xfc, 0xa, 0xff, 0xff,
    0xff, 0xff, 0xff, 0xef, 0xd0, 0xef, 0xfa, 0x77,
    0xaf, 0xff, 0xd5, 0xfc, 0xf, 0xff, 0xff, 0xfe,
    0xff, 0xf7, 0x4f, 0x91, 0xff, 0xff, 0xff, 0xff,
    0xff, 0xff, 0xfa, 0xf, 0xff, 0xff, 0xff, 0xff,
    0xff, 0xff, 0xb0, 0x5e, 0xff, 0xff, 0xff, 0xff,
    0xff, 0xd2, 0x0, 0x5, 0x9d, 0xef, 0xfe, 0xc8,
    0x40, 0x0,

    /* U+1F614 "😔" */
    0x0, 0x0, 0x0, 0x14, 0x55, 0x30, 0x0, 0x0,
    0x0, 0x0, 0x3c, 0xff, 0xff, 0xfe, 0x70, 0x0,
    0x0, 0x6, 0xff, 0xff, 0xff, 0xff, 0xfa, 0x0,
    0x0, 0x5f, 0xff, 0xff, 0xff, 0xff, 0xff, 0x60,
    0x1, 0xef, 0xff, 0xff, 0xff, 0xff, 0xff, 0xc0,
    0x7, 0xff, 0xff, 0xff, 0xff, 0xff, 0xff, 0xf0,
    0xc, 0xff, 0xff, 0xcd, 0xbf, 0xfe, 0xff, 0xf0,
    0xf, 0xff, 0xff, 0xfa, 0xcf, 0xf8, 0x7c, 0xc0,
    0x1f, 0xff, 0xff, 0xff, 0xfd, 0xdf, 0xff, 0x80,
    0x3f, 0xff, 0xff, 0xff, 0x7a, 0xa9, 0xff, 0x80,
    0x1f, 0xff, 0xff, 0xff, 0xff, 0xff, 0xff, 0xa0,
    0x7, 0xff, 0xff, 0xff, 0xff, 0xff, 0xfd, 0x20,
    0x0, 0x16, 0xbe, 0xff, 0xfe, 0xd9, 0x40, 0x0,
    0x0, 0x0, 0x0, 0x0, 0x0, 0x0, 0x0, 0x0,

    /* U+1F615 "😕" */
    0x0, 0x0, 0x0, 0x0, 0x0, 0x0, 0x0, 0x0,
    0x0, 0x0, 0x3a, 0xef, 0xfb, 0x60, 0x0, 0x0,
    0x0, 0x8f, 0xff, 0xff, 0xff, 0xc1, 0x0, 0x0,
    0x8f, 0xff, 0xdf, 0xff, 0xff, 0xc0, 0x0, 0x5e,
    0x5f, 0xfd, 0x7d, 0xff, 0xff, 0x40, 0xe, 0xd5,
    0xff, 0xf9, 0xef, 0xff, 0xf9, 0x5, 0xff, 0xff,
    0xff, 0xff, 0xff, 0xff, 0xa0, 0xaf, 0xff, 0xff,
    0xff, 0xff, 0xff, 0xfa, 0xd, 0xff, 0xea, 0x77,
    0x6f, 0xff, 0xff, 0x80, 0xff, 0x89, 0xcf, 0xff,
    0xff, 0xff, 0xf4, 0xf, 0xff, 0xff, 0xff, 0xff,
    0xff, 0xff, 0x31, 0xff, 0xff, 0xff, 0xff, 0xff,
    0xff, 0xfa, 0xe, 0xff, 0xff, 0xff, 0xff, 0xff,
    0xff, 0xb0, 0x2c, 0xff, 0xff, 0xff, 0xff, 0xff,
    0xa1, 0x0, 0x3, 0x7a, 0xcd, 0xdb, 0xa6, 0x10,
    0x0,

    /* U+1F616 "😖" */
    0x0, 0x3, 0x9c, 0xee, 0xc8, 0x10, 0x0, 0x0,
    0x9, 0xff, 0xff, 0xff, 0xff, 0x70, 0x0, 0x7,
    0xff, 0xff, 0xff, 0xff, 0xff, 0xa0, 0x0, 0xef,
    0xff, 0xff, 0xff, 0xff, 0xff, 0x60, 0x1f, 0xff,
    0xff, 0xff, 0xff, 0xff, 0xff, 0x12, 0xff, 0xfe,
    0xfa, 0xcd, 0xff, 0xff, 0xf7, 0xe, 0xfc, 0x9f,
    0xf9, 0xbf, 0xff, 0xff, 0xc0, 0xbf, 0xaf, 0xff,
    0xef, 0xff, 0xff, 0xfe, 0xc, 0xff, 0x79, 0x98,
    0xaf, 0xff, 0xff, 0xf0, 0xcf, 0xff, 0xff, 0xff,
    0xff, 0xff, 0xfc, 0x2, 0xbf, 0xff, 0xff, 0xff,
    0xff, 0xfb, 0x20, 0x0, 0x26, 0xab, 0xcc, 0xba,
    0x62, 0x0,

    /* U+1F617 "😗" */
    0x0, 0x0, 0x0, 0x0, 0x0, 0x0, 0x0, 0x0,
    0x0, 0x2, 0x9e, 0xff, 0xd8, 0x10, 0x0, 0x0,
    0x6, 0xff, 0xff, 0xff, 0xfe, 0x20, 0x0, 0x4,
    0xfe, 0xcf, 0xff, 0xff, 0xfe, 0x10, 0x0, 0xdf,
    0x83, 0xff, 0xc6, 0xff, 0xf9, 0x0, 0x4f, 0xff,
    0xef, 0xfb, 0x5f, 0xff, 0xf1, 0x8, 0xff, 0xf9,
    0xef, 0xff, 0xff, 0xff, 0x50, 0xcf, 0xff, 0x9f,
    0xff, 0xff, 0xff, 0xf9, 0xe, 0xff, 0xfe, 0xff,
    0xff, 0xff, 0xff, 0xa0, 0xff, 0xff, 0xff, 0xff,
    0xff, 0xff, 0xfc, 0xe, 0xff, 0xff, 0xff, 0xff,
    0xff, 0xff, 0xb0, 0x3c, 0xff, 0xff, 0xff, 0xff,
    0xff, 0xb1, 0x0, 0x3, 0x7a, 0xcd, 0xdb, 0xa6,
    0x20, 0x0,

    /* U+1F618 "😘" */
    0x0, 0x0, 0x6b, 0xdd, 0xa5, 0x0, 0x0, 0x0,
    0x0, 0x3, 0xdf, 0xff, 0xff, 0xfc, 0x20, 0x0,
    0x0, 0x2, 0xef, 0xff, 0xff, 0xf9, 0xfe, 0x20,
    0x67, 0x30, 0x9f, 0xfc, 0x8d, 0xfe, 0xd, 0xf7,
    0x84, 0x7, 0xe, 0xff, 0xd8, 0xdf, 0xff, 0xf9,
    0x0, 0x10, 0x60, 0xff, 0xff, 0xff, 0xfe, 0x9f,
    0xd1, 0x0, 0x7, 0xf, 0xff, 0xff, 0xff, 0xfa,
    0xef, 0xd5, 0x7, 0x10, 0xef, 0xff, 0xff, 0xff,
    0xff, 0xff, 0xfb, 0x30, 0xa, 0xff, 0xff, 0xff,
    0xff, 0xff, 0xff, 0x90, 0x0, 0x9f, 0xff, 0xff,
    0xff, 0xff, 0xff, 0xfa, 0x0, 0x1f, 0xff, 0xff,
    0xff, 0xff, 0xff, 0xff, 0xa0, 0x1, 0xff, 0xff,
    0xff, 0xff, 0xff, 0xff, 0xf8, 0x0, 0x3, 0xdf,
    0xff, 0xff, 0xff, 0xff, 0xf8, 0x0, 0x0, 0x0,
    0x37, 0xab, 0xcb, 0xa8, 0x40, 0x0, 0x0,

    /* U+1F619 "😙" */
    0x0, 0x0, 0x0, 0x0, 0x10, 0x0, 0x0, 0x0,
    0x0, 0x0, 0x3b, 0xff, 0xfc, 0x70, 0x0, 0x0,
    0x0, 0x8f, 0xff, 0xff, 0xff, 0xd1, 0x0, 0x0,
    0x9f, 0xff, 0xff, 0xff, 0xff, 0xc0, 0x0, 0x5f,
    0x86, 0xff, 0xff, 0xff, 0xff, 0x40, 0xe, 0xff,
    0xef, 0xfb, 0x8e, 0xff, 0xf9, 0x6, 0xff, 0xea,
    0xef, 0xfe, 0x8f, 0xff, 0xa0, 0xaf, 0xf9, 0xdf,
    0xff, 0xff, 0xff, 0xfa, 0xe, 0xff, 0xcd, 0xff,
    0xff, 0xff, 0xff, 0x80, 0xff, 0xff, 0xff, 0xff,
    0xff, 0xff, 0xf4, 0x1f, 0xff, 0xff, 0xff, 0xff,
    0xff, 0xff, 0x30, 0xff, 0xff, 0xff, 0xff, 0xff,
    0xff, 0xfa, 0xe, 0xff, 0xff, 0xff, 0xff, 0xff,
    0xff, 0xa0, 0x2b, 0xff, 0xff, 0xff, 0xff, 0xff,
    0x91, 0x0, 0x2, 0x7a, 0xbc, 0xcb, 0x95, 0x10,
    0x0,

    /* U+1F61A "😚" */
    0x0, 0x0, 0x0, 0x0, 0x0, 0x0, 0x0, 0x0,
    0x0, 0x2, 0x9e, 0xff, 0xd8, 0x10, 0x0, 0x0,
    0x5, 0xff, 0xff, 0xff, 0xfe, 0x20, 0x0, 0x4,
    0xfe, 0xff, 0xff, 0xff, 0xfe, 0x10, 0x0, 0xba,
    0x97, 0xde, 0xac, 0xff, 0xf9, 0x0, 0x47, 0xe,
    0xfe, 0xfb, 0xab, 0xff, 0xf1, 0x9, 0xfc, 0xf9,
    0xef, 0xf8, 0x6, 0xff, 0x50, 0xcf, 0xff, 0xaf,
    0xff, 0xb1, 0x9f, 0xf9, 0xe, 0xff, 0xff, 0xff,
    0xff, 0xff, 0xff, 0xb0, 0xff, 0xff, 0xff, 0xff,
    0xff, 0xff, 0xfc, 0xe, 0xff, 0xff, 0xff, 0xff,
    0xff, 0xff, 0xa0, 0x2b, 0xff, 0xff, 0xff, 0xff,
    0xff, 0x91, 0x0, 0x1, 0x69, 0xac, 0xba, 0x95,
    0x10, 0x0,

    /* U+1F61B "😛" */
    0x0, 0x0, 0x29, 0xdf, 0xec, 0x70, 0x0, 0x0,
    0x0, 0x5f, 0xff, 0xff, 0xff, 0xe3, 0x0, 0x0,
    0x4f, 0xff, 0xff, 0xff, 0xff, 0xe1, 0x0, 0xd,
    0xff, 0xff, 0xff, 0xff, 0xff, 0x90, 0x4, 0xff,
    0xfd, 0xff, 0xff, 0xdf, 0xff, 0x10, 0x8f, 0xfa,
    0x2f, 0xff, 0xe0, 0xdf, 0xf5, 0xc, 0xff, 0xfc,
    0xff, 0xff, 0xbf, 0xff, 0x90, 0xef, 0xff, 0xfe,
    0xdd, 0xdf, 0xff, 0xfa, 0xf, 0xff, 0xfb, 0x70,
    0x9, 0xdf, 0xff, 0xc0, 0xef, 0xff, 0xfd, 0x1,
    0xff, 0xff, 0xfb, 0x3, 0xdf, 0xff, 0xfd, 0xdf,
    0xff, 0xfb, 0x10, 0x0, 0x37, 0xac, 0xdd, 0xba,
    0x62, 0x0,

    /* U+1F61C "😜" */
    0x0, 0x0, 0x1, 0x7c, 0xdc, 0x93, 0x0, 0x0,
    0x0, 0x5, 0xff, 0xff, 0xff, 0xfa, 0x0, 0x0,
    0x6, 0xfd, 0xaf, 0xff, 0xff, 0xfa, 0x0, 0x3,
    0xff, 0x74, 0xff, 0xa8, 0xff, 0xf3, 0x0, 0xdf,
    0xff, 0xff, 0xfa, 0x8f, 0xff, 0x80, 0x5f, 0xff,
    0xaa, 0xcc, 0xff, 0xff, 0xfa, 0xa, 0xff, 0xe0,
    0x7, 0xef, 0xff, 0xff, 0xa0, 0xdf, 0xfd, 0x9,
    0xff, 0xff, 0xff, 0xf8, 0xf, 0xff, 0xff, 0xff,
    0xff, 0xff, 0xff, 0x40, 0xff, 0xff, 0xff, 0xff,
    0xff, 0xff, 0xf2, 0xf, 0xff, 0xff, 0xff, 0xff,
    0xff, 0xff, 0x90, 0xef, 0xff, 0xff, 0xff, 0xff,
    0xff, 0xfa, 0x2, 0xcf, 0xff, 0xff, 0xff, 0xff,
    0xfa, 0x10, 0x0, 0x26, 0xab, 0xcc, 0xb9, 0x51,
    0x0,

    /* U+1F61D "😝" */
    0x0, 0x0, 0x1, 0x7c, 0xdc, 0x93, 0x0, 0x0,
    0x0, 0x5, 0xff, 0xff, 0xff, 0xfa, 0x0, 0x0,
    0x6, 0xf8, 0xef, 0xff, 0xff, 0xfa, 0x0, 0x3,
    0xff, 0x78, 0xff, 0xb8, 0xff, 0xf3, 0x0, 0xdf,
    0xff, 0xff, 0xf8, 0x7f, 0xff, 0x80, 0x5f, 0xff,
    0x9a, 0xde, 0xff, 0xff, 0xfa, 0xa, 0xff, 0xc0,
    0x6, 0xcf, 0xff, 0xff, 0xa0, 0xdf, 0xfc, 0x2b,
    0xff, 0xff, 0xff, 0xf8, 0xf, 0xff, 0xff, 0xff,
    0xff, 0xff, 0xff, 0x40, 0xff, 0xff, 0xff, 0xff,
    0xff, 0xff, 0xf2, 0xf, 0xff, 0xff, 0xff, 0xff,
    0xff, 0xff, 0x90, 0xef, 0xff, 0xff, 0xff, 0xff,
    0xff, 0xfa, 0x2, 0xcf, 0xff, 0xff, 0xff, 0xff,
    0xfa, 0x10, 0x0, 0x26, 0xab, 0xcc, 0xb9, 0x51,
    0x0,

    /* U+1F61E "😞" */
    0x0, 0x0, 0x0, 0x14, 0x54, 0x20, 0x0, 0x0,
    0x0, 0x2, 0xbf, 0xff, 0xff, 0xd5, 0x0, 0x0,
    0x4, 0xff, 0xff, 0xff, 0xff, 0xf6, 0x0, 0x3,
    0xff, 0xff, 0xff, 0xff, 0xff, 0xf2, 0x0, 0xdf,
    0xff, 0xff, 0xff, 0xff, 0xff, 0x90, 0x5f, 0xff,
    0xff, 0xff, 0xff, 0xff, 0xfd, 0xb, 0xff, 0xff,
    0xfa, 0x1f, 0xfc, 0xaf, 0xd0, 0xff, 0xff, 0xff,
    0xfc, 0xff, 0xb5, 0xfb, 0xf, 0xff, 0xff, 0xff,
    0xe9, 0x8e, 0xff, 0x91, 0xff, 0xff, 0xff, 0xe7,
    0xee, 0x8f, 0xfa, 0xe, 0xff, 0xff, 0xff, 0xff,
    0xff, 0xff, 0xa0, 0x2c, 0xff, 0xff, 0xff, 0xff,
    0xff, 0x90, 0x0, 0x2, 0x69, 0xbc, 0xca, 0x95,
    0x10, 0x0,

    /* U+1F61F "😟" */
    0x0, 0x0, 0x0, 0x0, 0x10, 0x0, 0x0, 0x0,
    0x0, 0x0, 0x4b, 0xff, 0xfc, 0x70, 0x0, 0x0,
    0x0, 0x8f, 0xff, 0xff, 0xff, 0xd1, 0x0, 0x0,
    0x9e, 0xab, 0xed, 0xff, 0xff, 0xc0, 0x0, 0x5f,
    0xd1, 0xef, 0xb7, 0xff, 0xff, 0x40, 0xe, 0xff,
    0xff, 0xfc, 0x3f, 0xff, 0xf9, 0x6, 0xff, 0xff,
    0xff, 0xff, 0xff, 0xff, 0xa0, 0xbf, 0xfd, 0x8a,
    0xff, 0xff, 0xff, 0xfa, 0xe, 0xff, 0xae, 0xc7,
    0x7e, 0xff, 0xff, 0x80, 0xff, 0xff, 0xff, 0xfe,
    0xef, 0xff, 0xf4, 0x1f, 0xff, 0xff, 0xff, 0xff,
    0xff, 0xff, 0x30, 0xff, 0xff, 0xff, 0xff, 0xff,
    0xff, 0xfa, 0xe, 0xff, 0xff, 0xff, 0xff, 0xff,
    0xff, 0xa0, 0x2b, 0xff, 0xff, 0xff, 0xff, 0xff,
    0xa1, 0x0, 0x2, 0x69, 0xbc, 0xcb, 0x95, 0x10,
    0x0,

    /* U+1F620 "😠" */
    0x0, 0x0, 0x29, 0xdf, 0xfd, 0x81, 0x0, 0x0,
    0x0, 0x6f, 0xff, 0xff, 0xff, 0xe3, 0x0, 0x0,
    0x4f, 0xff, 0xff, 0xff, 0xff, 0xe1, 0x0, 0xd,
    0xff, 0xff, 0xff, 0xff, 0xff, 0x90, 0x4, 0xf9,
    0xcf, 0xff, 0xff, 0xfb, 0x9f, 0x0, 0x8f, 0x50,
    0x18, 0xff, 0x70, 0x7, 0xf5, 0xc, 0xff, 0x87,
    0xef, 0xfe, 0x78, 0xff, 0x90, 0xef, 0xff, 0xfd,
    0x87, 0xdf, 0xff, 0xfa, 0xf, 0xff, 0xff, 0x8e,
    0xe8, 0xff, 0xff, 0xc0, 0xef, 0xff, 0xff, 0xff,
    0xff, 0xff, 0xfb, 0x3, 0xcf, 0xff, 0xff, 0xff,
    0xff, 0xfb, 0x10, 0x0, 0x37, 0xac, 0xdd, 0xba,
    0x62, 0x0,

    /* U+1F621 "😡" */
    0x0, 0x0, 0x0, 0x13, 0x20, 0x0, 0x0, 0x0,
    0x0, 0x0, 0x6c, 0xff, 0xff, 0xc5, 0x0, 0x0,
    0x0, 0x2d, 0xcf, 0xff, 0xff, 0xfc, 0xb1, 0x0,
    0x2, 0xef, 0x22, 0x9f, 0xf9, 0x23, 0xfc, 0x0,
    0xd, 0xff, 0xc4, 0x6f, 0xf5, 0x4c, 0xff, 0xa0,
    0x8f, 0xc7, 0xeb, 0xfe, 0xef, 0xbe, 0x7c, 0xf4,
    0xdf, 0x0, 0x5d, 0x5a, 0xa5, 0xd5, 0x1, 0xfa,
    0xff, 0x40, 0x9e, 0xdf, 0xfc, 0xe8, 0x5, 0xfb,
    0xdf, 0xff, 0xff, 0xff, 0xff, 0xff, 0xff, 0xf9,
    0x8f, 0xff, 0xff, 0xff, 0xff, 0xff, 0xff, 0xf4,
    0x1d, 0xff, 0xff, 0xff, 0xff, 0xff, 0xff, 0xa0,
    0x1, 0xdf, 0xff, 0xff, 0xff, 0xff, 0xfb, 0x0,
    0x0, 0x4, 0x9c, 0xef, 0xfd, 0xc8, 0x30, 0x0,

    /* U+1F623 "😣" */
    0x0, 0x0, 0x0, 0x0, 0x0, 0x0, 0x0, 0x0,
    0x0, 0x4, 0xae, 0xff, 0xe9, 0x20, 0x0, 0x0,
    0x1a, 0xff, 0xff, 0xff, 0xff, 0x80, 0x0, 0xc,
    0xfe, 0xef, 0xff, 0xff, 0xef, 0x80, 0x7, 0xff,
    0xc1, 0x9f, 0xfa, 0x2b, 0xff, 0x30, 0xdf, 0xff,
    0xff, 0xff, 0xee, 0xff, 0xf9, 0xf, 0xff, 0xff,
    0xa7, 0x88, 0xff, 0xff, 0xc2, 0xff, 0xff, 0xfa,
    0xff, 0xdb, 0xff, 0xfe, 0x1f, 0xff, 0xff, 0xff,
    0xff, 0xff, 0xff, 0xc0, 0xdf, 0xff, 0xff, 0xff,
    0xff, 0xff, 0xf9, 0x7, 0xff, 0xff, 0xff, 0xff,
    0xff, 0xff, 0x40, 0xb, 0xff, 0xff, 0xff, 0xff,
    0xff, 0x80, 0x0, 0x3, 0x8a, 0xcd, 0xed, 0xa7,
    0x10, 0x0,

    /* U+1F624 "😤" */
    0x0, 0x0, 0x0, 0x13, 0x31, 0x0, 0x0, 0x0,
    0x0, 0x0, 0x7d, 0xff, 0xff, 0xc5, 0x0, 0x0,
    0x0, 0x2d, 0xff, 0xff, 0xff, 0xff, 0xb1, 0x0,
    0x2, 0xef, 0xd5, 0xef, 0xfd, 0x4f, 0xfc, 0x0,
    0xd, 0xff, 0xe0, 0xef, 0xfb, 0x2f, 0xff, 0xb0,
    0x8f, 0xff, 0xff, 0xea, 0xae, 0xff, 0xff, 0xf4,
    0xde, 0xae, 0xdc, 0x9d, 0xd9, 0xcd, 0xea, 0xea,
    0xf4, 0x2, 0x2f, 0xff, 0xff, 0xf2, 0x10, 0x4b,
    0xd3, 0x0, 0x2f, 0xff, 0xff, 0xf2, 0x0, 0x49,
    0x84, 0x0, 0xe, 0xff, 0xff, 0xe0, 0x0, 0x44,
    0xb, 0xaa, 0xcf, 0xff, 0xff, 0xfc, 0xaa, 0x80,
    0x1, 0xcf, 0xff, 0xff, 0xff, 0xff, 0xfa, 0x0,
    0x0, 0x4, 0x8c, 0xde, 0xed, 0xb8, 0x30, 0x0,

    /* U+1F625 "😥" */
    0x0, 0x0, 0x0, 0x0, 0x0, 0x0, 0x0, 0x0,
    0x0, 0x0, 0x5b, 0xef, 0xfe, 0xa3, 0x0, 0x0,
    0x1, 0xbf, 0xff, 0xff, 0xff, 0xf7, 0x0, 0x1,
    0xdd, 0xff, 0xff, 0xff, 0xff, 0xf3, 0x0, 0xa7,
    0xaf, 0xff, 0xff, 0xff, 0xff, 0xa0, 0x4f, 0x4e,
    0xff, 0xff, 0xff, 0xff, 0xfc, 0xa, 0xff, 0xff,
    0xf8, 0x6c, 0xfc, 0xff, 0xb0, 0xef, 0xff, 0xff,
    0xde, 0xff, 0x9c, 0xf8, 0xf, 0xff, 0xff, 0xff,
    0x60, 0x1c, 0xff, 0x50, 0xff, 0xff, 0xff, 0xf4,
    0xbc, 0xef, 0xf7, 0xc, 0xff, 0xff, 0xff, 0xff,
    0xff, 0xff, 0x50, 0x8, 0xef, 0xff, 0xff, 0xff,
    0xfc, 0x40, 0x0, 0x0, 0x26, 0x78, 0x76, 0x40,
    0x0, 0x0,

    /* U+1F626 "😦" */
    0x0, 0x0, 0x2, 0x8d, 0xed, 0xa5, 0x0, 0x0,
    0x0, 0x6, 0xff, 0xff, 0xff, 0xfb, 0x10, 0x0,
    0x7, 0xfd, 0xbf, 0xef, 0xff, 0xfb, 0x0, 0x4,
    0xfa, 0xe, 0xfa, 0xcf, 0xff, 0xf4, 0x0, 0xdf,
    0xfe, 0xff, 0x93, 0xff, 0xff, 0x80, 0x5f, 0xff,
    0xfe, 0xff, 0xff, 0xff, 0xfa, 0xa, 0xff, 0xe4,
    0x0, 0x5e, 0xff, 0xff, 0xa0, 0xdf, 0xf6, 0x0,
    0x0, 0x3f, 0xff, 0xf8, 0xf, 0xff, 0x50, 0x0,
    0x0, 0xcf, 0xff, 0x40, 0xff, 0xff, 0xcc, 0x50,
    0xd, 0xff, 0xf3, 0x1f, 0xff, 0xff, 0xff, 0xcc,
    0xff, 0xff, 0xa0, 0xef, 0xff, 0xff, 0xff, 0xff,
    0xff, 0xfb, 0x2, 0xcf, 0xff, 0xff, 0xff, 0xff,
    0xfb, 0x10, 0x0, 0x37, 0xac, 0xdd, 0xba, 0x61,
    0x0,

    /* U+1F627 "😧" */
    0x0, 0x0, 0x0, 0x14, 0x54, 0x20, 0x0, 0x0,
    0x0, 0x2, 0xbf, 0xff, 0xff, 0xd5, 0x0, 0x0,
    0x4, 0xff, 0xdf, 0xff, 0xff, 0xf6, 0x0, 0x3,
    0xf3, 0x8e, 0xcd, 0xff, 0xff, 0xf2, 0x0, 0xdf,
    0xbe, 0xff, 0xa, 0xff, 0xff, 0x90, 0x5f, 0xff,
    0xff, 0xfc, 0xff, 0xff, 0xfd, 0xb, 0xff, 0xa6,
    0x9f, 0xff, 0xff, 0xff, 0xe0, 0xff, 0x50, 0x0,
    0x5f, 0xff, 0xbd, 0xfc, 0xf, 0xf6, 0x20, 0x0,
    0xef, 0xf4, 0x9f, 0xa2, 0xff, 0xff, 0xeb, 0x7e,
    0xff, 0xad, 0xfa, 0xf, 0xff, 0xff, 0xff, 0xff,
    0xff, 0xff, 0xb0, 0x4e, 0xff, 0xff, 0xff, 0xff,
    0xff, 0xc2, 0x0, 0x5, 0xac, 0xef, 0xfd, 0xc8,
    0x30, 0x0,

    /* U+1F628 "😨" */
    0x0, 0x0, 0x0, 0x3, 0x44, 0x20, 0x0, 0x0,
    0x0, 0x1, 0x9f, 0xff, 0xfe, 0x73, 0x0, 0x0,
    0x3, 0xef, 0xff, 0xff, 0xe9, 0x96, 0x0, 0x2,
    0xfd, 0xcf, 0xff, 0xfe, 0x99, 0xa1, 0x0, 0xcf,
    0x55, 0xff, 0xba, 0xe9, 0x9a, 0x80, 0x4f, 0xff,
    0xff, 0xf5, 0x5e, 0x99, 0xad, 0xa, 0xff, 0x81,
    0x2a, 0xff, 0xfb, 0xcc, 0xe0, 0xef, 0xb0, 0x0,
    0xc, 0xff, 0xff, 0xfc, 0xf, 0xfa, 0x0, 0x0,
    0x8f, 0xf8, 0xbf, 0x91, 0xff, 0xfc, 0xb6, 0x3d,
    0xff, 0x49, 0xfa, 0xf, 0xff, 0xff, 0xff, 0xff,
    0xfd, 0xef, 0xa0, 0x5e, 0xff, 0xff, 0xff, 0xff,
    0xff, 0xc1, 0x0, 0x5, 0x9c, 0xef, 0xfd, 0xc8,
    0x30, 0x0,

    /* U+1F629 "😩" */
    0x0, 0x0, 0x0, 0x0, 0x0, 0x0, 0x0, 0x0,
    0x0, 0x5b, 0xef, 0xfd, 0x93, 0x0, 0x0, 0x0,
    0xaf, 0xff, 0xff, 0xff, 0xf9, 0x0, 0x0, 0x8f,
    0xff, 0xff, 0xff, 0xff, 0xfb, 0x0, 0xe, 0xff,
    0xff, 0xff, 0xff, 0xff, 0xf7, 0x2, 0xff, 0xff,
    0xff, 0xff, 0xff, 0xff, 0xf1, 0x2f, 0xff, 0xaf,
    0xa7, 0x9f, 0xff, 0xff, 0x80, 0xef, 0x8d, 0xff,
    0xff, 0xff, 0xff, 0xfc, 0xb, 0xff, 0xab, 0xb4,
    0x7f, 0xff, 0xff, 0xe0, 0xcf, 0xf0, 0x0, 0x0,
    0xff, 0xff, 0xff, 0xc, 0xff, 0xbb, 0xa5, 0x9f,
    0xff, 0xff, 0xc0, 0x2b, 0xff, 0xff, 0xff, 0xff,
    0xff, 0xc2, 0x0, 0x2, 0x6a, 0xbd, 0xdb, 0xa6,
    0x20, 0x0,

    /* U+1F62A "😪" */
    0x0, 0x0, 0x1, 0x7b, 0xdc, 0x93, 0x0, 0x0,
    0x0, 0x5, 0xff, 0xff, 0xff, 0xfa, 0x0, 0x0,
    0x7, 0xfc, 0xff, 0xff, 0xff, 0xfa, 0x0, 0x4,
    0xfe, 0xb6, 0xcf, 0xef, 0xff, 0xf3, 0x0, 0xd2,
    0x9, 0xff, 0xf9, 0x8e, 0xff, 0x80, 0x4f, 0x10,
    0x8f, 0xff, 0xff, 0xff, 0xfa, 0x9, 0xfe, 0xcf,
    0xff, 0xff, 0xff, 0xff, 0xa0, 0xdf, 0xff, 0xc2,
    0x5, 0xff, 0xff, 0xf7, 0xf, 0xff, 0xf5, 0x0,
    0x6, 0xff, 0xff, 0x40, 0xff, 0xff, 0xb1, 0x0,
    0x6f, 0xff, 0xf3, 0xf, 0xff, 0xff, 0xfe, 0xef,
    0xff, 0xff, 0x90, 0xef, 0xff, 0xff, 0xff, 0xff,
    0xff, 0xfa, 0x2, 0xcf, 0xff, 0xff, 0xff, 0xff,
    0xf9, 0x0, 0x0, 0x26, 0x9a, 0xcb, 0xa9, 0x51,
    0x0,

    /* U+1F62B "😫" */
    0x0, 0x0, 0x0, 0x0, 0x0, 0x0, 0x0, 0x0,
    0x0, 0x3, 0xae, 0xff, 0xe9, 0x20, 0x0, 0x0,
    0x7, 0xff, 0xff, 0xff, 0xff, 0x40, 0x0, 0x6,
    0xfd, 0xff, 0xff, 0xff, 0xff, 0x20, 0x0, 0xee,
    0x1f, 0xff, 0xff, 0xff, 0xfb, 0x0, 0x5f, 0xd2,
    0xff, 0xff, 0xff, 0xff, 0xf2, 0xa, 0xff, 0xff,
    0xff, 0xff, 0xff, 0xef, 0x60, 0xdf, 0xff, 0x99,
    0xff, 0xfd, 0x3a, 0xf9, 0xf, 0xff, 0xf9, 0x6b,
    0xff, 0xdc, 0xdf, 0xb0, 0xff, 0xff, 0xff, 0xc9,
    0x9b, 0xff, 0xfc, 0xe, 0xff, 0xfd, 0x20, 0x0,
    0x1, 0xef, 0xb0, 0x3d, 0xff, 0xa1, 0x0, 0x2,
    0x6f, 0xb1, 0x0, 0x4, 0x8b, 0xde, 0xdd, 0xb8,
    0x30, 0x0,

    /* U+1F62C "😬" */
    0x0, 0x0, 0x0, 0x1, 0x10, 0x0, 0x0, 0x0,
    0x0, 0x0, 0x5b, 0xff, 0xff, 0xa4, 0x0, 0x0,
    0x0, 0x2c, 0xff, 0xff, 0xff, 0xff, 0xa1, 0x0,
    0x1, 0xef, 0x17, 0xcf, 0xdd, 0x71, 0xfc, 0x0,
    0xb, 0xff, 0x60, 0x4f, 0xc1, 0x7, 0xff, 0x80,
    0x2f, 0xff, 0xff, 0xdc, 0x9e, 0xff, 0xff, 0xf0,
    0x5f, 0xff, 0xf1, 0x77, 0x7, 0x2f, 0xff, 0xf3,
    0x6f, 0xfe, 0x80, 0x88, 0x27, 0x7, 0xef, 0xf4,
    0x5f, 0xfe, 0xef, 0xff, 0xff, 0xfe, 0xef, 0xf2,
    0xf, 0xff, 0xff, 0xff, 0xff, 0xff, 0xff, 0xd0,
    0x8, 0xff, 0xff, 0xff, 0xff, 0xff, 0xff, 0x50,
    0x0, 0x9f, 0xff, 0xff, 0xff, 0xff, 0xf7, 0x0,
    0x0, 0x2, 0x7a, 0xcd, 0xdc, 0xa6, 0x10, 0x0,

    /* U+1F62D "😭" */
    0x0, 0x0, 0x1, 0x7b, 0xdc, 0x93, 0x0, 0x0,
    0x0, 0x5, 0xef, 0xff, 0xff, 0xfa, 0x0, 0x0,
    0x6, 0xf6, 0xcf, 0xff, 0xff, 0xfa, 0x0, 0x3,
    0xbc, 0xa7, 0xff, 0xda, 0xdf, 0xf3, 0x0, 0xd5,
    0xe7, 0x9f, 0xfa, 0x5e, 0xff, 0x80, 0x4c, 0xf5,
    0x0, 0x0, 0xbf, 0xcf, 0xfa, 0x5, 0x6f, 0x10,
    0x0, 0x2, 0xf9, 0x8f, 0xa0, 0xce, 0xfe, 0xb7,
    0x0, 0xf, 0xff, 0xf8, 0xf, 0xff, 0xff, 0xf9,
    0x37, 0xff, 0x7f, 0x40, 0xff, 0xff, 0xff, 0xff,
    0xff, 0xf7, 0xe2, 0xf, 0xff, 0xff, 0xff, 0xff,
    0xff, 0xff, 0x90, 0xef, 0xff, 0xff, 0xff, 0xff,
    0xff, 0xfa, 0x3, 0xdf, 0xff, 0xff, 0xff, 0xff,
    0xfa, 0x10, 0x0, 0x37, 0xab, 0xdc, 0xba, 0x61,
    0x0,

    /* U+1F62F "😯" */
    0x0, 0x0, 0x0, 0x0, 0x0, 0x0, 0x0, 0x0,
    0x0, 0x0, 0x3a, 0xff, 0xfc, 0x70, 0x0, 0x0,
    0x0, 0x8d, 0xff, 0xff, 0xff, 0xd1, 0x0, 0x0,
    0x9c, 0xf, 0xfd, 0x6f, 0xff, 0xc0, 0x0, 0x5f,
    0xfe, 0xff, 0xc6, 0xff, 0xff, 0x40, 0xe, 0xff,
    0xff, 0xff, 0xff, 0xff, 0xf9, 0x5, 0xa5, 0x66,
    0x96, 0xfd, 0xff, 0xff, 0xa0, 0xaf, 0xfe, 0xdc,
    0xd5, 0x68, 0xff, 0xfa, 0xe, 0xff, 0xff, 0xff,
    0xfc, 0x5, 0xff, 0x80, 0xff, 0xff, 0xff, 0xff,
    0xf1, 0xa, 0xf4, 0xf, 0xff, 0xff, 0xff, 0xff,
    0x70, 0x2e, 0x31, 0xff, 0xff, 0xff, 0xff, 0xfd,
    0x59, 0xca, 0xe, 0xff, 0xff, 0xff, 0xff, 0xfb,
    0xef, 0xa0, 0x2c, 0xff, 0xff, 0xff, 0xff, 0xff,
    0xa1, 0x0, 0x3, 0x7a, 0xcd, 0xdc, 0xa7, 0x20,
    0x0,

    /* U+1F631 "😱" */
    0x0, 0x0, 0x16, 0x89, 0x84, 0x0, 0x0, 0x0,
    0x7, 0xff, 0xff, 0xff, 0xc2, 0x0, 0x0, 0x9f,
    0xff, 0xff, 0xff, 0xfd, 0x10, 0x5, 0xff, 0xe8,
    0xff, 0x8e, 0xff, 0x80, 0xd, 0xfc, 0x36, 0xff,
    0x32, 0xbf, 0xf0, 0x3c, 0xef, 0xc9, 0xff, 0x7b,
    0xfe, 0xc4, 0x5a, 0x8f, 0xff, 0x4a, 0xff, 0xf7,
    0xa5, 0x6c, 0xda, 0xfb, 0x2, 0xff, 0xcb, 0xc6,
    0xb9, 0xf9, 0xd9, 0x0, 0xff, 0x7f, 0x9a, 0xe5,
    0xff, 0x8b, 0x1, 0xf8, 0xef, 0x8c, 0xfc, 0x8f,
    0x8f, 0xce, 0xf7, 0xfd, 0x75, 0xcf, 0x7f, 0x8f,
    0xff, 0xf7, 0xb3, 0x0, 0x7, 0x5f, 0x9f, 0xfc,
    0x71, 0x0, 0x0, 0x0, 0x0, 0x1, 0x0, 0x0,
    0x0, 0x0,

    /* U+1F632 "😲" */
    0x0, 0x0, 0x1, 0x7c, 0xdc, 0x93, 0x0, 0x0,
    0x0, 0x4, 0x69, 0xff, 0xff, 0xfa, 0x0, 0x0,
    0x6, 0x70, 0xf, 0xff, 0xff, 0xfa, 0x0, 0x3,
    0xf8, 0x6, 0xff, 0x96, 0xff, 0xf3, 0x0, 0xdf,
    0xfe, 0xff, 0xfe, 0xef, 0xff, 0x80, 0x5f, 0xfb,
    0xbf, 0xff, 0xff, 0xff, 0xfa, 0xa, 0xff, 0x10,
    0x41, 0x8, 0xff, 0xff, 0xa0, 0xdf, 0xfa, 0x71,
    0x0, 0x5f, 0xff, 0xf8, 0xf, 0xff, 0xff, 0xd5,
    0x5e, 0xff, 0xff, 0x40, 0xff, 0xff, 0xff, 0xff,
    0xff, 0xff, 0xf2, 0xf, 0xff, 0xff, 0xff, 0xff,
    0xff, 0xff, 0x90, 0xef, 0xff, 0xff, 0xff, 0xff,
    0xff, 0xfa, 0x3, 0xdf, 0xff, 0xff, 0xff, 0xff,
    0xfa, 0x10, 0x0, 0x37, 0xac, 0xdd, 0xca, 0x72,
    0x0,

    /* U+1F633 "😳" */
    0x0, 0x1, 0x59, 0xaa, 0x83, 0x0, 0x0, 0x0,
    0x6, 0xff, 0xff, 0xff, 0xfd, 0x30, 0x0, 0x5,
    0xff, 0xff, 0xff, 0xff, 0xff, 0x50, 0x0, 0xdf,
    0xff, 0xff, 0xff, 0xff, 0xff, 0x20, 0x1f, 0xff,
    0xff, 0xff, 0xff, 0xff, 0xfc, 0x2, 0xff, 0xfe,
    0xfd, 0xca, 0xff, 0xff, 0xf4, 0xf, 0xb7, 0xcf,
    0xfa, 0xea, 0xef, 0xff, 0x80, 0xa3, 0xbe, 0xda,
    0xf9, 0x5, 0xff, 0xfb, 0xa, 0x2b, 0xfc, 0xef,
    0xd3, 0xaf, 0xff, 0xc0, 0xdf, 0xff, 0xff, 0xff,
    0xff, 0xff, 0xfa, 0x2, 0xcf, 0xff, 0xff, 0xff,
    0xff, 0xfb, 0x10, 0x0, 0x27, 0xac, 0xdd, 0xba,
    0x62, 0x0,

    /* U+1F634 "😴" */
    0x0, 0x0, 0x0, 0x0, 0x0, 0x0, 0x0, 0x30,
    0x0, 0x0, 0x0, 0x0, 0x0, 0x0, 0x0, 0xa,
    0xe6, 0x0, 0x0, 0x0, 0x0, 0x0, 0x0, 0x2,
    0xcb, 0x20, 0x0, 0x0, 0x0, 0x0, 0x0, 0x0,
    0x5d, 0xb0, 0x0, 0x1, 0x69, 0xaa, 0x84, 0x0,
    0xa, 0x61, 0x0, 0x6, 0xff, 0xff, 0xff, 0xfc,
    0x24, 0xd6, 0x0, 0x6, 0xff, 0xff, 0xff, 0xff,
    0xf9, 0x49, 0x20, 0x0, 0xff, 0xff, 0xff, 0xff,
    0xfe, 0x28, 0x10, 0x0, 0x5f, 0xff, 0xff, 0xff,
    0xff, 0xb4, 0xe9, 0x0, 0x7, 0xff, 0xff, 0xff,
    0xff, 0xff, 0xff, 0xf0, 0x0, 0x6f, 0xff, 0xdf,
    0xdc, 0x9f, 0xff, 0xff, 0x50, 0x3, 0xfa, 0x7c,
    0xff, 0xbd, 0xff, 0xff, 0xf7, 0x0, 0xf, 0xff,
    0xff, 0xee, 0xff, 0xff, 0xff, 0x90, 0x1, 0xff,
    0xff, 0xd0, 0xc, 0xff, 0xff, 0xf9, 0x0, 0x1f,
    0xff, 0xfe, 0xc5, 0xbf, 0xff, 0xff, 0x60, 0x0,
    0x3c, 0xff, 0xff, 0x9d, 0xff, 0xfe, 0x70, 0x0,
    0x0, 0x2, 0x69, 0xab, 0xba, 0x84, 0x0, 0x0,
    0x0,

    /* U+1F635 "😵" */
    0x0, 0x0, 0x1, 0x7c, 0xdc, 0x93, 0x0, 0x0,
    0x0, 0x5, 0xbd, 0xff, 0xff, 0xfa, 0x0, 0x0,
    0x6, 0xfe, 0x54, 0x78, 0x9d, 0xfa, 0x0, 0x3,
    0xfd, 0x8c, 0xf8, 0xbe, 0xdf, 0xf3, 0x0, 0xdf,
    0xdc, 0xff, 0xf8, 0xcf, 0xff, 0x80, 0x5f, 0xf2,
    0x7, 0x75, 0xad, 0xff, 0xfa, 0xa, 0xff, 0x83,
    0x0, 0x0, 0xff, 0xff, 0xa0, 0xdf, 0xff, 0xf9,
    0x0, 0x3f, 0xff, 0xf8, 0xf, 0xff, 0xff, 0xfe,
    0xbf, 0xff, 0xff, 0x40, 0xff, 0xff, 0xff, 0xff,
    0xff, 0xff, 0xf2, 0xf, 0xff, 0xff, 0xff, 0xff,
    0xff, 0xff, 0x90, 0xef, 0xff, 0xff, 0xff, 0xff,
    0xff, 0xfb, 0x3, 0xdf, 0xff, 0xff, 0xff, 0xff,
    0xfb, 0x10, 0x0, 0x37, 0xac, 0xdd, 0xba, 0x62,
    0x0,

    /* U+1F636 "😶" */
    0x0, 0x0, 0x0, 0x0, 0x0, 0x0, 0x0, 0x0,
    0x0, 0x2, 0x9e, 0xff, 0xd8, 0x10, 0x0, 0x0,
    0x5, 0xff, 0xff, 0xff, 0xfe, 0x30, 0x0, 0x4,
    0xff, 0xff, 0xff, 0xff, 0xfe, 0x10, 0x0, 0xdf,
    0xff, 0xff, 0xff, 0xff, 0xfa, 0x0, 0x4f, 0xff,
    0xdf, 0xff, 0xfd, 0xff, 0xf1, 0x9, 0xff, 0xa2,
    0xff, 0xfe, 0xd, 0xff, 0x50, 0xcf, 0xff, 0xcf,
    0xff, 0xfc, 0xff, 0xf9, 0xe, 0xff, 0xff, 0xff,
    0xff, 0xff, 0xff, 0xa0, 0xff, 0xff, 0xff, 0xff,
    0xff, 0xff, 0xfc, 0xd, 0xff, 0xff, 0xff, 0xff,
    0xff, 0xff, 0xa0, 0x2c, 0xff, 0xff, 0xff, 0xff,
    0xff, 0xa0, 0x0, 0x2, 0x69, 0xbc, 0xcb, 0x96,
    0x10, 0x0,

    /* U+1F64C "🙌" */
    0x1, 0xbd, 0x30, 0x0, 0x0, 0x0, 0x4, 0xdb,
    0x10, 0xaf, 0xf8, 0x0, 0x0, 0x0, 0x0, 0x9f,
    0xf8, 0xc, 0xff, 0x81, 0x0, 0x0, 0x0, 0x18,
    0xff, 0xb0, 0xbf, 0xfe, 0x20, 0x0, 0x0, 0x3,
    0xef, 0xfa, 0xc, 0xfa, 0x0, 0x0, 0x0, 0x0,
    0x0, 0xbf, 0xb0, 0xef, 0x40, 0x18, 0xce, 0xfc,
    0x81, 0x5, 0xfd, 0xf, 0xf3, 0x4e, 0xff, 0xff,
    0xff, 0xe3, 0x4f, 0xe0, 0xff, 0x5f, 0xff, 0xff,
    0xff, 0xff, 0xe5, 0xff, 0xf, 0xfe, 0xfd, 0x7a,
    0xff, 0x97, 0xdf, 0xef, 0xe0, 0xef, 0xff, 0xff,
    0xff, 0xff, 0xff, 0xff, 0xfd, 0xc, 0xff, 0xff,
    0x81, 0x44, 0xa, 0xff, 0xff, 0xb0, 0x9f, 0xff,
    0xfd, 0x30, 0x4, 0xef, 0xff, 0xf8, 0x5, 0xff,
    0xff, 0xff, 0xef, 0xff, 0xff, 0xff, 0x40, 0xf,
    0xff, 0xff, 0xff, 0xff, 0xff, 0xff, 0xe0, 0x0,
    0x7f, 0xff, 0xff, 0xff, 0xff, 0xff, 0xf6, 0x0,
    0x0, 0x4b, 0xff, 0xff, 0xff, 0xff, 0xa3, 0x0,
    0x0, 0x0, 0x0, 0x24, 0x55, 0x42, 0x0, 0x0,
    0x0,

    /* U+1F64F "🙏" */
    0x0, 0x0, 0x0, 0x0, 0x33, 0x10, 0x0, 0x0,
    0x0, 0x0, 0x0, 0x1, 0x9f, 0xff, 0xfb, 0x20,
    0x0, 0x0, 0x0, 0x0, 0x1d, 0xff, 0xff, 0xff,
    0xe2, 0x0, 0x0, 0x0, 0x0, 0xaf, 0xff, 0xff,
    0xff, 0xfd, 0x0, 0x0, 0x0, 0x3, 0xff, 0xff,
    0xff, 0xff, 0xff, 0x60, 0x0, 0x0, 0xd, 0xfb,
    0x8e, 0xff, 0xf9, 0xaf, 0xe2, 0x0, 0x0, 0xcf,
    0xfc, 0x7a, 0xff, 0xb7, 0xaf, 0xfd, 0x10, 0xa,
    0xff, 0xff, 0xfd, 0x67, 0xbf, 0xff, 0xff, 0xc0,
    0x2f, 0xff, 0xff, 0xf8, 0xda, 0x7f, 0xff, 0xff,
    0xf4, 0x4f, 0xfe, 0xff, 0xf8, 0xda, 0x9e, 0xff,
    0xfe, 0xf7, 0x2f, 0xf8, 0x78, 0x7e, 0xda, 0xf7,
    0x88, 0x8f, 0xf5, 0xb, 0xff, 0xff, 0xff, 0xb8,
    0xff, 0xff, 0xff, 0xd0, 0x0, 0x6b, 0xde, 0xd9,
    0x10, 0x8d, 0xed, 0xc7, 0x0,

    /* U+1F680 "🚀" */
    0x30, 0x0, 0x0, 0x0, 0x0, 0x0, 0x0, 0x0,
    0x4b, 0x82, 0x0, 0x0, 0x0, 0x0, 0x0, 0x0,
    0xf, 0x8f, 0xd5, 0x0, 0x0, 0x0, 0x0, 0x0,
    0x6, 0xef, 0xff, 0xa0, 0x0, 0x0, 0x0, 0x0,
    0x6, 0xfd, 0x2f, 0xfb, 0x0, 0x0, 0x0, 0x0,
    0x0, 0xcf, 0xec, 0xcf, 0xb0, 0x0, 0x2, 0x0,
    0x0, 0x2e, 0xfa, 0xbf, 0xf8, 0x1, 0x4b, 0x80,
    0x0, 0x3, 0xff, 0xf2, 0xef, 0x8f, 0xff, 0xe7,
    0x0, 0x0, 0x3e, 0xfe, 0xff, 0xd9, 0xe7, 0x0,
    0x0, 0x0, 0x1, 0xbf, 0xf9, 0xa4, 0x0, 0x0,
    0x0, 0x0, 0x0, 0x7, 0xec, 0xb2, 0x0, 0x0,
    0x0, 0x0, 0x0, 0xf, 0x84, 0x1a, 0x0, 0x0,
    0x0, 0x0, 0x0, 0x1f, 0xf2, 0x0, 0x0, 0x0,
    0x0, 0x0, 0x0, 0x7f, 0xb0, 0x0, 0x0, 0x0,
    0x0, 0x0, 0x0, 0x8f, 0x40, 0x0, 0x0, 0x0,
    0x0, 0x0, 0x0, 0x6, 0x30, 0x0, 0x0, 0x0,

    /* U+1F697 "🚗" */
    0x0, 0x0, 0x0, 0x12, 0x22, 0x0, 0x0, 0x0,
    0x0, 0x0, 0x2c, 0xce, 0xcb, 0xd9, 0x0, 0x0,
    0x0, 0x0, 0xc4, 0xa, 0x10, 0x9, 0x90, 0x0,
    0x0, 0x6, 0xb0, 0xb, 0x20, 0x2, 0xf5, 0x0,
    0x4, 0xbf, 0xff, 0xff, 0xff, 0xff, 0xff, 0x50,
    0x3f, 0xff, 0xff, 0xff, 0xff, 0xff, 0xff, 0xf0,
    0x5f, 0xfa, 0xdf, 0xff, 0xff, 0xfa, 0xdf, 0xf2,
    0x1e, 0x9e, 0xad, 0xff, 0xff, 0x9e, 0xad, 0xb0,
    0x0, 0x5f, 0xd1, 0x22, 0x22, 0x5f, 0xd1, 0x0,
    0x0, 0x4, 0x10, 0x0, 0x0, 0x4, 0x10, 0x0,

    /* U+1F6AB "🚫" */
    0x0, 0x0, 0x38, 0xaa, 0x72, 0x0, 0x0, 0x0,
    0x1b, 0xff, 0xff, 0xff, 0x90, 0x0, 0x1, 0xef,
    0x92, 0x0, 0x3a, 0xfc, 0x0, 0xc, 0xff, 0xb0,
    0x0, 0x0, 0x7f, 0x80, 0x4f, 0x9d, 0xfb, 0x0,
    0x0, 0xb, 0xf1, 0xaf, 0x11, 0xdf, 0xb0, 0x0,
    0x4, 0xf6, 0xcd, 0x0, 0x1d, 0xfb, 0x0, 0x1,
    0xf8, 0xcd, 0x0, 0x1, 0xdf, 0xb0, 0x1, 0xf8,
    0x9f, 0x10, 0x0, 0x1d, 0xfb, 0x4, 0xf6, 0x4f,
    0x80, 0x0, 0x1, 0xdf, 0xbc, 0xf1, 0xc, 0xf4,
    0x0, 0x0, 0x1e, 0xff, 0x80, 0x1, 0xef, 0x82,
    0x0, 0x3b, 0xfc, 0x0, 0x0, 0x1c, 0xff, 0xff,
    0xff, 0x90, 0x0, 0x0, 0x0, 0x38, 0xaa, 0x72,
    0x0, 0x0
};


/*---------------------
 *  GLYPH DESCRIPTION
 *--------------------*/

static const lv_font_fmt_txt_glyph_dsc_t glyph_dsc[] = {
    {.bitmap_index = 0, .adv_w = 0, .box_w = 0, .box_h = 0, .ofs_x = 0, .ofs_y = 0} /* id = 0 reserved */,
    {.bitmap_index = 0, .adv_w = 125, .box_w = 8, .box_h = 12, .ofs_x = 0, .ofs_y = -1},
    {.bitmap_index = 48, .adv_w = 125, .box_w = 8, .box_h = 11, .ofs_x = 0, .ofs_y = 0},
    {.bitmap_index = 92, .adv_w = 125, .box_w = 8, .box_h = 14, .ofs_x = 0, .ofs_y = -3},
    {.bitmap_index = 148, .adv_w = 165, .box_w = 11, .box_h = 11, .ofs_x = 0, .ofs_y = 0},
    {.bitmap_index = 209, .adv_w = 165, .box_w = 11, .box_h = 11, .ofs_x = 0, .ofs_y = 0},
    {.bitmap_index = 270, .adv_w = 90, .box_w = 5, .box_h = 4, .ofs_x = 0, .ofs_y = 7},
    {.bitmap_index = 280, .adv_w = 131, .box_w = 8, .box_h = 10, .ofs_x = 0, .ofs_y = 0},
    {.bitmap_index = 320, .adv_w = 62, .box_w = 2, .box_h = 2, .ofs_x = 1, .ofs_y = 5},
    {.bitmap_index = 322, .adv_w = 187, .box_w = 12, .box_h = 12, .ofs_x = 0, .ofs_y = 0},
    {.bitmap_index = 394, .adv_w = 187, .box_w = 12, .box_h = 12, .ofs_x = 0, .ofs_y = -1},
    {.bitmap_index = 466, .adv_w = 187, .box_w = 12, .box_h = 11, .ofs_x = 0, .ofs_y = 0},
    {.bitmap_index = 532, .adv_w = 149, .box_w = 11, .box_h = 14, .ofs_x = -1, .ofs_y = 0},
    {.bitmap_index = 609, .adv_w = 149, .box_w = 11, .box_h = 14, .ofs_x = -1, .ofs_y = 0},
    {.bitmap_index = 686, .adv_w = 149, .box_w = 11, .box_h = 14, .ofs_x = -1, .ofs_y = 0},
    {.bitmap_index = 763, .adv_w = 149, .box_w = 11, .box_h = 13, .ofs_x = -1, .ofs_y = 0},
    {.bitmap_index = 835, .adv_w = 149, .box_w = 11, .box_h = 14, .ofs_x = -1, .ofs_y = 0},
    {.bitmap_index = 912, .adv_w = 149, .box_w = 11, .box_h = 14, .ofs_x = -1, .ofs_y = 0},
    {.bitmap_index = 989, .adv_w = 224, .box_w = 14, .box_h = 11, .ofs_x = 0, .ofs_y = 0},
    {.bitmap_index = 1066, .adv_w = 162, .box_w = 10, .box_h = 14, .ofs_x = 0, .ofs_y = -3},
    {.bitmap_index = 1136, .adv_w = 149, .box_w = 8, .box_h = 14, .ofs_x = 1, .ofs_y = 0},
    {.bitmap_index = 1192, .adv_w = 149, .box_w = 8, .box_h = 14, .ofs_x = 1, .ofs_y = 0},
    {.bitmap_index = 1248, .adv_w = 149, .box_w = 8, .box_h = 14, .ofs_x = 1, .ofs_y = 0},
    {.bitmap_index = 1304, .adv_w = 149, .box_w = 8, .box_h = 14, .ofs_x = 1, .ofs_y = 0},
    {.bitmap_index = 1360, .adv_w = 62, .box_w = 3, .box_h = 14, .ofs_x = 0, .ofs_y = 0},
    {.bitmap_index = 1381, .adv_w = 62, .box_w = 3, .box_h = 14, .ofs_x = 1, .ofs_y = 0},
    {.bitmap_index = 1402, .adv_w = 62, .box_w = 6, .box_h = 14, .ofs_x = -1, .ofs_y = 0},
    {.bitmap_index = 1444, .adv_w = 62, .box_w = 4, .box_h = 14, .ofs_x = 0, .ofs_y = 0},
    {.bitmap_index = 1472, .adv_w = 162, .box_w = 10, .box_h = 11, .ofs_x = 0, .ofs_y = 0},
    {.bitmap_index = 1527, .adv_w = 162, .box_w = 8, .box_h = 13, .ofs_x = 1, .ofs_y = 0},
    {.bitmap_index = 1579, .adv_w = 174, .box_w = 11, .box_h = 14, .ofs_x = 0, .ofs_y = 0},
    {.bitmap_index = 1656, .adv_w = 174, .box_w = 11, .box_h = 14, .ofs_x = 0, .ofs_y = 0},
    {.bitmap_index = 1733, .adv_w = 174, .box_w = 11, .box_h = 14, .ofs_x = 0, .ofs_y = 0},
    {.bitmap_index = 1810, .adv_w = 174, .box_w = 11, .box_h = 14, .ofs_x = 0, .ofs_y = 0},
    {.bitmap_index = 1887, .adv_w = 174, .box_w = 11, .box_h = 14, .ofs_x = 0, .ofs_y = 0},
    {.bitmap_index = 1964, .adv_w = 131, .box_w = 7, .box_h = 7, .ofs_x = 1, .ofs_y = 2},
    {.bitmap_index = 1989, .adv_w = 174, .box_w = 11, .box_h = 13, .ofs_x = 0, .ofs_y = -1},
    {.bitmap_index = 2061, .adv_w = 162, .box_w = 8, .box_h = 14, .ofs_x = 1, .ofs_y = 0},
    {.bitmap_index = 2117, .adv_w = 162, .box_w = 8, .box_h = 14, .ofs_x = 1, .ofs_y = 0},
    {.bitmap_index = 2173, .adv_w = 162, .box_w = 8, .box_h = 14, .ofs_x = 1, .ofs_y = 0},
    {.bitmap_index = 2229, .adv_w = 162, .box_w = 8, .box_h = 14, .ofs_x = 1, .ofs_y = 0},
    {.bitmap_index = 2285, .adv_w = 149, .box_w = 10, .box_h = 14, .ofs_x = 0, .ofs_y = 0},
    {.bitmap_index = 2355, .adv_w = 149, .box_w = 8, .box_h = 11, .ofs_x = 1, .ofs_y = 0},
    {.bitmap_index = 2399, .adv_w = 137, .box_w = 8, .box_h = 11, .ofs_x = 1, .ofs_y = 0},
    {.bitmap_index = 2443, .adv_w = 125, .box_w = 8, .box_h = 11, .ofs_x = 0, .ofs_y = 0},
    {.bitmap_index = 2487, .adv_w = 125, .box_w = 8, .box_h = 11, .ofs_x = 0, .ofs_y = 0},
    {.bitmap_index = 2531, .adv_w = 125, .box_w = 8, .box_h = 11, .ofs_x = 0, .ofs_y = 0},
    {.bitmap_index = 2575, .adv_w = 125, .box_w = 8, .box_h = 11, .ofs_x = 0, .ofs_y = 0},
    {.bitmap_index = 2619, .adv_w = 125, .box_w = 8, .box_h = 11, .ofs_x = 0, .ofs_y = 0},
    {.bitmap_index = 2663, .adv_w = 125, .box_w = 8, .box_h = 11, .ofs_x = 0, .ofs_y = 0},
    {.bitmap_index = 2707, .adv_w = 199, .box_w = 12, .box_h = 8, .ofs_x = 0, .ofs_y = 0},
    {.bitmap_index = 2755, .adv_w = 112, .box_w = 7, .box_h = 11, .ofs_x = 0, .ofs_y = -3},
    {.bitmap_index = 2794, .adv_w = 125, .box_w = 8, .box_h = 11, .ofs_x = 0, .ofs_y = 0},
    {.bitmap_index = 2838, .adv_w = 125, .box_w = 8, .box_h = 11, .ofs_x = 0, .ofs_y = 0},
    {.bitmap_index = 2882, .adv_w = 125, .box_w = 8, .box_h = 11, .ofs_x = 0, .ofs_y = 0},
    {.bitmap_index = 2926, .adv_w = 125, .box_w = 8, .box_h = 11, .ofs_x = 0, .ofs_y = 0},
    {.bitmap_index = 2970, .adv_w = 62, .box_w = 3, .box_h = 11, .ofs_x = 0, .ofs_y = 0},
    {.bitmap_index = 2987, .adv_w = 62, .box_w = 3, .box_h = 11, .ofs_x = 1, .ofs_y = 0},
    {.bitmap_index = 3004, .adv_w = 62, .box_w = 6, .box_h = 11, .ofs_x = -1, .ofs_y = 0},
    {.bitmap_index = 3037, .adv_w = 62, .box_w = 4, .box_h = 11, .ofs_x = 0, .ofs_y = 0},
    {.bitmap_index = 3059, .adv_w = 125, .box_w = 8, .box_h = 11, .ofs_x = 0, .ofs_y = 0},
    {.bitmap_index = 3103, .adv_w = 125, .box_w = 7, .box_h = 11, .ofs_x = 0, .ofs_y = 0},
    {.bitmap_index = 3142, .adv_w = 125, .box_w = 8, .box_h = 11, .ofs_x = 0, .ofs_y = 0},
    {.bitmap_index = 3186, .adv_w = 125, .box_w = 8, .box_h = 11, .ofs_x = 0, .ofs_y = 0},
    {.bitmap_index = 3230, .adv_w = 125, .box_w = 8, .box_h = 11, .ofs_x = 0, .ofs_y = 0},
    {.bitmap_index = 3274, .adv_w = 125, .box_w = 8, .box_h = 11, .ofs_x = 0, .ofs_y = 0},
    {.bitmap_index = 3318, .adv_w = 125, .box_w = 8, .box_h = 11, .ofs_x = 0, .ofs_y = 0},
    {.bitmap_index = 3362, .adv_w = 131, .box_w = 8, .box_h = 6, .ofs_x = 0, .ofs_y = 2},
    {.bitmap_index = 3386, .adv_w = 137, .box_w = 8, .box_h = 10, .ofs_x = 0, .ofs_y = -1},
    {.bitmap_index = 3426, .adv_w = 125, .box_w = 7, .box_h = 11, .ofs_x = 0, .ofs_y = 0},
    {.bitmap_index = 3465, .adv_w = 125, .box_w = 7, .box_h = 11, .ofs_x = 0, .ofs_y = 0},
    {.bitmap_index = 3504, .adv_w = 125, .box_w = 7, .box_h = 11, .ofs_x = 0, .ofs_y = 0},
    {.bitmap_index = 3543, .adv_w = 125, .box_w = 7, .box_h = 11, .ofs_x = 0, .ofs_y = 0},
    {.bitmap_index = 3582, .adv_w = 112, .box_w = 7, .box_h = 14, .ofs_x = 0, .ofs_y = -3},
    {.bitmap_index = 3631, .adv_w = 125, .box_w = 8, .box_h = 14, .ofs_x = 0, .ofs_y = -3},
    {.bitmap_index = 3687, .adv_w = 112, .box_w = 7, .box_h = 14, .ofs_x = 0, .ofs_y = -3},
    {.bitmap_index = 3736, .adv_w = 149, .box_w = 11, .box_h = 13, .ofs_x = -1, .ofs_y = 0},
    {.bitmap_index = 3808, .adv_w = 125, .box_w = 8, .box_h = 11, .ofs_x = 0, .ofs_y = 0},
    {.bitmap_index = 3852, .adv_w = 149, .box_w = 11, .box_h = 14, .ofs_x = -1, .ofs_y = 0},
    {.bitmap_index = 3929, .adv_w = 125, .box_w = 8, .box_h = 11, .ofs_x = 0, .ofs_y = 0},
    {.bitmap_index = 3973, .adv_w = 149, .box_w = 12, .box_h = 14, .ofs_x = -1, .ofs_y = -3},
    {.bitmap_index = 4057, .adv_w = 125, .box_w = 8, .box_h = 11, .ofs_x = 0, .ofs_y = -3},
    {.bitmap_index = 4101, .adv_w = 162, .box_w = 10, .box_h = 14, .ofs_x = 0, .ofs_y = 0},
    {.bitmap_index = 4171, .adv_w = 112, .box_w = 7, .box_h = 11, .ofs_x = 0, .ofs_y = 0},
    {.bitmap_index = 4210, .adv_w = 162, .box_w = 10, .box_h = 14, .ofs_x = 0, .ofs_y = 0},
    {.bitmap_index = 4280, .adv_w = 112, .box_w = 7, .box_h = 11, .ofs_x = 0, .ofs_y = 0},
    {.bitmap_index = 4319, .adv_w = 162, .box_w = 10, .box_h = 14, .ofs_x = 0, .ofs_y = 0},
    {.bitmap_index = 4389, .adv_w = 112, .box_w = 7, .box_h = 11, .ofs_x = 0, .ofs_y = 0},
    {.bitmap_index = 4428, .adv_w = 162, .box_w = 10, .box_h = 14, .ofs_x = 0, .ofs_y = 0},
    {.bitmap_index = 4498, .adv_w = 112, .box_w = 7, .box_h = 11, .ofs_x = 0, .ofs_y = 0},
    {.bitmap_index = 4537, .adv_w = 162, .box_w = 9, .box_h = 14, .ofs_x = 1, .ofs_y = 0},
    {.bitmap_index = 4600, .adv_w = 140, .box_w = 9, .box_h = 11, .ofs_x = 0, .ofs_y = 0},
    {.bitmap_index = 4650, .adv_w = 162, .box_w = 11, .box_h = 11, .ofs_x = -1, .ofs_y = 0},
    {.bitmap_index = 4711, .adv_w = 125, .box_w = 8, .box_h = 11, .ofs_x = 0, .ofs_y = 0},
    {.bitmap_index = 4755, .adv_w = 149, .box_w = 8, .box_h = 13, .ofs_x = 1, .ofs_y = 0},
    {.bitmap_index = 4807, .adv_w = 125, .box_w = 8, .box_h = 11, .ofs_x = 0, .ofs_y = 0},
    {.bitmap_index = 4851, .adv_w = 149, .box_w = 8, .box_h = 14, .ofs_x = 1, .ofs_y = 0},
    {.bitmap_index = 4907, .adv_w = 125, .box_w = 8, .box_h = 11, .ofs_x = 0, .ofs_y = 0},
    {.bitmap_index = 4951, .adv_w = 149, .box_w = 8, .box_h = 13, .ofs_x = 1, .ofs_y = 0},
    {.bitmap_index = 5003, .adv_w = 125, .box_w = 8, .box_h = 11, .ofs_x = 0, .ofs_y = 0},
    {.bitmap_index = 5047, .adv_w = 149, .box_w = 9, .box_h = 14, .ofs_x = 1, .ofs_y = -3},
    {.bitmap_index = 5110, .adv_w = 125, .box_w = 8, .box_h = 11, .ofs_x = 0, .ofs_y = -3},
    {.bitmap_index = 5154, .adv_w = 149, .box_w = 8, .box_h = 14, .ofs_x = 1, .ofs_y = 0},
    {.bitmap_index = 5210, .adv_w = 125, .box_w = 8, .box_h = 11, .ofs_x = 0, .ofs_y = 0},
    {.bitmap_index = 5254, .adv_w = 174, .box_w = 10, .box_h = 14, .ofs_x = 0, .ofs_y = 0},
    {.bitmap_index = 5324, .adv_w = 125, .box_w = 7, .box_h = 14, .ofs_x = 0, .ofs_y = -3},
    {.bitmap_index = 5373, .adv_w = 174, .box_w = 10, .box_h = 14, .ofs_x = 0, .ofs_y = 0},
    {.bitmap_index = 5443, .adv_w = 125, .box_w = 7, .box_h = 14, .ofs_x = 0, .ofs_y = -3},
    {.bitmap_index = 5492, .adv_w = 174, .box_w = 10, .box_h = 14, .ofs_x = 0, .ofs_y = 0},
    {.bitmap_index = 5562, .adv_w = 125, .box_w = 7, .box_h = 14, .ofs_x = 0, .ofs_y = -3},
    {.bitmap_index = 5611, .adv_w = 174, .box_w = 10, .box_h = 14, .ofs_x = 0, .ofs_y = -3},
    {.bitmap_index = 5681, .adv_w = 125, .box_w = 7, .box_h = 16, .ofs_x = 0, .ofs_y = -3},
    {.bitmap_index = 5737, .adv_w = 162, .box_w = 8, .box_h = 14, .ofs_x = 1, .ofs_y = 0},
    {.bitmap_index = 5793, .adv_w = 125, .box_w = 7, .box_h = 14, .ofs_x = 0, .ofs_y = 0},
    {.bitmap_index = 5842, .adv_w = 162, .box_w = 12, .box_h = 11, .ofs_x = -1, .ofs_y = 0},
    {.bitmap_index = 5908, .adv_w = 125, .box_w = 7, .box_h = 11, .ofs_x = 0, .ofs_y = 0},
    {.bitmap_index = 5947, .adv_w = 62, .box_w = 6, .box_h = 13, .ofs_x = -1, .ofs_y = 0},
    {.bitmap_index = 5986, .adv_w = 50, .box_w = 5, .box_h = 11, .ofs_x = -1, .ofs_y = 0},
    {.bitmap_index = 6014, .adv_w = 62, .box_w = 6, .box_h = 13, .ofs_x = -1, .ofs_y = 0},
    {.bitmap_index = 6053, .adv_w = 50, .box_w = 5, .box_h = 11, .ofs_x = -1, .ofs_y = 0},
    {.bitmap_index = 6081, .adv_w = 62, .box_w = 5, .box_h = 14, .ofs_x = -1, .ofs_y = 0},
    {.bitmap_index = 6116, .adv_w = 50, .box_w = 5, .box_h = 11, .ofs_x = -1, .ofs_y = 0},
    {.bitmap_index = 6144, .adv_w = 62, .box_w = 4, .box_h = 14, .ofs_x = 1, .ofs_y = -3},
    {.bitmap_index = 6172, .adv_w = 50, .box_w = 4, .box_h = 14, .ofs_x = 0, .ofs_y = -3},
    {.bitmap_index = 6200, .adv_w = 62, .box_w = 2, .box_h = 13, .ofs_x = 1, .ofs_y = 0},
    {.bitmap_index = 6213, .adv_w = 62, .box_w = 2, .box_h = 8, .ofs_x = 1, .ofs_y = 0},
    {.bitmap_index = 6221, .adv_w = 168, .box_w = 9, .box_h = 11, .ofs_x = 1, .ofs_y = 0},
    {.bitmap_index = 6271, .adv_w = 99, .box_w = 6, .box_h = 14, .ofs_x = 0, .ofs_y = -3},
    {.bitmap_index = 6313, .adv_w = 112, .box_w = 8, .box_h = 14, .ofs_x = 0, .ofs_y = 0},
    {.bitmap_index = 6369, .adv_w = 50, .box_w = 5, .box_h = 14, .ofs_x = -1, .ofs_y = -3},
    {.bitmap_index = 6404, .adv_w = 149, .box_w = 9, .box_h = 15, .ofs_x = 1, .ofs_y = -4},
    {.bitmap_index = 6472, .adv_w = 112, .box_w = 7, .box_h = 15, .ofs_x = 0, .ofs_y = -4},
    {.bitmap_index = 6525, .adv_w = 98, .box_w = 7, .box_h = 8, .ofs_x = 0, .ofs_y = 0},
    {.bitmap_index = 6553, .adv_w = 125, .box_w = 7, .box_h = 14, .ofs_x = 1, .ofs_y = 0},
    {.bitmap_index = 6602, .adv_w = 50, .box_w = 4, .box_h = 14, .ofs_x = 0, .ofs_y = 0},
    {.bitmap_index = 6630, .adv_w = 125, .box_w = 7, .box_h = 15, .ofs_x = 1, .ofs_y = -4},
    {.bitmap_index = 6683, .adv_w = 50, .box_w = 3, .box_h = 15, .ofs_x = 0, .ofs_y = -4},
    {.bitmap_index = 6706, .adv_w = 125, .box_w = 9, .box_h = 14, .ofs_x = -1, .ofs_y = 0},
    {.bitmap_index = 6769, .adv_w = 50, .box_w = 5, .box_h = 14, .ofs_x = -1, .ofs_y = 0},
    {.bitmap_index = 6804, .adv_w = 125, .box_w = 7, .box_h = 11, .ofs_x = 1, .ofs_y = 0},
    {.bitmap_index = 6843, .adv_w = 71, .box_w = 5, .box_h = 11, .ofs_x = 0, .ofs_y = 0},
    {.bitmap_index = 6871, .adv_w = 125, .box_w = 8, .box_h = 11, .ofs_x = 0, .ofs_y = 0},
    {.bitmap_index = 6915, .adv_w = 50, .box_w = 4, .box_h = 11, .ofs_x = 0, .ofs_y = 0},
    {.bitmap_index = 6937, .adv_w = 162, .box_w = 8, .box_h = 14, .ofs_x = 1, .ofs_y = 0},
    {.bitmap_index = 6993, .adv_w = 125, .box_w = 7, .box_h = 11, .ofs_x = 0, .ofs_y = 0},
    {.bitmap_index = 7032, .adv_w = 162, .box_w = 8, .box_h = 15, .ofs_x = 1, .ofs_y = -4},
    {.bitmap_index = 7092, .adv_w = 125, .box_w = 7, .box_h = 12, .ofs_x = 0, .ofs_y = -4},
    {.bitmap_index = 7134, .adv_w = 162, .box_w = 8, .box_h = 14, .ofs_x = 1, .ofs_y = 0},
    {.bitmap_index = 7190, .adv_w = 125, .box_w = 7, .box_h = 11, .ofs_x = 0, .ofs_y = 0},
    {.bitmap_index = 7229, .adv_w = 140, .box_w = 9, .box_h = 11, .ofs_x = -1, .ofs_y = 0},
    {.bitmap_index = 7279, .adv_w = 162, .box_w = 9, .box_h = 14, .ofs_x = 1, .ofs_y = -3},
    {.bitmap_index = 7342, .adv_w = 125, .box_w = 7, .box_h = 11, .ofs_x = 0, .ofs_y = -3},
    {.bitmap_index = 7381, .adv_w = 174, .box_w = 11, .box_h = 13, .ofs_x = 0, .ofs_y = 0},
    {.bitmap_index = 7453, .adv_w = 125, .box_w = 8, .box_h = 11, .ofs_x = 0, .ofs_y = 0},
    {.bitmap_index = 7497, .adv_w = 174, .box_w = 11, .box_h = 14, .ofs_x = 0, .ofs_y = 0},
    {.bitmap_index = 7574, .adv_w = 125, .box_w = 8, .box_h = 11, .ofs_x = 0, .ofs_y = 0},
    {.bitmap_index = 7618, .adv_w = 174, .box_w = 11, .box_h = 14, .ofs_x = 0, .ofs_y = 0},
    {.bitmap_index = 7695, .adv_w = 125, .box_w = 8, .box_h = 11, .ofs_x = 0, .ofs_y = 0},
    {.bitmap_index = 7739, .adv_w = 224, .box_w = 14, .box_h = 11, .ofs_x = 0, .ofs_y = 0},
    {.bitmap_index = 7816, .adv_w = 211, .box_w = 13, .box_h = 8, .ofs_x = 0, .ofs_y = 0},
    {.bitmap_index = 7868, .adv_w = 162, .box_w = 9, .box_h = 14, .ofs_x = 1, .ofs_y = 0},
    {.bitmap_index = 7931, .adv_w = 75, .box_w = 5, .box_h = 11, .ofs_x = 0, .ofs_y = 0},
    {.bitmap_index = 7959, .adv_w = 162, .box_w = 9, .box_h = 15, .ofs_x = 1, .ofs_y = -4},
    {.bitmap_index = 8027, .adv_w = 75, .box_w = 5, .box_h = 12, .ofs_x = 0, .ofs_y = -4},
    {.bitmap_index = 8057, .adv_w = 162, .box_w = 9, .box_h = 14, .ofs_x = 1, .ofs_y = 0},
    {.bitmap_index = 8120, .adv_w = 75, .box_w = 5, .box_h = 11, .ofs_x = 0, .ofs_y = 0},
    {.bitmap_index = 8148, .adv_w = 149, .box_w = 9, .box_h = 14, .ofs_x = 0, .ofs_y = 0},
    {.bitmap_index = 8211, .adv_w = 112, .box_w = 7, .box_h = 11, .ofs_x = 0, .ofs_y = 0},
    {.bitmap_index = 8250, .adv_w = 149, .box_w = 9, .box_h = 14, .ofs_x = 0, .ofs_y = 0},
    {.bitmap_index = 8313, .adv_w = 112, .box_w = 7, .box_h = 11, .ofs_x = 0, .ofs_y = 0},
    {.bitmap_index = 8352, .adv_w = 149, .box_w = 9, .box_h = 14, .ofs_x = 0, .ofs_y = -3},
    {.bitmap_index = 8415, .adv_w = 112, .box_w = 7, .box_h = 11, .ofs_x = 0, .ofs_y = -3},
    {.bitmap_index = 8454, .adv_w = 149, .box_w = 9, .box_h = 14, .ofs_x = 0, .ofs_y = 0},
    {.bitmap_index = 8517, .adv_w = 112, .box_w = 7, .box_h = 11, .ofs_x = 0, .ofs_y = 0},
    {.bitmap_index = 8556, .adv_w = 137, .box_w = 9, .box_h = 15, .ofs_x = 0, .ofs_y = -4},
    {.bitmap_index = 8624, .adv_w = 62, .box_w = 4, .box_h = 15, .ofs_x = 0, .ofs_y = -4},
    {.bitmap_index = 8654, .adv_w = 137, .box_w = 9, .box_h = 14, .ofs_x = 0, .ofs_y = 0},
    {.bitmap_index = 8717, .adv_w = 91, .box_w = 6, .box_h = 11, .ofs_x = 0, .ofs_y = 0},
    {.bitmap_index = 8750, .adv_w = 137, .box_w = 9, .box_h = 11, .ofs_x = 0, .ofs_y = 0},
    {.bitmap_index = 8800, .adv_w = 62, .box_w = 4, .box_h = 11, .ofs_x = 0, .ofs_y = 0},
    {.bitmap_index = 8822, .adv_w = 162, .box_w = 8, .box_h = 14, .ofs_x = 1, .ofs_y = 0},
    {.bitmap_index = 8878, .adv_w = 125, .box_w = 7, .box_h = 11, .ofs_x = 0, .ofs_y = 0},
    {.bitmap_index = 8917, .adv_w = 162, .box_w = 8, .box_h = 13, .ofs_x = 1, .ofs_y = 0},
    {.bitmap_index = 8969, .adv_w = 125, .box_w = 7, .box_h = 11, .ofs_x = 0, .ofs_y = 0},
    {.bitmap_index = 9008, .adv_w = 162, .box_w = 8, .box_h = 14, .ofs_x = 1, .ofs_y = 0},
    {.bitmap_index = 9064, .adv_w = 125, .box_w = 7, .box_h = 11, .ofs_x = 0, .ofs_y = 0},
    {.bitmap_index = 9103, .adv_w = 162, .box_w = 8, .box_h = 15, .ofs_x = 1, .ofs_y = 0},
    {.bitmap_index = 9163, .adv_w = 125, .box_w = 7, .box_h = 11, .ofs_x = 0, .ofs_y = 0},
    {.bitmap_index = 9202, .adv_w = 162, .box_w = 8, .box_h = 14, .ofs_x = 1, .ofs_y = 0},
    {.bitmap_index = 9258, .adv_w = 125, .box_w = 7, .box_h = 11, .ofs_x = 0, .ofs_y = 0},
    {.bitmap_index = 9297, .adv_w = 162, .box_w = 8, .box_h = 14, .ofs_x = 1, .ofs_y = -3},
    {.bitmap_index = 9353, .adv_w = 125, .box_w = 8, .box_h = 11, .ofs_x = 0, .ofs_y = -3},
    {.bitmap_index = 9397, .adv_w = 211, .box_w = 14, .box_h = 14, .ofs_x = 0, .ofs_y = 0},
    {.bitmap_index = 9495, .adv_w = 162, .box_w = 11, .box_h = 11, .ofs_x = 0, .ofs_y = 0},
    {.bitmap_index = 9556, .adv_w = 149, .box_w = 10, .box_h = 14, .ofs_x = 0, .ofs_y = 0},
    {.bitmap_index = 9626, .adv_w = 112, .box_w = 7, .box_h = 14, .ofs_x = 0, .ofs_y = -3},
    {.bitmap_index = 9675, .adv_w = 149, .box_w = 10, .box_h = 14, .ofs_x = 0, .ofs_y = 0},
    {.bitmap_index = 9745, .adv_w = 137, .box_w = 9, .box_h = 14, .ofs_x = 0, .ofs_y = 0},
    {.bitmap_index = 9808, .adv_w = 112, .box_w = 7, .box_h = 11, .ofs_x = 0, .ofs_y = 0},
    {.bitmap_index = 9847, .adv_w = 137, .box_w = 9, .box_h = 13, .ofs_x = 0, .ofs_y = 0},
    {.bitmap_index = 9906, .adv_w = 112, .box_w = 7, .box_h = 11, .ofs_x = 0, .ofs_y = 0},
    {.bitmap_index = 9945, .adv_w = 137, .box_w = 9, .box_h = 14, .ofs_x = 0, .ofs_y = 0},
    {.bitmap_index = 10008, .adv_w = 112, .box_w = 7, .box_h = 11, .ofs_x = 0, .ofs_y = 0},
    {.bitmap_index = 10047, .adv_w = 50, .box_w = 5, .box_h = 11, .ofs_x = 0, .ofs_y = 0},
    {.bitmap_index = 10075, .adv_w = 112, .box_w = 9, .box_h = 2, .ofs_x = -1, .ofs_y = 3},
    {.bitmap_index = 10084, .adv_w = 224, .box_w = 16, .box_h = 2, .ofs_x = -1, .ofs_y = 3},
    {.bitmap_index = 10100, .adv_w = 50, .box_w = 3, .box_h = 4, .ofs_x = 0, .ofs_y = 7},
    {.bitmap_index = 10106, .adv_w = 50, .box_w = 3, .box_h = 4, .ofs_x = 0, .ofs_y = 7},
    {.bitmap_index = 10112, .adv_w = 75, .box_w = 5, .box_h = 4, .ofs_x = 0, .ofs_y = 7},
    {.bitmap_index = 10122, .adv_w = 75, .box_w = 5, .box_h = 4, .ofs_x = 0, .ofs_y = 7},
    {.bitmap_index = 10132, .adv_w = 78, .box_w = 5, .box_h = 4, .ofs_x = 0, .ofs_y = 3},
    {.bitmap_index = 10142, .adv_w = 224, .box_w = 12, .box_h = 2, .ofs_x = 1, .ofs_y = 0},
    {.bitmap_index = 10154, .adv_w = 125, .box_w = 9, .box_h = 11, .ofs_x = -1, .ofs_y = 0},
    {.bitmap_index = 10204, .adv_w = 229, .box_w = 14, .box_h = 12, .ofs_x = 0, .ofs_y = -1},
    {.bitmap_index = 10288, .adv_w = 206, .box_w = 12, .box_h = 11, .ofs_x = 0, .ofs_y = 0},
    {.bitmap_index = 10354, .adv_w = 224, .box_w = 11, .box_h = 7, .ofs_x = 1, .ofs_y = 4},
    {.bitmap_index = 10393, .adv_w = 160, .box_w = 10, .box_h = 5, .ofs_x = 0, .ofs_y = 1},
    {.bitmap_index = 10418, .adv_w = 160, .box_w = 5, .box_h = 10, .ofs_x = 2, .ofs_y = 0},
    {.bitmap_index = 10443, .adv_w = 160, .box_w = 10, .box_h = 5, .ofs_x = 0, .ofs_y = 1},
    {.bitmap_index = 10468, .adv_w = 160, .box_w = 5, .box_h = 10, .ofs_x = 2, .ofs_y = 0},
    {.bitmap_index = 10493, .adv_w = 131, .box_w = 8, .box_h = 8, .ofs_x = 0, .ofs_y = 1},
    {.bitmap_index = 10525, .adv_w = 131, .box_w = 8, .box_h = 10, .ofs_x = 0, .ofs_y = 0},
    {.bitmap_index = 10565, .adv_w = 131, .box_w = 8, .box_h = 10, .ofs_x = 0, .ofs_y = 0},
    {.bitmap_index = 10605, .adv_w = 284, .box_w = 12, .box_h = 15, .ofs_x = 3, .ofs_y = -2},
    {.bitmap_index = 10695, .adv_w = 284, .box_w = 14, .box_h = 14, .ofs_x = 2, .ofs_y = -2},
    {.bitmap_index = 10793, .adv_w = 284, .box_w = 15, .box_h = 10, .ofs_x = 1, .ofs_y = 0},
    {.bitmap_index = 10868, .adv_w = 284, .box_w = 14, .box_h = 15, .ofs_x = 2, .ofs_y = -2},
    {.bitmap_index = 10973, .adv_w = 284, .box_w = 13, .box_h = 14, .ofs_x = 3, .ofs_y = -1},
    {.bitmap_index = 11064, .adv_w = 284, .box_w = 10, .box_h = 17, .ofs_x = 4, .ofs_y = -3},
    {.bitmap_index = 11149, .adv_w = 284, .box_w = 16, .box_h = 14, .ofs_x = 1, .ofs_y = -2},
    {.bitmap_index = 11261, .adv_w = 284, .box_w = 12, .box_h = 15, .ofs_x = 3, .ofs_y = -2},
    {.bitmap_index = 11351, .adv_w = 284, .box_w = 14, .box_h = 14, .ofs_x = 2, .ofs_y = -2},
    {.bitmap_index = 11449, .adv_w = 284, .box_w = 12, .box_h = 9, .ofs_x = 3, .ofs_y = 1},
    {.bitmap_index = 11503, .adv_w = 284, .box_w = 12, .box_h = 9, .ofs_x = 3, .ofs_y = 1},
    {.bitmap_index = 11557, .adv_w = 284, .box_w = 14, .box_h = 13, .ofs_x = 2, .ofs_y = -1},
    {.bitmap_index = 11648, .adv_w = 284, .box_w = 12, .box_h = 16, .ofs_x = 3, .ofs_y = -3},
    {.bitmap_index = 11744, .adv_w = 284, .box_w = 16, .box_h = 17, .ofs_x = 1, .ofs_y = -4},
    {.bitmap_index = 11880, .adv_w = 284, .box_w = 15, .box_h = 14, .ofs_x = 1, .ofs_y = -2},
    {.bitmap_index = 11985, .adv_w = 284, .box_w = 11, .box_h = 12, .ofs_x = 3, .ofs_y = -1},
    {.bitmap_index = 12051, .adv_w = 284, .box_w = 8, .box_h = 14, .ofs_x = 5, .ofs_y = -2},
    {.bitmap_index = 12107, .adv_w = 284, .box_w = 4, .box_h = 12, .ofs_x = 7, .ofs_y = -1},
    {.bitmap_index = 12131, .adv_w = 284, .box_w = 15, .box_h = 12, .ofs_x = 1, .ofs_y = -1},
    {.bitmap_index = 12221, .adv_w = 284, .box_w = 13, .box_h = 13, .ofs_x = 2, .ofs_y = -1},
    {.bitmap_index = 12306, .adv_w = 284, .box_w = 17, .box_h = 14, .ofs_x = 0, .ofs_y = -2},
    {.bitmap_index = 12425, .adv_w = 284, .box_w = 14, .box_h = 14, .ofs_x = 2, .ofs_y = -2},
    {.bitmap_index = 12523, .adv_w = 284, .box_w = 15, .box_h = 14, .ofs_x = 1, .ofs_y = -2},
    {.bitmap_index = 12628, .adv_w = 284, .box_w = 12, .box_h = 16, .ofs_x = 3, .ofs_y = -3},
    {.bitmap_index = 12724, .adv_w = 284, .box_w = 17, .box_h = 16, .ofs_x = 0, .ofs_y = -3},
    {.bitmap_index = 12860, .adv_w = 284, .box_w = 14, .box_h = 16, .ofs_x = 2, .ofs_y = -3},
    {.bitmap_index = 12972, .adv_w = 284, .box_w = 16, .box_h = 17, .ofs_x = 1, .ofs_y = -3},
    {.bitmap_index = 13108, .adv_w = 284, .box_w = 16, .box_h = 16, .ofs_x = 1, .ofs_y = -3},
    {.bitmap_index = 13236, .adv_w = 284, .box_w = 18, .box_h = 17, .ofs_x = 0, .ofs_y = -4},
    {.bitmap_index = 13389, .adv_w = 284, .box_w = 14, .box_h = 15, .ofs_x = 2, .ofs_y = -2},
    {.bitmap_index = 13494, .adv_w = 284, .box_w = 16, .box_h = 16, .ofs_x = 1, .ofs_y = -3},
    {.bitmap_index = 13622, .adv_w = 284, .box_w = 13, .box_h = 14, .ofs_x = 2, .ofs_y = -2},
    {.bitmap_index = 13713, .adv_w = 284, .box_w = 16, .box_h = 13, .ofs_x = 1, .ofs_y = -2},
    {.bitmap_index = 13817, .adv_w = 284, .box_w = 15, .box_h = 17, .ofs_x = 1, .ofs_y = -3},
    {.bitmap_index = 13945, .adv_w = 284, .box_w = 13, .box_h = 13, .ofs_x = 2, .ofs_y = -1},
    {.bitmap_index = 14030, .adv_w = 284, .box_w = 13, .box_h = 12, .ofs_x = 2, .ofs_y = -1},
    {.bitmap_index = 14108, .adv_w = 284, .box_w = 12, .box_h = 12, .ofs_x = 3, .ofs_y = -1},
    {.bitmap_index = 14180, .adv_w = 284, .box_w = 14, .box_h = 14, .ofs_x = 2, .ofs_y = -2},
    {.bitmap_index = 14278, .adv_w = 284, .box_w = 11, .box_h = 17, .ofs_x = 3, .ofs_y = -3},
    {.bitmap_index = 14372, .adv_w = 284, .box_w = 11, .box_h = 17, .ofs_x = 3, .ofs_y = -3},
    {.bitmap_index = 14466, .adv_w = 284, .box_w = 17, .box_h = 11, .ofs_x = 0, .ofs_y = 0},
    {.bitmap_index = 14560, .adv_w = 284, .box_w = 17, .box_h = 11, .ofs_x = 0, .ofs_y = 0},
    {.bitmap_index = 14654, .adv_w = 284, .box_w = 16, .box_h = 12, .ofs_x = 1, .ofs_y = -1},
    {.bitmap_index = 14750, .adv_w = 284, .box_w = 16, .box_h = 17, .ofs_x = 1, .ofs_y = -3},
    {.bitmap_index = 14886, .adv_w = 284, .box_w = 14, .box_h = 16, .ofs_x = 2, .ofs_y = -2},
    {.bitmap_index = 14998, .adv_w = 284, .box_w = 15, .box_h = 15, .ofs_x = 1, .ofs_y = -2},
    {.bitmap_index = 15111, .adv_w = 284, .box_w = 15, .box_h = 15, .ofs_x = 1, .ofs_y = -3},
    {.bitmap_index = 15224, .adv_w = 284, .box_w = 17, .box_h = 17, .ofs_x = 0, .ofs_y = -3},
    {.bitmap_index = 15369, .adv_w = 284, .box_w = 18, .box_h = 14, .ofs_x = 0, .ofs_y = -2},
    {.bitmap_index = 15495, .adv_w = 284, .box_w = 15, .box_h = 12, .ofs_x = 1, .ofs_y = -1},
    {.bitmap_index = 15585, .adv_w = 284, .box_w = 15, .box_h = 12, .ofs_x = 1, .ofs_y = -1},
    {.bitmap_index = 15675, .adv_w = 284, .box_w = 16, .box_h = 16, .ofs_x = 1, .ofs_y = -3},
    {.bitmap_index = 15803, .adv_w = 284, .box_w = 16, .box_h = 13, .ofs_x = 1, .ofs_y = -2},
    {.bitmap_index = 15907, .adv_w = 284, .box_w = 16, .box_h = 14, .ofs_x = 1, .ofs_y = -2},
    {.bitmap_index = 16019, .adv_w = 284, .box_w = 16, .box_h = 16, .ofs_x = 1, .ofs_y = -2},
    {.bitmap_index = 16147, .adv_w = 284, .box_w = 16, .box_h = 14, .ofs_x = 1, .ofs_y = -2},
    {.bitmap_index = 16259, .adv_w = 284, .box_w = 16, .box_h = 14, .ofs_x = 1, .ofs_y = -2},
    {.bitmap_index = 16371, .adv_w = 284, .box_w = 16, .box_h = 14, .ofs_x = 1, .ofs_y = -2},
    {.bitmap_index = 16483, .adv_w = 284, .box_w = 16, .box_h = 14, .ofs_x = 1, .ofs_y = -2},
    {.bitmap_index = 16595, .adv_w = 284, .box_w = 16, .box_h = 15, .ofs_x = 1, .ofs_y = -2},
    {.bitmap_index = 16715, .adv_w = 284, .box_w = 15, .box_h = 16, .ofs_x = 1, .ofs_y = -3},
    {.bitmap_index = 16835, .adv_w = 284, .box_w = 14, .box_h = 17, .ofs_x = 2, .ofs_y = -3},
    {.bitmap_index = 16954, .adv_w = 284, .box_w = 16, .box_h = 16, .ofs_x = 1, .ofs_y = -3},
    {.bitmap_index = 17082, .adv_w = 284, .box_w = 14, .box_h = 16, .ofs_x = 2, .ofs_y = -3},
    {.bitmap_index = 17194, .adv_w = 284, .box_w = 15, .box_h = 16, .ofs_x = 1, .ofs_y = -3},
    {.bitmap_index = 17314, .adv_w = 284, .box_w = 16, .box_h = 15, .ofs_x = 1, .ofs_y = -4},
    {.bitmap_index = 17434, .adv_w = 284, .box_w = 15, .box_h = 16, .ofs_x = 1, .ofs_y = -3},
    {.bitmap_index = 17554, .adv_w = 284, .box_w = 15, .box_h = 14, .ofs_x = 1, .ofs_y = -2},
    {.bitmap_index = 17659, .adv_w = 284, .box_w = 16, .box_h = 15, .ofs_x = 1, .ofs_y = -1},
    {.bitmap_index = 17779, .adv_w = 284, .box_w = 15, .box_h = 14, .ofs_x = 1, .ofs_y = -2},
    {.bitmap_index = 17884, .adv_w = 284, .box_w = 13, .box_h = 14, .ofs_x = 2, .ofs_y = -2},
    {.bitmap_index = 17975, .adv_w = 284, .box_w = 12, .box_h = 16, .ofs_x = 3, .ofs_y = -3},
    {.bitmap_index = 18071, .adv_w = 284, .box_w = 14, .box_h = 10, .ofs_x = 2, .ofs_y = 0},
    {.bitmap_index = 18141, .adv_w = 284, .box_w = 8, .box_h = 17, .ofs_x = 5, .ofs_y = -3},
    {.bitmap_index = 18209, .adv_w = 284, .box_w = 16, .box_h = 14, .ofs_x = 1, .ofs_y = -2},
    {.bitmap_index = 18321, .adv_w = 284, .box_w = 8, .box_h = 17, .ofs_x = 5, .ofs_y = -3},
    {.bitmap_index = 18389, .adv_w = 284, .box_w = 17, .box_h = 17, .ofs_x = 0, .ofs_y = -3},
    {.bitmap_index = 18534, .adv_w = 284, .box_w = 10, .box_h = 16, .ofs_x = 4, .ofs_y = -3},
    {.bitmap_index = 18614, .adv_w = 284, .box_w = 12, .box_h = 18, .ofs_x = 3, .ofs_y = -3},
    {.bitmap_index = 18722, .adv_w = 284, .box_w = 17, .box_h = 13, .ofs_x = 0, .ofs_y = -1},
    {.bitmap_index = 18833, .adv_w = 284, .box_w = 15, .box_h = 13, .ofs_x = 1, .ofs_y = -1},
    {.bitmap_index = 18931, .adv_w = 284, .box_w = 14, .box_h = 12, .ofs_x = 2, .ofs_y = -1},
    {.bitmap_index = 19015, .adv_w = 284, .box_w = 15, .box_h = 12, .ofs_x = 1, .ofs_y = -1},
    {.bitmap_index = 19105, .adv_w = 284, .box_w = 15, .box_h = 12, .ofs_x = 1, .ofs_y = -1},
    {.bitmap_index = 19195, .adv_w = 284, .box_w = 15, .box_h = 12, .ofs_x = 1, .ofs_y = -1},
    {.bitmap_index = 19285, .adv_w = 284, .box_w = 15, .box_h = 13, .ofs_x = 1, .ofs_y = -1},
    {.bitmap_index = 19383, .adv_w = 284, .box_w = 15, .box_h = 14, .ofs_x = 1, .ofs_y = -1},
    {.bitmap_index = 19488, .adv_w = 284, .box_w = 15, .box_h = 12, .ofs_x = 1, .ofs_y = -1},
    {.bitmap_index = 19578, .adv_w = 284, .box_w = 15, .box_h = 13, .ofs_x = 1, .ofs_y = -1},
    {.bitmap_index = 19676, .adv_w = 284, .box_w = 15, .box_h = 14, .ofs_x = 1, .ofs_y = -2},
    {.bitmap_index = 19781, .adv_w = 284, .box_w = 15, .box_h = 14, .ofs_x = 1, .ofs_y = -2},
    {.bitmap_index = 19886, .adv_w = 284, .box_w = 15, .box_h = 13, .ofs_x = 1, .ofs_y = -1},
    {.bitmap_index = 19984, .adv_w = 284, .box_w = 15, .box_h = 13, .ofs_x = 1, .ofs_y = -1},
    {.bitmap_index = 20082, .adv_w = 284, .box_w = 15, .box_h = 13, .ofs_x = 1, .ofs_y = -1},
    {.bitmap_index = 20180, .adv_w = 284, .box_w = 15, .box_h = 13, .ofs_x = 1, .ofs_y = -1},
    {.bitmap_index = 20278, .adv_w = 284, .box_w = 16, .box_h = 14, .ofs_x = 1, .ofs_y = -2},
    {.bitmap_index = 20390, .adv_w = 284, .box_w = 15, .box_h = 15, .ofs_x = 1, .ofs_y = -2},
    {.bitmap_index = 20503, .adv_w = 284, .box_w = 15, .box_h = 12, .ofs_x = 1, .ofs_y = -1},
    {.bitmap_index = 20593, .adv_w = 284, .box_w = 15, .box_h = 13, .ofs_x = 1, .ofs_y = -1},
    {.bitmap_index = 20691, .adv_w = 284, .box_w = 17, .box_h = 14, .ofs_x = 0, .ofs_y = -2},
    {.bitmap_index = 20810, .adv_w = 284, .box_w = 15, .box_h = 15, .ofs_x = 1, .ofs_y = -2},
    {.bitmap_index = 20923, .adv_w = 284, .box_w = 15, .box_h = 13, .ofs_x = 1, .ofs_y = -1},
    {.bitmap_index = 21021, .adv_w = 284, .box_w = 15, .box_h = 12, .ofs_x = 1, .ofs_y = -1},
    {.bitmap_index = 21111, .adv_w = 284, .box_w = 15, .box_h = 14, .ofs_x = 1, .ofs_y = -2},
    {.bitmap_index = 21216, .adv_w = 284, .box_w = 15, .box_h = 14, .ofs_x = 1, .ofs_y = -2},
    {.bitmap_index = 21321, .adv_w = 284, .box_w = 15, .box_h = 13, .ofs_x = 1, .ofs_y = -1},
    {.bitmap_index = 21419, .adv_w = 284, .box_w = 15, .box_h = 15, .ofs_x = 1, .ofs_y = -2},
    {.bitmap_index = 21532, .adv_w = 284, .box_w = 15, .box_h = 12, .ofs_x = 1, .ofs_y = -1},
    {.bitmap_index = 21622, .adv_w = 284, .box_w = 16, .box_h = 13, .ofs_x = 1, .ofs_y = -1},
    {.bitmap_index = 21726, .adv_w = 284, .box_w = 15, .box_h = 13, .ofs_x = 1, .ofs_y = -1},
    {.bitmap_index = 21824, .adv_w = 284, .box_w = 16, .box_h = 13, .ofs_x = 1, .ofs_y = -1},
    {.bitmap_index = 21928, .adv_w = 284, .box_w = 15, .box_h = 13, .ofs_x = 1, .ofs_y = -1},
    {.bitmap_index = 22026, .adv_w = 284, .box_w = 15, .box_h = 14, .ofs_x = 1, .ofs_y = -2},
    {.bitmap_index = 22131, .adv_w = 284, .box_w = 15, .box_h = 13, .ofs_x = 1, .ofs_y = -1},
    {.bitmap_index = 22229, .adv_w = 284, .box_w = 15, .box_h = 13, .ofs_x = 1, .ofs_y = -1},
    {.bitmap_index = 22327, .adv_w = 284, .box_w = 15, .box_h = 13, .ofs_x = 1, .ofs_y = -1},
    {.bitmap_index = 22425, .adv_w = 284, .box_w = 15, .box_h = 14, .ofs_x = 1, .ofs_y = -2},
    {.bitmap_index = 22530, .adv_w = 284, .box_w = 15, .box_h = 13, .ofs_x = 1, .ofs_y = -1},
    {.bitmap_index = 22628, .adv_w = 284, .box_w = 16, .box_h = 13, .ofs_x = 1, .ofs_y = -1},
    {.bitmap_index = 22732, .adv_w = 284, .box_w = 15, .box_h = 14, .ofs_x = 1, .ofs_y = -2},
    {.bitmap_index = 22837, .adv_w = 284, .box_w = 15, .box_h = 15, .ofs_x = 1, .ofs_y = -2},
    {.bitmap_index = 22950, .adv_w = 284, .box_w = 14, .box_h = 14, .ofs_x = 2, .ofs_y = -2},
    {.bitmap_index = 23048, .adv_w = 284, .box_w = 15, .box_h = 14, .ofs_x = 1, .ofs_y = -2},
    {.bitmap_index = 23153, .adv_w = 284, .box_w = 15, .box_h = 12, .ofs_x = 1, .ofs_y = -1},
    {.bitmap_index = 23243, .adv_w = 284, .box_w = 17, .box_h = 17, .ofs_x = 1, .ofs_y = -2},
    {.bitmap_index = 23388, .adv_w = 284, .box_w = 15, .box_h = 14, .ofs_x = 1, .ofs_y = -2},
    {.bitmap_index = 23493, .adv_w = 284, .box_w = 15, .box_h = 13, .ofs_x = 1, .ofs_y = -1},
    {.bitmap_index = 23591, .adv_w = 284, .box_w = 17, .box_h = 17, .ofs_x = 0, .ofs_y = -3},
    {.bitmap_index = 23736, .adv_w = 284, .box_w = 18, .box_h = 13, .ofs_x = 0, .ofs_y = -1},
    {.bitmap_index = 23853, .adv_w = 284, .box_w = 16, .box_h = 16, .ofs_x = 1, .ofs_y = -3},
    {.bitmap_index = 23981, .adv_w = 284, .box_w = 16, .box_h = 10, .ofs_x = 1, .ofs_y = 0},
    {.bitmap_index = 24061, .adv_w = 284, .box_w = 14, .box_h = 14, .ofs_x = 2, .ofs_y = -2}
};

/*---------------------
 *  CHARACTER MAPPING
 *--------------------*/

static const uint16_t unicode_list_0[] = {
    0x0, 0x2, 0x4, 0x6, 0xb, 0xd, 0xe, 0x14,
    0x19, 0x1a, 0x1b
};

static const uint16_t unicode_list_2[] = {
    0x0, 0x1, 0x5, 0x6, 0x9, 0xa, 0xf, 0x13,
    0x99, 0xf0, 0xf6, 0x10f, 0x17d, 0x17e, 0x17f, 0x180,
    0x24d, 0x251, 0x252, 0x307, 0x5ed, 0x5ee, 0x601, 0x602,
    0x60a, 0x68d, 0x68e, 0x6ea, 0x6f2, 0x6f6, 0x6f7, 0x6f9,
    0x715, 0x731, 0x739, 0x740, 0x744, 0x751, 0xb3d
};

static const uint16_t unicode_list_3[] = {
    0x0, 0x35, 0x36, 0x58, 0x5c, 0x62, 0x63, 0x6a,
    0x6b, 0x96, 0x97, 0xc1, 0xfe, 0x108, 0x112, 0x117,
    0x119, 0x11c, 0x127, 0x128, 0x129, 0x12a, 0x12b, 0x12c,
    0x12d, 0x12e, 0x12f, 0x130, 0x131, 0x174, 0x175, 0x176,
    0x177, 0x178, 0x179, 0x17a, 0x17b, 0x17c, 0x17d, 0x17f,
    0x182, 0x185, 0x186, 0x18a, 0x18b, 0x18d, 0x190, 0x19c,
    0x1a6, 0x1ad, 0x1ae, 0x1c2, 0x1c8, 0x1d2, 0x1d8, 0x1ec,
    0x1f2, 0x1f3, 0x206
};

static const uint8_t glyph_id_ofs_list_4[] = {
    0, 1, 2, 3, 4, 5, 6, 7,
    0, 8, 9, 10, 0, 11, 12, 13,
    0, 0, 14, 15, 16, 17, 18, 19,
    20, 21, 22, 23, 24, 25, 26, 27,
    28, 29, 0, 30, 31, 32, 33, 34,
    35, 36, 37, 38, 39, 40, 0, 41,
    0, 42, 43, 44, 45, 46, 47
};

static const uint16_t unicode_list_5[] = {
    0x0, 0x3, 0x34, 0x4b, 0x5f
};

/*Collect the unicode lists and glyph_id offsets*/
static const lv_font_fmt_txt_cmap_t cmaps[] =
{
    {
        .range_start = 163, .range_length = 28, .glyph_id_start = 1,
        .unicode_list = unicode_list_0, .glyph_id_ofs_list = NULL, .list_length = 11, .type = LV_FONT_FMT_TXT_CMAP_SPARSE_TINY
    },
    {
        .range_start = 192, .range_length = 192, .glyph_id_start = 12,
        .unicode_list = NULL, .glyph_id_ofs_list = NULL, .list_length = 0, .type = LV_FONT_FMT_TXT_CMAP_FORMAT0_TINY
    },
    {
        .range_start = 8211, .range_length = 2878, .glyph_id_start = 204,
        .unicode_list = unicode_list_2, .glyph_id_ofs_list = NULL, .list_length = 39, .type = LV_FONT_FMT_TXT_CMAP_SPARSE_TINY
    },
    {
        .range_start = 127775, .range_length = 519, .glyph_id_start = 243,
        .unicode_list = unicode_list_3, .glyph_id_ofs_list = NULL, .list_length = 59, .type = LV_FONT_FMT_TXT_CMAP_SPARSE_TINY
    },
    {
        .range_start = 128512, .range_length = 55, .glyph_id_start = 302,
        .unicode_list = NULL, .glyph_id_ofs_list = glyph_id_ofs_list_4, .list_length = 55, .type = LV_FONT_FMT_TXT_CMAP_FORMAT0_FULL
    },
    {
        .range_start = 128588, .range_length = 96, .glyph_id_start = 350,
        .unicode_list = unicode_list_5, .glyph_id_ofs_list = NULL, .list_length = 5, .type = LV_FONT_FMT_TXT_CMAP_SPARSE_TINY
    }
};



/*--------------------
 *  ALL CUSTOM DATA
 *--------------------*/

#if LVGL_VERSION_MAJOR == 8
/*Store all the custom data of the font*/
static  lv_font_fmt_txt_glyph_cache_t cache;
#endif

#if LVGL_VERSION_MAJOR >= 8
static const lv_font_fmt_txt_dsc_t font_dsc = {
#else
static lv_font_fmt_txt_dsc_t font_dsc = {
#endif
    .glyph_bitmap = glyph_bitmap,
    .glyph_dsc = glyph_dsc,
    .cmaps = cmaps,
    .kern_dsc = NULL,
    .kern_scale = 0,
    .cmap_num = 6,
    .bpp = 4,
    .kern_classes = 0,
    .bitmap_format = 0,
#if LVGL_VERSION_MAJOR == 8
    .cache = &cache
#endif
};



/*-----------------
 *  PUBLIC FONT
 *----------------*/

/*Initialize a public general font descriptor*/
#if LVGL_VERSION_MAJOR >= 8
const lv_font_t extras_14 = {
#else
lv_font_t extras_14 = {
#endif
    .get_glyph_dsc = lv_font_get_glyph_dsc_fmt_txt,    /*Function pointer to get glyph's data*/
    .get_glyph_bitmap = lv_font_get_bitmap_fmt_txt,    /*Function pointer to get glyph's bitmap*/
    .line_height = 19,          /*The maximum line height required by the font*/
    .base_line = 4,             /*Baseline measured from the bottom of the line*/
#if !(LVGL_VERSION_MAJOR == 6 && LVGL_VERSION_MINOR == 0)
    .subpx = LV_FONT_SUBPX_NONE,
#endif
#if LV_VERSION_CHECK(7, 4, 0) || LVGL_VERSION_MAJOR >= 8
    .underline_position = -1,
    .underline_thickness = 1,
#endif
    .dsc = &font_dsc,          /*The custom font data. Will be accessed by `get_glyph_bitmap/dsc` */
#if LV_VERSION_CHECK(8, 2, 0) || LVGL_VERSION_MAJOR >= 9
    .fallback = NULL,
#endif
    .user_data = NULL,
};



#endif /*#if EXTRAS_14*/

