/*******************************************************************************
 * Size: 14 px
 * Bpp: 4
 * Opts: --size 14 --bpp 4 --no-compress --format lvgl --font ./Arial-Unicode.ttf -r 0x00C0-0x00FF -r 0x0100-0x017F -r 0x0400-0x04FF --symbols •·–—‘’“”…→←↑↓°±×÷€£¥§©®™≠≤≥½¼¾℃℉ --font ./Noto Emoji Regular 400.ttf --symbols 😀😃😄😁😆😅😂😉😊😍😘😋😜😎😏😒😞😔😢😭😡😠😱😴😬😐👍👎👌✌👊✊👏🙌🙏💪👋❤💔💕💙💚💛💜🎉🎊✨🔥💯✅❌❗❓⚠💩⭐🌟⚡☀☁❄☔☕🍻🍕🎂🎁💬💤💥🚀📷📱💻📍📌📅🔋📡🔑🔒📧🏠🚗⌚💡🐶🐱🐸🐻🐧🐝 --lv-font-name extras_14 -o /home/wasp/Projects/meshcomod/examples/companion_radio/ui-new/extras_font_14.c
 ******************************************************************************/

#if 1
#include "lvgl.h"
#else
#include "lvgl/lvgl.h"
#endif

#ifndef EXTRAS_14
#define EXTRAS_14 1
#endif

#if EXTRAS_14

/*-----------------
 *    BITMAPS
 *----------------*/

/*Store the image of the glyphs*/
static LV_ATTRIBUTE_LARGE_CONST const uint8_t glyph_bitmap[] = {
    /* U+00A3 "£" */
    0x0, 0x8e, 0xea, 0x10, 0x8, 0xe4, 0x2c, 0xb0,
    0xd, 0x70, 0x3, 0xe0, 0xe, 0x60, 0x0, 0x0,
    0xb, 0x90, 0x0, 0x0, 0xaf, 0xff, 0xd0, 0x0,
    0x16, 0xf2, 0x20, 0x0, 0x4, 0xe0, 0x0, 0x0,
    0x9, 0x70, 0x0, 0x0, 0x6f, 0xdd, 0x95, 0x82,
    0x78, 0x34, 0xae, 0xd3, 0x0, 0x0, 0x0, 0x0,

    /* U+00A5 "¥" */
    0xba, 0x0, 0x0, 0xe8, 0x3f, 0x20, 0x6, 0xe1,
    0xb, 0xa0, 0xe, 0x70, 0x3, 0xf2, 0x6e, 0x0,
    0x0, 0xaa, 0xd7, 0x0, 0x8e, 0xff, 0xfe, 0xe4,
    0x1, 0x1b, 0x91, 0x10, 0x8e, 0xef, 0xfe, 0xe4,
    0x1, 0x1b, 0x91, 0x10, 0x0, 0xb, 0x80, 0x0,
    0x0, 0xb, 0x80, 0x0,

    /* U+00A7 "§" */
    0x1, 0xaf, 0xe7, 0x0, 0x9, 0xc2, 0x5f, 0x40,
    0xb, 0x80, 0x8, 0x40, 0x5, 0xf5, 0x0, 0x0,
    0x8, 0xdf, 0xa1, 0x0, 0x4d, 0x3, 0xde, 0x30,
    0x5d, 0x0, 0xb, 0xe0, 0x1e, 0x90, 0x1, 0xf2,
    0x2, 0xdd, 0x34, 0xd0, 0x0, 0x8, 0xfd, 0x10,
    0x0, 0x0, 0x4f, 0x60, 0xa, 0x40, 0x9, 0xa0,
    0x9, 0xd3, 0x3d, 0x70, 0x0, 0xae, 0xe9, 0x0,

    /* U+00A9 "©" */
    0x0, 0x2a, 0xee, 0xb5, 0x0, 0x0, 0x5d, 0x50,
    0x3, 0xb9, 0x0, 0x2d, 0x13, 0xcd, 0x80, 0xa6,
    0xa, 0x41, 0xe2, 0xa, 0x50, 0xd0, 0xd0, 0x68,
    0x0, 0x0, 0xa, 0x3d, 0x8, 0x60, 0x0, 0x0,
    0x84, 0xd0, 0x68, 0x0, 0x23, 0xa, 0x3a, 0x41,
    0xd2, 0xb, 0x50, 0xd0, 0x2d, 0x14, 0xcd, 0x80,
    0xa6, 0x0, 0x5d, 0x50, 0x3, 0xb9, 0x0, 0x0,
    0x2a, 0xee, 0xc5, 0x0, 0x0,

    /* U+00AE "®" */
    0x0, 0x2a, 0xee, 0xb5, 0x0, 0x0, 0x5d, 0x50,
    0x3, 0xb9, 0x0, 0x2d, 0x2e, 0xdd, 0x70, 0xa6,
    0xa, 0x41, 0xc0, 0xe, 0x10, 0xd0, 0xd0, 0x1c,
    0x0, 0xd1, 0xa, 0x3d, 0x1, 0xfd, 0xe5, 0x0,
    0x84, 0xd0, 0x1c, 0xa, 0x50, 0xa, 0x3a, 0x41,
    0xc0, 0x1e, 0x10, 0xd0, 0x2d, 0x25, 0x0, 0x43,
    0xa6, 0x0, 0x5d, 0x50, 0x3, 0xb9, 0x0, 0x0,
    0x2a, 0xee, 0xc5, 0x0, 0x0,

    /* U+00B0 "°" */
    0x5, 0xca, 0x10, 0xc0, 0x49, 0xc, 0x4, 0x90,
    0x5c, 0xb1,

    /* U+00B1 "±" */
    0x0, 0x1, 0x10, 0x0, 0x0, 0x7, 0xa0, 0x0,
    0x0, 0x7, 0xa0, 0x0, 0x0, 0x7, 0xa0, 0x0,
    0x3f, 0xff, 0xff, 0xf6, 0x3, 0x39, 0xb3, 0x31,
    0x0, 0x7, 0xa0, 0x0, 0x0, 0x7, 0xa0, 0x0,
    0x3, 0x33, 0x33, 0x31, 0x3f, 0xff, 0xff, 0xf6,

    /* U+00B7 "·" */
    0x65, 0xca,

    /* U+00BC "¼" */
    0x0, 0x64, 0x0, 0x0, 0x9, 0x10, 0x8, 0xf6,
    0x0, 0x0, 0x79, 0x0, 0x17, 0xa6, 0x0, 0x2,
    0xd0, 0x0, 0x0, 0x96, 0x0, 0xc, 0x40, 0x0,
    0x0, 0x96, 0x0, 0x6a, 0x0, 0x0, 0x0, 0x96,
    0x1, 0xd1, 0x0, 0x0, 0x0, 0x0, 0xb, 0x50,
    0x8, 0x30, 0x0, 0x0, 0x5b, 0x0, 0x6f, 0x50,
    0x0, 0x1, 0xd1, 0x2, 0xec, 0x50, 0x0, 0xa,
    0x60, 0xd, 0x4a, 0x50, 0x0, 0x4c, 0x0, 0x3d,
    0xce, 0xd0, 0x0, 0xd2, 0x0, 0x0, 0xa, 0x50,

    /* U+00BD "½" */
    0x1, 0xc6, 0x0, 0x0, 0x4c, 0x0, 0x1d, 0xc6,
    0x0, 0x0, 0xd2, 0x0, 0x0, 0x96, 0x0, 0x9,
    0x70, 0x0, 0x0, 0x96, 0x0, 0x4c, 0x0, 0x0,
    0x0, 0x96, 0x1, 0xd2, 0x0, 0x0, 0x0, 0x0,
    0xa, 0x63, 0xce, 0x90, 0x0, 0x0, 0x5b, 0x8,
    0x51, 0xe3, 0x0, 0x1, 0xd1, 0x0, 0x2, 0xe1,
    0x0, 0xa, 0x60, 0x0, 0x3e, 0x50, 0x0, 0x5b,
    0x0, 0x2, 0xe4, 0x0, 0x1, 0xd1, 0x0, 0xc,
    0xfe, 0xe4, 0x0, 0x10, 0x0, 0x1, 0x11, 0x10,

    /* U+00BE "¾" */
    0x1c, 0xec, 0x10, 0x0, 0x1d, 0x10, 0x36, 0xd,
    0x30, 0x0, 0xb5, 0x0, 0x0, 0xcd, 0x20, 0x6,
    0xa0, 0x0, 0x34, 0xa, 0x70, 0x2d, 0x0, 0x0,
    0x2c, 0xdb, 0x10, 0xc4, 0x0, 0x0, 0x0, 0x0,
    0x8, 0x90, 0xd, 0x50, 0x0, 0x0, 0x3d, 0x0,
    0x9f, 0x50, 0x0, 0x0, 0xd3, 0x4, 0xda, 0x50,
    0x0, 0x9, 0x80, 0xd, 0x3a, 0x50, 0x0, 0x4c,
    0x0, 0x3d, 0xce, 0xd0, 0x0, 0xd2, 0x0, 0x0,
    0xa, 0x50,

    /* U+00C0 "À" */
    0x0, 0x0, 0xbc, 0x0, 0x0, 0x0, 0x0, 0x1,
    0xe3, 0x0, 0x0, 0x0, 0x0, 0x0, 0x0, 0x0,
    0x0, 0x0, 0x5, 0xf7, 0x0, 0x0, 0x0, 0x0,
    0xbd, 0xd0, 0x0, 0x0, 0x0, 0x1f, 0x5f, 0x30,
    0x0, 0x0, 0x6, 0xf0, 0xd9, 0x0, 0x0, 0x0,
    0xba, 0x8, 0xe0, 0x0, 0x0, 0x1f, 0x50, 0x3f,
    0x40, 0x0, 0x7, 0xf1, 0x0, 0xea, 0x0, 0x0,
    0xcf, 0xff, 0xff, 0xf1, 0x0, 0x2f, 0x72, 0x22,
    0x4f, 0x60, 0x7, 0xf0, 0x0, 0x0, 0xcc, 0x0,
    0xd9, 0x0, 0x0, 0x5, 0xf2,

    /* U+00C1 "Á" */
    0x0, 0x0, 0x8, 0xd0, 0x0, 0x0, 0x0, 0x0,
    0xe3, 0x0, 0x0, 0x0, 0x0, 0x0, 0x0, 0x0,
    0x0, 0x0, 0x5, 0xf7, 0x0, 0x0, 0x0, 0x0,
    0xbd, 0xd0, 0x0, 0x0, 0x0, 0x1f, 0x5f, 0x30,
    0x0, 0x0, 0x6, 0xf0, 0xd9, 0x0, 0x0, 0x0,
    0xba, 0x8, 0xe0, 0x0, 0x0, 0x1f, 0x50, 0x3f,
    0x40, 0x0, 0x7, 0xf1, 0x0, 0xea, 0x0, 0x0,
    0xcf, 0xff, 0xff, 0xf1, 0x0, 0x2f, 0x72, 0x22,
    0x4f, 0x60, 0x7, 0xf0, 0x0, 0x0, 0xcc, 0x0,
    0xd9, 0x0, 0x0, 0x5, 0xf2,

    /* U+00C2 "Â" */
    0x0, 0x0, 0x18, 0x40, 0x0, 0x0, 0x0, 0xb,
    0xbe, 0x20, 0x0, 0x0, 0x2, 0x70, 0x55, 0x0,
    0x0, 0x0, 0x5, 0xf7, 0x0, 0x0, 0x0, 0x0,
    0xbd, 0xd0, 0x0, 0x0, 0x0, 0x1f, 0x5f, 0x30,
    0x0, 0x0, 0x6, 0xf0, 0xd9, 0x0, 0x0, 0x0,
    0xba, 0x8, 0xe0, 0x0, 0x0, 0x1f, 0x50, 0x3f,
    0x40, 0x0, 0x7, 0xf1, 0x0, 0xea, 0x0, 0x0,
    0xcf, 0xff, 0xff, 0xf1, 0x0, 0x2f, 0x72, 0x22,
    0x4f, 0x60, 0x7, 0xf0, 0x0, 0x0, 0xcc, 0x0,
    0xd9, 0x0, 0x0, 0x5, 0xf2,

    /* U+00C3 "Ã" */
    0x0, 0x5, 0xef, 0xfa, 0x0, 0x0, 0x0, 0x0,
    0x0, 0x0, 0x0, 0x0, 0x0, 0x5f, 0x70, 0x0,
    0x0, 0x0, 0xb, 0xdd, 0x0, 0x0, 0x0, 0x1,
    0xf5, 0xf3, 0x0, 0x0, 0x0, 0x6f, 0xd, 0x90,
    0x0, 0x0, 0xb, 0xa0, 0x8e, 0x0, 0x0, 0x1,
    0xf5, 0x3, 0xf4, 0x0, 0x0, 0x7f, 0x10, 0xe,
    0xa0, 0x0, 0xc, 0xff, 0xff, 0xff, 0x10, 0x2,
    0xf7, 0x22, 0x24, 0xf6, 0x0, 0x7f, 0x0, 0x0,
    0xc, 0xc0, 0xd, 0x90, 0x0, 0x0, 0x5f, 0x20,

    /* U+00C4 "Ä" */
    0x0, 0x2, 0x80, 0x54, 0x0, 0x0, 0x0, 0x4f,
    0xb, 0x80, 0x0, 0x0, 0x0, 0x0, 0x0, 0x0,
    0x0, 0x0, 0x5, 0xf7, 0x0, 0x0, 0x0, 0x0,
    0xbd, 0xd0, 0x0, 0x0, 0x0, 0x1f, 0x5f, 0x30,
    0x0, 0x0, 0x6, 0xf0, 0xd9, 0x0, 0x0, 0x0,
    0xba, 0x8, 0xe0, 0x0, 0x0, 0x1f, 0x50, 0x3f,
    0x40, 0x0, 0x7, 0xf1, 0x0, 0xea, 0x0, 0x0,
    0xcf, 0xff, 0xff, 0xf1, 0x0, 0x2f, 0x72, 0x22,
    0x4f, 0x60, 0x7, 0xf0, 0x0, 0x0, 0xcc, 0x0,
    0xd9, 0x0, 0x0, 0x5, 0xf2,

    /* U+00C5 "Å" */
    0x0, 0x0, 0x29, 0x50, 0x0, 0x0, 0x0, 0x8,
    0x8, 0x0, 0x0, 0x0, 0x0, 0x29, 0x50, 0x0,
    0x0, 0x0, 0x5, 0xf7, 0x0, 0x0, 0x0, 0x0,
    0xbd, 0xd0, 0x0, 0x0, 0x0, 0x1f, 0x5f, 0x30,
    0x0, 0x0, 0x6, 0xf0, 0xd9, 0x0, 0x0, 0x0,
    0xba, 0x8, 0xe0, 0x0, 0x0, 0x1f, 0x50, 0x3f,
    0x40, 0x0, 0x7, 0xf1, 0x0, 0xea, 0x0, 0x0,
    0xcf, 0xff, 0xff, 0xf1, 0x0, 0x2f, 0x72, 0x22,
    0x4f, 0x60, 0x7, 0xf0, 0x0, 0x0, 0xcc, 0x0,
    0xd9, 0x0, 0x0, 0x5, 0xf2,

    /* U+00C6 "Æ" */
    0x0, 0x0, 0x6f, 0xff, 0xff, 0xff, 0xf0, 0x0,
    0x0, 0xda, 0x8f, 0x44, 0x44, 0x40, 0x0, 0x4,
    0xf3, 0x5f, 0x0, 0x0, 0x0, 0x0, 0xb, 0xc0,
    0x5f, 0x0, 0x0, 0x0, 0x0, 0x2f, 0x60, 0x5f,
    0x0, 0x0, 0x0, 0x0, 0x9e, 0x0, 0x5f, 0xff,
    0xff, 0xb0, 0x1, 0xf9, 0x0, 0x5f, 0x33, 0x33,
    0x20, 0x7, 0xff, 0xff, 0xff, 0x0, 0x0, 0x0,
    0xe, 0xb3, 0x33, 0x7f, 0x0, 0x0, 0x0, 0x5f,
    0x20, 0x0, 0x5f, 0x44, 0x44, 0x40, 0xca, 0x0,
    0x0, 0x5f, 0xff, 0xff, 0xf3,

    /* U+00C7 "Ç" */
    0x0, 0x19, 0xef, 0xd6, 0x0, 0x1, 0xdc, 0x54,
    0x7f, 0x80, 0xa, 0xd0, 0x0, 0x5, 0xf2, 0xf,
    0x60, 0x0, 0x0, 0x51, 0x3f, 0x30, 0x0, 0x0,
    0x0, 0x4f, 0x10, 0x0, 0x0, 0x0, 0x2f, 0x20,
    0x0, 0x0, 0x0, 0xf, 0x50, 0x0, 0x0, 0xb4,
    0x9, 0xc0, 0x0, 0x5, 0xf3, 0x2, 0xec, 0x43,
    0x7f, 0x90, 0x0, 0x2a, 0xff, 0xd7, 0x0, 0x0,
    0x0, 0x8c, 0x10, 0x0, 0x0, 0x0, 0xb, 0x90,
    0x0, 0x0, 0x6, 0xed, 0x30, 0x0,

    /* U+00C8 "È" */
    0x0, 0x9d, 0x0, 0x0, 0x0, 0xd, 0x50, 0x0,
    0x0, 0x0, 0x0, 0x0, 0xef, 0xff, 0xff, 0xf5,
    0xe9, 0x44, 0x44, 0x41, 0xe7, 0x0, 0x0, 0x0,
    0xe7, 0x0, 0x0, 0x0, 0xe7, 0x0, 0x0, 0x0,
    0xef, 0xff, 0xff, 0xf0, 0xe9, 0x33, 0x33, 0x30,
    0xe7, 0x0, 0x0, 0x0, 0xe7, 0x0, 0x0, 0x0,
    0xe9, 0x44, 0x44, 0x42, 0xef, 0xff, 0xff, 0xf9,

    /* U+00C9 "É" */
    0x0, 0x6, 0xe1, 0x0, 0x0, 0xd, 0x50, 0x0,
    0x0, 0x0, 0x0, 0x0, 0xef, 0xff, 0xff, 0xf5,
    0xe9, 0x44, 0x44, 0x41, 0xe7, 0x0, 0x0, 0x0,
    0xe7, 0x0, 0x0, 0x0, 0xe7, 0x0, 0x0, 0x0,
    0xef, 0xff, 0xff, 0xf0, 0xe9, 0x33, 0x33, 0x30,
    0xe7, 0x0, 0x0, 0x0, 0xe7, 0x0, 0x0, 0x0,
    0xe9, 0x44, 0x44, 0x42, 0xef, 0xff, 0xff, 0xf9,

    /* U+00CA "Ê" */
    0x0, 0x7, 0x40, 0x0, 0x0, 0xab, 0xe3, 0x0,
    0x1, 0x81, 0x46, 0x0, 0xef, 0xff, 0xff, 0xf5,
    0xe9, 0x44, 0x44, 0x41, 0xe7, 0x0, 0x0, 0x0,
    0xe7, 0x0, 0x0, 0x0, 0xe7, 0x0, 0x0, 0x0,
    0xef, 0xff, 0xff, 0xf0, 0xe9, 0x33, 0x33, 0x30,
    0xe7, 0x0, 0x0, 0x0, 0xe7, 0x0, 0x0, 0x0,
    0xe9, 0x44, 0x44, 0x42, 0xef, 0xff, 0xff, 0xf9,

    /* U+00CB "Ë" */
    0x0, 0x81, 0x45, 0x0, 0x1, 0xf3, 0x8b, 0x0,
    0x0, 0x0, 0x0, 0x0, 0xef, 0xff, 0xff, 0xf5,
    0xe9, 0x44, 0x44, 0x41, 0xe7, 0x0, 0x0, 0x0,
    0xe7, 0x0, 0x0, 0x0, 0xe7, 0x0, 0x0, 0x0,
    0xef, 0xff, 0xff, 0xf0, 0xe9, 0x33, 0x33, 0x30,
    0xe7, 0x0, 0x0, 0x0, 0xe7, 0x0, 0x0, 0x0,
    0xe9, 0x44, 0x44, 0x42, 0xef, 0xff, 0xff, 0xf9,

    /* U+00CC "Ì" */
    0x6f, 0x10, 0xb7, 0x0, 0x0, 0xba, 0xb, 0xa0,
    0xba, 0xb, 0xa0, 0xba, 0xb, 0xa0, 0xba, 0xb,
    0xa0, 0xba, 0xb, 0xa0, 0xba,

    /* U+00CD "Í" */
    0x2f, 0x59, 0x90, 0x0, 0xb, 0xa0, 0xba, 0xb,
    0xa0, 0xba, 0xb, 0xa0, 0xba, 0xb, 0xa0, 0xba,
    0xb, 0xa0, 0xba, 0xb, 0xa0,

    /* U+00CE "Î" */
    0x0, 0x76, 0x0, 0x7, 0xdd, 0x50, 0x7, 0x23,
    0x70, 0x0, 0xba, 0x0, 0x0, 0xba, 0x0, 0x0,
    0xba, 0x0, 0x0, 0xba, 0x0, 0x0, 0xba, 0x0,
    0x0, 0xba, 0x0, 0x0, 0xba, 0x0, 0x0, 0xba,
    0x0, 0x0, 0xba, 0x0, 0x0, 0xba, 0x0, 0x0,
    0xba, 0x0,

    /* U+00CF "Ï" */
    0x72, 0x36, 0xf5, 0x6d, 0x0, 0x0, 0xb, 0xa0,
    0xb, 0xa0, 0xb, 0xa0, 0xb, 0xa0, 0xb, 0xa0,
    0xb, 0xa0, 0xb, 0xa0, 0xb, 0xa0, 0xb, 0xa0,
    0xb, 0xa0, 0xb, 0xa0,

    /* U+00D0 "Ð" */
    0xe, 0xff, 0xff, 0xc4, 0x0, 0xe, 0x94, 0x45,
    0xaf, 0x40, 0xe, 0x70, 0x0, 0xa, 0xc0, 0xe,
    0x70, 0x0, 0x3, 0xf2, 0xe, 0x70, 0x0, 0x0,
    0xf5, 0xff, 0xff, 0xf3, 0x0, 0xf6, 0x3e, 0x93,
    0x30, 0x0, 0xf4, 0xe, 0x70, 0x0, 0x3, 0xf2,
    0xe, 0x70, 0x0, 0xa, 0xc0, 0xe, 0x94, 0x45,
    0xaf, 0x40, 0xe, 0xff, 0xfe, 0xc4, 0x0,

    /* U+00D1 "Ñ" */
    0x0, 0xbf, 0xfd, 0x40, 0x0, 0x0, 0x0, 0x0,
    0xec, 0x0, 0x0, 0x4f, 0xef, 0x60, 0x0, 0x4f,
    0xed, 0xe1, 0x0, 0x4f, 0xe6, 0xe9, 0x0, 0x4f,
    0xe5, 0x5f, 0x30, 0x4f, 0xe5, 0xb, 0xc0, 0x4f,
    0xe5, 0x2, 0xf6, 0x4f, 0xe5, 0x0, 0x7e, 0x5f,
    0xe5, 0x0, 0xd, 0xdf, 0xe5, 0x0, 0x4, 0xff,
    0xe5, 0x0, 0x0, 0xaf,

    /* U+00D2 "Ò" */
    0x0, 0x0, 0xca, 0x0, 0x0, 0x0, 0x0, 0x1,
    0xe1, 0x0, 0x0, 0x0, 0x0, 0x0, 0x0, 0x0,
    0x0, 0x1, 0x9e, 0xfd, 0x80, 0x0, 0x1, 0xdd,
    0x63, 0x6e, 0xc0, 0x0, 0xad, 0x0, 0x0, 0x1e,
    0x80, 0x1f, 0x50, 0x0, 0x0, 0x7f, 0x4, 0xf1,
    0x0, 0x0, 0x4, 0xf2, 0x5f, 0x0, 0x0, 0x0,
    0x2f, 0x34, 0xf2, 0x0, 0x0, 0x4, 0xf2, 0x1f,
    0x60, 0x0, 0x0, 0x8f, 0x0, 0xae, 0x0, 0x0,
    0x1f, 0x80, 0x1, 0xdd, 0x53, 0x6e, 0xc0, 0x0,
    0x1, 0x9e, 0xfd, 0x80, 0x0,

    /* U+00D3 "Ó" */
    0x0, 0x0, 0xa, 0xc0, 0x0, 0x0, 0x0, 0x1,
    0xe2, 0x0, 0x0, 0x0, 0x0, 0x0, 0x0, 0x0,
    0x0, 0x1, 0x9e, 0xfd, 0x80, 0x0, 0x1, 0xdd,
    0x63, 0x6e, 0xc0, 0x0, 0xad, 0x0, 0x0, 0x1e,
    0x80, 0x1f, 0x50, 0x0, 0x0, 0x7f, 0x4, 0xf1,
    0x0, 0x0, 0x4, 0xf2, 0x5f, 0x0, 0x0, 0x0,
    0x2f, 0x34, 0xf2, 0x0, 0x0, 0x4, 0xf2, 0x1f,
    0x60, 0x0, 0x0, 0x8f, 0x0, 0xae, 0x0, 0x0,
    0x1f, 0x80, 0x1, 0xdd, 0x53, 0x6e, 0xc0, 0x0,
    0x1, 0x9e, 0xfd, 0x80, 0x0,

    /* U+00D4 "Ô" */
    0x0, 0x0, 0x8f, 0x60, 0x0, 0x0, 0x0, 0x2f,
    0x7e, 0x10, 0x0, 0x0, 0x4, 0x60, 0x73, 0x0,
    0x0, 0x1, 0x9e, 0xfd, 0x80, 0x0, 0x1, 0xdd,
    0x63, 0x6e, 0xc0, 0x0, 0xad, 0x0, 0x0, 0x1e,
    0x80, 0x1f, 0x50, 0x0, 0x0, 0x7f, 0x4, 0xf1,
    0x0, 0x0, 0x4, 0xf2, 0x5f, 0x0, 0x0, 0x0,
    0x2f, 0x34, 0xf2, 0x0, 0x0, 0x4, 0xf2, 0x1f,
    0x60, 0x0, 0x0, 0x8f, 0x0, 0xae, 0x0, 0x0,
    0x1f, 0x80, 0x1, 0xdd, 0x53, 0x6e, 0xc0, 0x0,
    0x1, 0x9e, 0xfd, 0x80, 0x0,

    /* U+00D5 "Õ" */
    0x0, 0x5, 0xe7, 0x4a, 0x0, 0x0, 0x0, 0xc2,
    0x9e, 0x40, 0x0, 0x0, 0x0, 0x0, 0x0, 0x0,
    0x0, 0x1, 0x9e, 0xfd, 0x80, 0x0, 0x1, 0xdd,
    0x63, 0x6e, 0xc0, 0x0, 0xad, 0x0, 0x0, 0x1e,
    0x80, 0x1f, 0x50, 0x0, 0x0, 0x7f, 0x4, 0xf1,
    0x0, 0x0, 0x4, 0xf2, 0x5f, 0x0, 0x0, 0x0,
    0x2f, 0x34, 0xf2, 0x0, 0x0, 0x4, 0xf2, 0x1f,
    0x60, 0x0, 0x0, 0x8f, 0x0, 0xae, 0x0, 0x0,
    0x1f, 0x80, 0x1, 0xdd, 0x53, 0x6e, 0xc0, 0x0,
    0x1, 0x9e, 0xfd, 0x80, 0x0,

    /* U+00D6 "Ö" */
    0x0, 0x3, 0x60, 0x72, 0x0, 0x0, 0x0, 0x7d,
    0xe, 0x50, 0x0, 0x0, 0x0, 0x0, 0x0, 0x0,
    0x0, 0x1, 0x9e, 0xfd, 0x80, 0x0, 0x1, 0xdd,
    0x63, 0x6e, 0xc0, 0x0, 0xad, 0x0, 0x0, 0x1e,
    0x80, 0x1f, 0x50, 0x0, 0x0, 0x7f, 0x4, 0xf1,
    0x0, 0x0, 0x4, 0xf2, 0x5f, 0x0, 0x0, 0x0,
    0x2f, 0x34, 0xf2, 0x0, 0x0, 0x4, 0xf2, 0x1f,
    0x60, 0x0, 0x0, 0x8f, 0x0, 0xae, 0x0, 0x0,
    0x1f, 0x80, 0x1, 0xdd, 0x53, 0x6e, 0xc0, 0x0,
    0x1, 0x9e, 0xfd, 0x80, 0x0,

    /* U+00D7 "×" */
    0x21, 0x0, 0x3, 0xa, 0xd1, 0xb, 0xc0, 0xc,
    0xca, 0xe1, 0x0, 0x1e, 0xf2, 0x0, 0x8, 0xfd,
    0xa0, 0x7, 0xf3, 0x2e, 0x90, 0x64, 0x0, 0x28,
    0x0,

    /* U+00D8 "Ø" */
    0x0, 0x0, 0x0, 0x0, 0x0, 0x0, 0x1, 0x9e,
    0xfd, 0x81, 0xd2, 0x1, 0xdd, 0x54, 0x6e, 0xf7,
    0x0, 0xad, 0x0, 0x0, 0x9f, 0x80, 0x1f, 0x60,
    0x0, 0x6c, 0x8f, 0x4, 0xf2, 0x0, 0x4d, 0x13,
    0xf1, 0x5f, 0x0, 0x2d, 0x20, 0x2f, 0x33, 0xf2,
    0x1d, 0x40, 0x4, 0xf2, 0x1f, 0x6c, 0x60, 0x0,
    0x7f, 0x0, 0x9f, 0x80, 0x0, 0x1e, 0x80, 0x7,
    0xfe, 0x64, 0x6e, 0xc0, 0x2, 0xd1, 0x8e, 0xfd,
    0x80, 0x0, 0x0, 0x0, 0x0, 0x0, 0x0, 0x0,

    /* U+00D9 "Ù" */
    0x0, 0x5f, 0x20, 0x0, 0x0, 0x9, 0x90, 0x0,
    0x0, 0x0, 0x0, 0x0, 0xe7, 0x0, 0x0, 0x5f,
    0xe7, 0x0, 0x0, 0x5f, 0xe7, 0x0, 0x0, 0x5f,
    0xe7, 0x0, 0x0, 0x5f, 0xe7, 0x0, 0x0, 0x5f,
    0xe7, 0x0, 0x0, 0x5f, 0xe7, 0x0, 0x0, 0x5f,
    0xd8, 0x0, 0x0, 0x6e, 0xac, 0x0, 0x0, 0xbb,
    0x3f, 0xb5, 0x5a, 0xf4, 0x4, 0xcf, 0xfc, 0x40,

    /* U+00DA "Ú" */
    0x0, 0x1, 0xf7, 0x0, 0x0, 0x7, 0xb0, 0x0,
    0x0, 0x0, 0x0, 0x0, 0xe7, 0x0, 0x0, 0x5f,
    0xe7, 0x0, 0x0, 0x5f, 0xe7, 0x0, 0x0, 0x5f,
    0xe7, 0x0, 0x0, 0x5f, 0xe7, 0x0, 0x0, 0x5f,
    0xe7, 0x0, 0x0, 0x5f, 0xe7, 0x0, 0x0, 0x5f,
    0xd8, 0x0, 0x0, 0x6e, 0xac, 0x0, 0x0, 0xbb,
    0x3f, 0xb5, 0x5a, 0xf4, 0x4, 0xcf, 0xfc, 0x40,

    /* U+00DB "Û" */
    0x0, 0xd, 0xe1, 0x0, 0x0, 0x8d, 0xa9, 0x0,
    0x0, 0x73, 0x27, 0x0, 0xe7, 0x0, 0x0, 0x5f,
    0xe7, 0x0, 0x0, 0x5f, 0xe7, 0x0, 0x0, 0x5f,
    0xe7, 0x0, 0x0, 0x5f, 0xe7, 0x0, 0x0, 0x5f,
    0xe7, 0x0, 0x0, 0x5f, 0xe7, 0x0, 0x0, 0x5f,
    0xd8, 0x0, 0x0, 0x6e, 0xac, 0x0, 0x0, 0xbb,
    0x3f, 0xb5, 0x5a, 0xf4, 0x4, 0xcf, 0xfc, 0x40,

    /* U+00DC "Ü" */
    0x0, 0x63, 0x27, 0x0, 0x0, 0xd7, 0x4f, 0x0,
    0x0, 0x0, 0x0, 0x0, 0xe7, 0x0, 0x0, 0x5f,
    0xe7, 0x0, 0x0, 0x5f, 0xe7, 0x0, 0x0, 0x5f,
    0xe7, 0x0, 0x0, 0x5f, 0xe7, 0x0, 0x0, 0x5f,
    0xe7, 0x0, 0x0, 0x5f, 0xe7, 0x0, 0x0, 0x5f,
    0xd8, 0x0, 0x0, 0x6e, 0xac, 0x0, 0x0, 0xbb,
    0x3f, 0xb5, 0x5a, 0xf4, 0x4, 0xcf, 0xfc, 0x40,

    /* U+00DD "Ý" */
    0x0, 0x0, 0x6e, 0x10, 0x0, 0x0, 0x0, 0xd5,
    0x0, 0x0, 0x0, 0x0, 0x0, 0x0, 0x0, 0xae,
    0x10, 0x0, 0x9, 0xe0, 0x1e, 0x90, 0x0, 0x3f,
    0x40, 0x6, 0xf3, 0x0, 0xca, 0x0, 0x0, 0xcc,
    0x6, 0xf1, 0x0, 0x0, 0x3f, 0x6e, 0x60, 0x0,
    0x0, 0x9, 0xfc, 0x0, 0x0, 0x0, 0x1, 0xf4,
    0x0, 0x0, 0x0, 0x1, 0xf4, 0x0, 0x0, 0x0,
    0x1, 0xf4, 0x0, 0x0, 0x0, 0x1, 0xf4, 0x0,
    0x0, 0x0, 0x1, 0xf4, 0x0, 0x0,

    /* U+00DE "Þ" */
    0xe6, 0x0, 0x0, 0x0, 0xe6, 0x0, 0x0, 0x0,
    0xef, 0xff, 0xfd, 0x60, 0xe8, 0x33, 0x49, 0xf3,
    0xe6, 0x0, 0x0, 0xd9, 0xe6, 0x0, 0x0, 0xbb,
    0xe6, 0x0, 0x0, 0xd9, 0xe6, 0x0, 0x18, 0xf3,
    0xef, 0xff, 0xff, 0x70, 0xe8, 0x33, 0x30, 0x0,
    0xe6, 0x0, 0x0, 0x0,

    /* U+00DF "ß" */
    0x1a, 0xfe, 0x80, 0x0, 0xad, 0x24, 0xf4, 0x0,
    0xe6, 0x0, 0xc6, 0x0, 0xf4, 0x3, 0xf1, 0x0,
    0xf4, 0xa, 0x90, 0x0, 0xf4, 0xc, 0xa0, 0x0,
    0xf4, 0x3, 0xeb, 0x10, 0xf4, 0x0, 0x1d, 0xc0,
    0xf4, 0x1, 0x4, 0xf0, 0xf4, 0xab, 0x29, 0xd0,
    0xf4, 0x1b, 0xfc, 0x20,

    /* U+00E0 "à" */
    0x0, 0x7e, 0x0, 0x0, 0x0, 0xb, 0x60, 0x0,
    0x0, 0x0, 0x0, 0x0, 0x2, 0xbf, 0xfb, 0x20,
    0xe, 0x92, 0x3c, 0xa0, 0x18, 0x0, 0x6, 0xc0,
    0x0, 0x58, 0xbe, 0xd0, 0x1d, 0xd9, 0x68, 0xd0,
    0x6e, 0x0, 0x8, 0xd0, 0x5f, 0x10, 0x3f, 0xd0,
    0x9, 0xed, 0xa5, 0xf1,

    /* U+00E1 "á" */
    0x0, 0x2, 0xf4, 0x0, 0x0, 0x9, 0x90, 0x0,
    0x0, 0x0, 0x0, 0x0, 0x2, 0xbf, 0xfb, 0x20,
    0xe, 0x92, 0x3c, 0xa0, 0x18, 0x0, 0x6, 0xc0,
    0x0, 0x58, 0xbe, 0xd0, 0x1d, 0xd9, 0x68, 0xd0,
    0x6e, 0x0, 0x8, 0xd0, 0x5f, 0x10, 0x3f, 0xd0,
    0x9, 0xed, 0xa5, 0xf1,

    /* U+00E2 "â" */
    0x0, 0x2f, 0xd0, 0x0, 0x0, 0xd7, 0xb9, 0x0,
    0x0, 0x10, 0x1, 0x0, 0x2, 0xbf, 0xfb, 0x20,
    0xe, 0x92, 0x3c, 0xa0, 0x18, 0x0, 0x6, 0xc0,
    0x0, 0x58, 0xbe, 0xd0, 0x1d, 0xd9, 0x68, 0xd0,
    0x6e, 0x0, 0x8, 0xd0, 0x5f, 0x10, 0x3f, 0xd0,
    0x9, 0xed, 0xa5, 0xf1,

    /* U+00E3 "ã" */
    0x0, 0xdc, 0x2c, 0x10, 0x5, 0x83, 0xea, 0x0,
    0x0, 0x0, 0x0, 0x0, 0x2, 0xbf, 0xfb, 0x20,
    0xe, 0x92, 0x3c, 0xa0, 0x18, 0x0, 0x6, 0xc0,
    0x0, 0x58, 0xbe, 0xd0, 0x1d, 0xd9, 0x68, 0xd0,
    0x6e, 0x0, 0x8, 0xd0, 0x5f, 0x10, 0x3f, 0xd0,
    0x9, 0xed, 0xa5, 0xf1,

    /* U+00E4 "ä" */
    0x0, 0xf4, 0x7c, 0x0, 0x0, 0x82, 0x36, 0x0,
    0x0, 0x0, 0x0, 0x0, 0x2, 0xbf, 0xfb, 0x20,
    0xe, 0x92, 0x3c, 0xa0, 0x18, 0x0, 0x6, 0xc0,
    0x0, 0x58, 0xbe, 0xd0, 0x1d, 0xd9, 0x68, 0xd0,
    0x6e, 0x0, 0x8, 0xd0, 0x5f, 0x10, 0x3f, 0xd0,
    0x9, 0xed, 0xa5, 0xf1,

    /* U+00E5 "å" */
    0x0, 0x1a, 0x90, 0x0, 0x0, 0x44, 0x71, 0x0,
    0x0, 0x8, 0x70, 0x0, 0x2, 0xbf, 0xfb, 0x20,
    0xe, 0x92, 0x3c, 0xa0, 0x18, 0x0, 0x6, 0xc0,
    0x0, 0x58, 0xbe, 0xd0, 0x1d, 0xd9, 0x68, 0xd0,
    0x6e, 0x0, 0x8, 0xd0, 0x5f, 0x10, 0x3f, 0xd0,
    0x9, 0xed, 0xa5, 0xf1,

    /* U+00E6 "æ" */
    0x3, 0xcf, 0xfa, 0x3c, 0xfd, 0x60, 0xf, 0x72,
    0x3d, 0xf7, 0x24, 0xe4, 0x15, 0x0, 0xa, 0xc0,
    0x0, 0x7b, 0x2, 0x9c, 0xff, 0xff, 0xff, 0xfd,
    0x2f, 0x94, 0x19, 0xb2, 0x22, 0x21, 0x7d, 0x0,
    0xc, 0xd0, 0x0, 0x78, 0x5f, 0x42, 0x8d, 0xe9,
    0x25, 0xf5, 0x9, 0xee, 0xa1, 0x2c, 0xfe, 0x60,

    /* U+00E7 "ç" */
    0x1, 0xbf, 0xe7, 0x0, 0xdb, 0x24, 0xe6, 0x4f,
    0x10, 0x5, 0x56, 0xd0, 0x0, 0x0, 0x6d, 0x0,
    0x0, 0x4, 0xf0, 0x0, 0x6a, 0xd, 0x90, 0x2d,
    0x70, 0x2c, 0xff, 0x90, 0x0, 0xf, 0x50, 0x0,
    0x0, 0x4f, 0x0, 0x0, 0x9e, 0x80, 0x0,

    /* U+00E8 "è" */
    0x0, 0x7e, 0x0, 0x0, 0x0, 0xb, 0x60, 0x0,
    0x0, 0x0, 0x0, 0x0, 0x1, 0xaf, 0xe9, 0x0,
    0xc, 0xb2, 0x3c, 0xa0, 0x3f, 0x0, 0x2, 0xf0,
    0x6f, 0xff, 0xff, 0xf2, 0x6e, 0x22, 0x22, 0x20,
    0x3f, 0x20, 0x2, 0xa0, 0xc, 0xc3, 0x3c, 0xb0,
    0x1, 0xaf, 0xea, 0x10,

    /* U+00E9 "é" */
    0x0, 0x2, 0xf4, 0x0, 0x0, 0x9, 0x90, 0x0,
    0x0, 0x0, 0x0, 0x0, 0x1, 0xaf, 0xe9, 0x0,
    0xc, 0xb2, 0x3c, 0xa0, 0x3f, 0x0, 0x2, 0xf0,
    0x6f, 0xff, 0xff, 0xf2, 0x6e, 0x22, 0x22, 0x20,
    0x3f, 0x20, 0x2, 0xa0, 0xc, 0xc3, 0x3c, 0xb0,
    0x1, 0xaf, 0xea, 0x10,

    /* U+00EA "ê" */
    0x0, 0x2f, 0xd0, 0x0, 0x0, 0xc8, 0xaa, 0x0,
    0x0, 0x10, 0x1, 0x0, 0x1, 0xaf, 0xe9, 0x0,
    0xc, 0xb2, 0x3c, 0xa0, 0x3f, 0x0, 0x2, 0xf0,
    0x6f, 0xff, 0xff, 0xf2, 0x6e, 0x22, 0x22, 0x20,
    0x3f, 0x20, 0x2, 0xa0, 0xc, 0xc3, 0x3c, 0xb0,
    0x1, 0xaf, 0xea, 0x10,

    /* U+00EB "ë" */
    0x0, 0xf4, 0x7d, 0x0, 0x0, 0x82, 0x36, 0x0,
    0x0, 0x0, 0x0, 0x0, 0x1, 0xaf, 0xe9, 0x0,
    0xc, 0xb2, 0x3c, 0xa0, 0x3f, 0x0, 0x2, 0xf0,
    0x6f, 0xff, 0xff, 0xf2, 0x6e, 0x22, 0x22, 0x20,
    0x3f, 0x20, 0x2, 0xa0, 0xc, 0xc3, 0x3c, 0xb0,
    0x1, 0xaf, 0xea, 0x10,

    /* U+00EC "ì" */
    0x7f, 0x10, 0xb7, 0x0, 0x0, 0xa9, 0xa, 0x90,
    0xa9, 0xa, 0x90, 0xa9, 0xa, 0x90, 0xa9, 0xa,
    0x90,

    /* U+00ED "í" */
    0x2f, 0x59, 0x90, 0x0, 0xa, 0x90, 0xa9, 0xa,
    0x90, 0xa9, 0xa, 0x90, 0xa9, 0xa, 0x90, 0xa9,
    0x0,

    /* U+00EE "î" */
    0x2, 0xed, 0x10, 0xc, 0x78, 0xb0, 0x0, 0x0,
    0x0, 0x0, 0xa9, 0x0, 0x0, 0xa9, 0x0, 0x0,
    0xa9, 0x0, 0x0, 0xa9, 0x0, 0x0, 0xa9, 0x0,
    0x0, 0xa9, 0x0, 0x0, 0xa9, 0x0, 0x0, 0xa9,
    0x0,

    /* U+00EF "ï" */
    0xe5, 0x6e, 0x72, 0x37, 0x0, 0x0, 0xa, 0x90,
    0xa, 0x90, 0xa, 0x90, 0xa, 0x90, 0xa, 0x90,
    0xa, 0x90, 0xa, 0x90, 0xa, 0x90,

    /* U+00F0 "ð" */
    0x0, 0x4e, 0x6c, 0x10, 0x0, 0x4d, 0xf5, 0x0,
    0x0, 0x62, 0x7d, 0x0, 0x2, 0xbf, 0xdf, 0x60,
    0xd, 0xa1, 0x2d, 0xc0, 0x4f, 0x10, 0x4, 0xf1,
    0x6d, 0x0, 0x1, 0xf3, 0x6d, 0x0, 0x1, 0xf2,
    0x4f, 0x10, 0x5, 0xf0, 0xc, 0xb2, 0x4e, 0x80,
    0x1, 0xbf, 0xe8, 0x0,

    /* U+00F1 "ñ" */
    0x0, 0xdc, 0x2c, 0x10, 0x58, 0x3e, 0xa0, 0x0,
    0x0, 0x0, 0x0, 0xf6, 0xdf, 0xb1, 0xf, 0xc1,
    0xc, 0xa0, 0xf4, 0x0, 0x7d, 0xf, 0x30, 0x6,
    0xd0, 0xf3, 0x0, 0x6d, 0xf, 0x30, 0x6, 0xd0,
    0xf3, 0x0, 0x6d, 0xf, 0x30, 0x6, 0xd0,

    /* U+00F2 "ò" */
    0x0, 0x7e, 0x0, 0x0, 0x0, 0xb, 0x60, 0x0,
    0x0, 0x0, 0x0, 0x0, 0x1, 0xae, 0xe9, 0x0,
    0xd, 0xb2, 0x3d, 0x90, 0x4f, 0x10, 0x4, 0xf1,
    0x7c, 0x0, 0x0, 0xf3, 0x7c, 0x0, 0x0, 0xf4,
    0x5f, 0x10, 0x4, 0xf1, 0xd, 0xb2, 0x3d, 0xa0,
    0x1, 0xae, 0xe8, 0x0,

    /* U+00F3 "ó" */
    0x0, 0x2, 0xf4, 0x0, 0x0, 0x9, 0x90, 0x0,
    0x0, 0x0, 0x0, 0x0, 0x1, 0xae, 0xe9, 0x0,
    0xd, 0xb2, 0x3d, 0x90, 0x4f, 0x10, 0x4, 0xf1,
    0x7c, 0x0, 0x0, 0xf3, 0x7c, 0x0, 0x0, 0xf4,
    0x5f, 0x10, 0x4, 0xf1, 0xd, 0xb2, 0x3d, 0xa0,
    0x1, 0xae, 0xe8, 0x0,

    /* U+00F4 "ô" */
    0x0, 0x2f, 0xd0, 0x0, 0x0, 0xd7, 0xb9, 0x0,
    0x0, 0x10, 0x1, 0x0, 0x1, 0xae, 0xe9, 0x0,
    0xd, 0xb2, 0x3d, 0x90, 0x4f, 0x10, 0x4, 0xf1,
    0x7c, 0x0, 0x0, 0xf3, 0x7c, 0x0, 0x0, 0xf4,
    0x5f, 0x10, 0x4, 0xf1, 0xd, 0xb2, 0x3d, 0xa0,
    0x1, 0xae, 0xe8, 0x0,

    /* U+00F5 "õ" */
    0x0, 0xdc, 0x2c, 0x10, 0x5, 0x83, 0xea, 0x0,
    0x0, 0x0, 0x0, 0x0, 0x1, 0xae, 0xe9, 0x0,
    0xd, 0xb2, 0x3d, 0x90, 0x4f, 0x10, 0x4, 0xf1,
    0x7c, 0x0, 0x0, 0xf3, 0x7c, 0x0, 0x0, 0xf4,
    0x5f, 0x10, 0x4, 0xf1, 0xd, 0xb2, 0x3d, 0xa0,
    0x1, 0xae, 0xe8, 0x0,

    /* U+00F6 "ö" */
    0x0, 0xf4, 0x7c, 0x0, 0x0, 0x82, 0x36, 0x0,
    0x0, 0x0, 0x0, 0x0, 0x1, 0xae, 0xe9, 0x0,
    0xd, 0xb2, 0x3d, 0x90, 0x4f, 0x10, 0x4, 0xf1,
    0x7c, 0x0, 0x0, 0xf3, 0x7c, 0x0, 0x0, 0xf4,
    0x5f, 0x10, 0x4, 0xf1, 0xd, 0xb2, 0x3d, 0xa0,
    0x1, 0xae, 0xe8, 0x0,

    /* U+00F7 "÷" */
    0x0, 0x9, 0xc0, 0x0, 0x0, 0x5, 0x60, 0x0,
    0x3f, 0xff, 0xff, 0xf6, 0x3, 0x33, 0x33, 0x31,
    0x0, 0x5, 0x60, 0x0, 0x0, 0x9, 0xc0, 0x0,

    /* U+00F8 "ø" */
    0x0, 0x0, 0x0, 0x0, 0x0, 0x7e, 0xfb, 0xb5,
    0x7, 0xe5, 0x2b, 0xf1, 0xe, 0x60, 0x2d, 0xd7,
    0x1f, 0x30, 0xc3, 0x99, 0x1f, 0x38, 0x70, 0xaa,
    0xe, 0xab, 0x0, 0xd8, 0x7, 0xf6, 0x29, 0xf2,
    0xb, 0x9e, 0xfb, 0x20, 0x2, 0x0, 0x0, 0x0,

    /* U+00F9 "ù" */
    0x0, 0x7e, 0x0, 0x0, 0x0, 0xb6, 0x0, 0x0,
    0x0, 0x0, 0x1, 0xf2, 0x0, 0x6d, 0x1f, 0x20,
    0x6, 0xd1, 0xf2, 0x0, 0x6d, 0x1f, 0x20, 0x6,
    0xd1, 0xf2, 0x0, 0x6d, 0xf, 0x30, 0x8, 0xd0,
    0xd9, 0x3, 0xed, 0x3, 0xdf, 0xc6, 0xd0,

    /* U+00FA "ú" */
    0x0, 0x2, 0xf4, 0x0, 0x0, 0x99, 0x0, 0x0,
    0x0, 0x0, 0x1, 0xf2, 0x0, 0x6d, 0x1f, 0x20,
    0x6, 0xd1, 0xf2, 0x0, 0x6d, 0x1f, 0x20, 0x6,
    0xd1, 0xf2, 0x0, 0x6d, 0xf, 0x30, 0x8, 0xd0,
    0xd9, 0x3, 0xed, 0x3, 0xdf, 0xc6, 0xd0,

    /* U+00FB "û" */
    0x0, 0x2e, 0xd1, 0x0, 0xc, 0x79, 0xa0, 0x0,
    0x0, 0x0, 0x1, 0xf2, 0x0, 0x6d, 0x1f, 0x20,
    0x6, 0xd1, 0xf2, 0x0, 0x6d, 0x1f, 0x20, 0x6,
    0xd1, 0xf2, 0x0, 0x6d, 0xf, 0x30, 0x8, 0xd0,
    0xd9, 0x3, 0xed, 0x3, 0xdf, 0xc6, 0xd0,

    /* U+00FC "ü" */
    0x0, 0xf4, 0x7c, 0x0, 0x8, 0x23, 0x60, 0x0,
    0x0, 0x0, 0x1, 0xf2, 0x0, 0x6d, 0x1f, 0x20,
    0x6, 0xd1, 0xf2, 0x0, 0x6d, 0x1f, 0x20, 0x6,
    0xd1, 0xf2, 0x0, 0x6d, 0xf, 0x30, 0x8, 0xd0,
    0xd9, 0x3, 0xed, 0x3, 0xdf, 0xc6, 0xd0,

    /* U+00FD "ý" */
    0x0, 0x9, 0xd0, 0x0, 0x1, 0xe2, 0x0, 0x0,
    0x0, 0x0, 0x9, 0xb0, 0x0, 0x8b, 0x4f, 0x10,
    0xd, 0x50, 0xe6, 0x3, 0xf0, 0x8, 0xb0, 0x8a,
    0x0, 0x3f, 0x1e, 0x50, 0x0, 0xd8, 0xf0, 0x0,
    0x7, 0xf9, 0x0, 0x0, 0x2f, 0x40, 0x0, 0x3,
    0xe0, 0x0, 0x15, 0xc8, 0x0, 0x2, 0xfb, 0x0,
    0x0,

    /* U+00FE "þ" */
    0xf, 0x30, 0x0, 0x0, 0xf, 0x30, 0x0, 0x0,
    0xf, 0x30, 0x0, 0x0, 0xf, 0x8d, 0xfa, 0x0,
    0xf, 0xe3, 0x2c, 0x90, 0xf, 0x50, 0x3, 0xf0,
    0xf, 0x20, 0x0, 0xf3, 0xf, 0x10, 0x1, 0xf3,
    0xf, 0x40, 0x4, 0xf0, 0xf, 0xd3, 0x3d, 0x90,
    0xf, 0x8d, 0xe9, 0x0, 0xf, 0x30, 0x0, 0x0,
    0xf, 0x30, 0x0, 0x0, 0xf, 0x30, 0x0, 0x0,

    /* U+00FF "ÿ" */
    0x6, 0xe0, 0xd6, 0x0, 0x37, 0x7, 0x30, 0x0,
    0x0, 0x0, 0x9, 0xb0, 0x0, 0x8b, 0x4f, 0x10,
    0xd, 0x50, 0xe6, 0x3, 0xf0, 0x8, 0xb0, 0x8a,
    0x0, 0x3f, 0x1e, 0x50, 0x0, 0xd8, 0xf0, 0x0,
    0x7, 0xf9, 0x0, 0x0, 0x2f, 0x40, 0x0, 0x3,
    0xe0, 0x0, 0x15, 0xc8, 0x0, 0x2, 0xfb, 0x0,
    0x0,

    /* U+0100 "Ā" */
    0x0, 0x9, 0xff, 0xfa, 0x0, 0x0, 0x0, 0x12,
    0x22, 0x10, 0x0, 0x0, 0x0, 0x5f, 0x70, 0x0,
    0x0, 0x0, 0xb, 0xdd, 0x0, 0x0, 0x0, 0x1,
    0xf5, 0xf3, 0x0, 0x0, 0x0, 0x6f, 0xd, 0x90,
    0x0, 0x0, 0xb, 0xa0, 0x8e, 0x0, 0x0, 0x1,
    0xf5, 0x3, 0xf4, 0x0, 0x0, 0x7f, 0x10, 0xe,
    0xa0, 0x0, 0xc, 0xff, 0xff, 0xff, 0x10, 0x2,
    0xf7, 0x22, 0x24, 0xf6, 0x0, 0x7f, 0x0, 0x0,
    0xc, 0xc0, 0xd, 0x90, 0x0, 0x0, 0x5f, 0x20,

    /* U+0101 "ā" */
    0x4, 0xff, 0xff, 0x0, 0x0, 0x11, 0x11, 0x0,
    0x0, 0x0, 0x0, 0x0, 0x2, 0xbf, 0xfb, 0x20,
    0xe, 0x92, 0x3c, 0xa0, 0x18, 0x0, 0x6, 0xc0,
    0x0, 0x58, 0xbe, 0xd0, 0x1d, 0xd9, 0x68, 0xd0,
    0x6e, 0x0, 0x8, 0xd0, 0x5f, 0x10, 0x3f, 0xd0,
    0x9, 0xed, 0xa5, 0xf1,

    /* U+0102 "Ă" */
    0x0, 0x3, 0x20, 0x33, 0x0, 0x0, 0x0, 0x5a,
    0xa, 0x40, 0x0, 0x0, 0x0, 0x9e, 0x90, 0x0,
    0x0, 0x0, 0x5, 0xf7, 0x0, 0x0, 0x0, 0x0,
    0xbd, 0xd0, 0x0, 0x0, 0x0, 0x1f, 0x5f, 0x30,
    0x0, 0x0, 0x6, 0xf0, 0xd9, 0x0, 0x0, 0x0,
    0xba, 0x8, 0xe0, 0x0, 0x0, 0x1f, 0x50, 0x3f,
    0x40, 0x0, 0x7, 0xf1, 0x0, 0xea, 0x0, 0x0,
    0xcf, 0xff, 0xff, 0xf1, 0x0, 0x2f, 0x72, 0x22,
    0x4f, 0x60, 0x7, 0xf0, 0x0, 0x0, 0xcc, 0x0,
    0xd9, 0x0, 0x0, 0x5, 0xf2,

    /* U+0103 "ă" */
    0x1, 0xd0, 0x4b, 0x0, 0x0, 0x6e, 0xc2, 0x0,
    0x0, 0x0, 0x0, 0x0, 0x2, 0xbf, 0xfb, 0x20,
    0xe, 0x92, 0x3c, 0xa0, 0x18, 0x0, 0x6, 0xc0,
    0x0, 0x58, 0xbe, 0xd0, 0x1d, 0xd9, 0x68, 0xd0,
    0x6e, 0x0, 0x8, 0xd0, 0x5f, 0x10, 0x3f, 0xd0,
    0x9, 0xed, 0xa5, 0xf1,

    /* U+0104 "Ą" */
    0x0, 0x0, 0x5f, 0x70, 0x0, 0x0, 0x0, 0x0,
    0xbb, 0xd0, 0x0, 0x0, 0x0, 0x1, 0xf2, 0xf3,
    0x0, 0x0, 0x0, 0x6, 0xc0, 0xa9, 0x0, 0x0,
    0x0, 0xb, 0x60, 0x4e, 0x0, 0x0, 0x0, 0x1f,
    0x10, 0xe, 0x40, 0x0, 0x0, 0x7f, 0xff, 0xff,
    0xa0, 0x0, 0x0, 0xc7, 0x22, 0x25, 0xf1, 0x0,
    0x2, 0xf1, 0x0, 0x0, 0xd6, 0x0, 0x7, 0xd0,
    0x0, 0x0, 0x8c, 0x0, 0xd, 0x80, 0x0, 0x0,
    0x3f, 0x20, 0x0, 0x0, 0x0, 0x0, 0x49, 0x0,
    0x0, 0x0, 0x0, 0x0, 0x5a, 0x1, 0x0, 0x0,
    0x0, 0x0, 0x1c, 0xe6,

    /* U+0105 "ą" */
    0x2, 0xbf, 0xfb, 0x20, 0xe, 0x92, 0x3c, 0xa0,
    0x17, 0x0, 0x6, 0xc0, 0x0, 0x59, 0xbf, 0xd0,
    0x1e, 0xc7, 0x47, 0xd0, 0x6e, 0x0, 0x9, 0xd0,
    0x5f, 0x41, 0x6f, 0xd0, 0x9, 0xef, 0xa4, 0xf1,
    0x0, 0x0, 0x5, 0x80, 0x0, 0x0, 0x7, 0x81,
    0x0, 0x0, 0x2, 0xed,

    /* U+0106 "Ć" */
    0x0, 0x0, 0xb, 0xc0, 0x0, 0x0, 0x0, 0x2e,
    0x10, 0x0, 0x0, 0x0, 0x0, 0x0, 0x0, 0x0,
    0x19, 0xef, 0xd6, 0x0, 0x1, 0xec, 0x54, 0x7f,
    0x80, 0xa, 0xd0, 0x0, 0x5, 0xf2, 0xf, 0x60,
    0x0, 0x0, 0x50, 0x3f, 0x30, 0x0, 0x0, 0x0,
    0x4f, 0x10, 0x0, 0x0, 0x0, 0x3f, 0x20, 0x0,
    0x0, 0x0, 0xf, 0x50, 0x0, 0x0, 0xc4, 0xa,
    0xd0, 0x0, 0x5, 0xf2, 0x1, 0xec, 0x54, 0x7f,
    0x80, 0x0, 0x2a, 0xef, 0xd6, 0x0,

    /* U+0107 "ć" */
    0x0, 0x5, 0xf3, 0x0, 0x0, 0xc6, 0x0, 0x0,
    0x0, 0x0, 0x0, 0x1b, 0xfe, 0x70, 0xd, 0xb2,
    0x4e, 0x64, 0xf1, 0x0, 0x55, 0x6d, 0x0, 0x0,
    0x6, 0xd0, 0x0, 0x0, 0x3f, 0x10, 0x7, 0xa0,
    0xcb, 0x24, 0xe6, 0x2, 0xbf, 0xe7, 0x0,

    /* U+0108 "Ĉ" */
    0x0, 0x0, 0xaf, 0x60, 0x0, 0x0, 0x5, 0xe3,
    0xf3, 0x0, 0x0, 0x0, 0x0, 0x0, 0x0, 0x0,
    0x19, 0xef, 0xd6, 0x0, 0x1, 0xec, 0x54, 0x7f,
    0x80, 0xa, 0xd0, 0x0, 0x5, 0xf2, 0xf, 0x60,
    0x0, 0x0, 0x50, 0x3f, 0x30, 0x0, 0x0, 0x0,
    0x4f, 0x10, 0x0, 0x0, 0x0, 0x3f, 0x20, 0x0,
    0x0, 0x0, 0xf, 0x50, 0x0, 0x0, 0xc4, 0xa,
    0xd0, 0x0, 0x5, 0xf2, 0x1, 0xec, 0x54, 0x7f,
    0x80, 0x0, 0x2a, 0xef, 0xd6, 0x0,

    /* U+0109 "ĉ" */
    0x0, 0x4f, 0xc0, 0x0, 0x1e, 0x6c, 0x80, 0x0,
    0x10, 0x1, 0x0, 0x1b, 0xfe, 0x70, 0xd, 0xb2,
    0x4e, 0x64, 0xf1, 0x0, 0x55, 0x6d, 0x0, 0x0,
    0x6, 0xd0, 0x0, 0x0, 0x3f, 0x10, 0x7, 0xa0,
    0xcb, 0x24, 0xe6, 0x2, 0xbf, 0xe7, 0x0,

    /* U+010A "Ċ" */
    0x0, 0x0, 0x18, 0x0, 0x0, 0x0, 0x0, 0x3f,
    0x0, 0x0, 0x0, 0x0, 0x0, 0x0, 0x0, 0x0,
    0x19, 0xef, 0xd6, 0x0, 0x1, 0xec, 0x54, 0x7f,
    0x80, 0xa, 0xd0, 0x0, 0x5, 0xf2, 0xf, 0x60,
    0x0, 0x0, 0x50, 0x3f, 0x30, 0x0, 0x0, 0x0,
    0x4f, 0x10, 0x0, 0x0, 0x0, 0x3f, 0x20, 0x0,
    0x0, 0x0, 0xf, 0x50, 0x0, 0x0, 0xc4, 0xa,
    0xd0, 0x0, 0x5, 0xf2, 0x1, 0xec, 0x54, 0x7f,
    0x80, 0x0, 0x2a, 0xef, 0xd6, 0x0,

    /* U+010B "ċ" */
    0x0, 0xc, 0x70, 0x0, 0x0, 0x63, 0x0, 0x0,
    0x0, 0x0, 0x0, 0x1b, 0xfe, 0x70, 0xd, 0xb2,
    0x4e, 0x64, 0xf1, 0x0, 0x55, 0x6d, 0x0, 0x0,
    0x6, 0xd0, 0x0, 0x0, 0x3f, 0x10, 0x7, 0xa0,
    0xcb, 0x24, 0xe6, 0x2, 0xbf, 0xe7, 0x0,

    /* U+010C "Č" */
    0x0, 0x5, 0xe3, 0xf3, 0x0, 0x0, 0x0, 0x8f,
    0x70, 0x0, 0x0, 0x0, 0x0, 0x0, 0x0, 0x0,
    0x19, 0xef, 0xd6, 0x0, 0x1, 0xec, 0x54, 0x7f,
    0x80, 0xa, 0xd0, 0x0, 0x5, 0xf2, 0xf, 0x60,
    0x0, 0x0, 0x50, 0x3f, 0x30, 0x0, 0x0, 0x0,
    0x4f, 0x10, 0x0, 0x0, 0x0, 0x3f, 0x20, 0x0,
    0x0, 0x0, 0xf, 0x50, 0x0, 0x0, 0xc4, 0xa,
    0xd0, 0x0, 0x5, 0xf2, 0x1, 0xec, 0x54, 0x7f,
    0x80, 0x0, 0x2a, 0xef, 0xd6, 0x0,

    /* U+010D "č" */
    0x1, 0xe5, 0xb9, 0x0, 0x4, 0xfd, 0x0, 0x0,
    0x1, 0x0, 0x0, 0x1b, 0xfe, 0x70, 0xd, 0xb2,
    0x4e, 0x64, 0xf1, 0x0, 0x55, 0x6d, 0x0, 0x0,
    0x6, 0xd0, 0x0, 0x0, 0x3f, 0x10, 0x7, 0xa0,
    0xcb, 0x24, 0xe6, 0x2, 0xbf, 0xe7, 0x0,

    /* U+010E "Ď" */
    0x1, 0xe5, 0xc9, 0x0, 0x0, 0x3, 0xfc, 0x0,
    0x0, 0x0, 0x0, 0x0, 0x0, 0xe, 0xff, 0xff,
    0xc4, 0x0, 0xe9, 0x44, 0x5a, 0xf4, 0xe, 0x70,
    0x0, 0xa, 0xc0, 0xe7, 0x0, 0x0, 0x3f, 0x2e,
    0x70, 0x0, 0x0, 0xf5, 0xe7, 0x0, 0x0, 0xf,
    0x6e, 0x70, 0x0, 0x0, 0xf5, 0xe7, 0x0, 0x0,
    0x3f, 0x2e, 0x70, 0x0, 0xa, 0xd0, 0xe9, 0x44,
    0x5a, 0xf4, 0xe, 0xff, 0xfe, 0xb4, 0x0,

    /* U+010F "ď" */
    0x0, 0x0, 0x6, 0xc9, 0xc0, 0x0, 0x0, 0x6c,
    0x4b, 0x0, 0x0, 0x6, 0xc2, 0x90, 0x2c, 0xfc,
    0x8c, 0x51, 0xd, 0xa2, 0x5f, 0xc0, 0x4, 0xf1,
    0x0, 0x9c, 0x0, 0x7d, 0x0, 0x6, 0xc0, 0x6,
    0xc0, 0x0, 0x5c, 0x0, 0x4f, 0x0, 0x8, 0xc0,
    0x0, 0xc8, 0x2, 0xec, 0x0, 0x2, 0xbe, 0xc8,
    0xc0, 0x0,

    /* U+0110 "Đ" */
    0x0, 0xef, 0xff, 0xfc, 0x40, 0x0, 0xe, 0x94,
    0x45, 0xaf, 0x40, 0x0, 0xe7, 0x0, 0x0, 0xac,
    0x0, 0xe, 0x70, 0x0, 0x3, 0xf2, 0x0, 0xe7,
    0x0, 0x0, 0xf, 0x50, 0xff, 0xff, 0xf2, 0x0,
    0xf6, 0x0, 0xe7, 0x0, 0x0, 0xf, 0x50, 0xe,
    0x70, 0x0, 0x3, 0xf2, 0x0, 0xe7, 0x0, 0x0,
    0xad, 0x0, 0xe, 0x94, 0x45, 0xaf, 0x40, 0x0,
    0xef, 0xff, 0xeb, 0x40, 0x0,

    /* U+0111 "đ" */
    0x0, 0x0, 0x6, 0xc0, 0x0, 0x8, 0xff, 0xfa,
    0x0, 0x1, 0x28, 0xd1, 0x2, 0xcf, 0xc8, 0xc0,
    0xd, 0xa2, 0x5f, 0xc0, 0x4f, 0x10, 0x9, 0xc0,
    0x7d, 0x0, 0x6, 0xc0, 0x6c, 0x0, 0x5, 0xc0,
    0x4f, 0x0, 0x8, 0xc0, 0xc, 0x80, 0x2e, 0xc0,
    0x2, 0xbe, 0xc8, 0xc0,

    /* U+0112 "Ē" */
    0x6, 0xff, 0xfc, 0x0, 0x1, 0x22, 0x21, 0x0,
    0xef, 0xff, 0xff, 0xf5, 0xe9, 0x44, 0x44, 0x41,
    0xe7, 0x0, 0x0, 0x0, 0xe7, 0x0, 0x0, 0x0,
    0xe7, 0x0, 0x0, 0x0, 0xef, 0xff, 0xff, 0xf0,
    0xe9, 0x33, 0x33, 0x30, 0xe7, 0x0, 0x0, 0x0,
    0xe7, 0x0, 0x0, 0x0, 0xe9, 0x44, 0x44, 0x42,
    0xef, 0xff, 0xff, 0xf9,

    /* U+0113 "ē" */
    0x1, 0xff, 0xff, 0x20, 0x0, 0x11, 0x11, 0x0,
    0x0, 0x0, 0x0, 0x0, 0x1, 0xaf, 0xe9, 0x0,
    0xc, 0xb2, 0x3c, 0xa0, 0x3f, 0x0, 0x2, 0xf0,
    0x6f, 0xff, 0xff, 0xf2, 0x6e, 0x22, 0x22, 0x20,
    0x3f, 0x20, 0x2, 0xa0, 0xc, 0xc3, 0x3c, 0xb0,
    0x1, 0xaf, 0xea, 0x10,

    /* U+0114 "Ĕ" */
    0x1, 0x60, 0x25, 0x0, 0x0, 0x9e, 0xd4, 0x0,
    0x0, 0x0, 0x0, 0x0, 0xef, 0xff, 0xff, 0xf5,
    0xe9, 0x44, 0x44, 0x41, 0xe7, 0x0, 0x0, 0x0,
    0xe7, 0x0, 0x0, 0x0, 0xe7, 0x0, 0x0, 0x0,
    0xef, 0xff, 0xff, 0xf0, 0xe9, 0x33, 0x33, 0x30,
    0xe7, 0x0, 0x0, 0x0, 0xe7, 0x0, 0x0, 0x0,
    0xe9, 0x44, 0x44, 0x42, 0xef, 0xff, 0xff, 0xf9,

    /* U+0115 "ĕ" */
    0x0, 0xd2, 0x2d, 0x0, 0x0, 0x4d, 0xd4, 0x0,
    0x0, 0x0, 0x0, 0x0, 0x1, 0xaf, 0xe9, 0x0,
    0xc, 0xb2, 0x3c, 0xa0, 0x3f, 0x0, 0x2, 0xf0,
    0x6f, 0xff, 0xff, 0xf2, 0x6e, 0x22, 0x22, 0x20,
    0x3f, 0x20, 0x2, 0xa0, 0xc, 0xc3, 0x3c, 0xb0,
    0x1, 0xaf, 0xea, 0x10,

    /* U+0116 "Ė" */
    0x0, 0xd, 0x60, 0x0, 0x0, 0x6, 0x30, 0x0,
    0xef, 0xff, 0xff, 0xf5, 0xe9, 0x44, 0x44, 0x41,
    0xe7, 0x0, 0x0, 0x0, 0xe7, 0x0, 0x0, 0x0,
    0xe7, 0x0, 0x0, 0x0, 0xef, 0xff, 0xff, 0xf0,
    0xe9, 0x33, 0x33, 0x30, 0xe7, 0x0, 0x0, 0x0,
    0xe7, 0x0, 0x0, 0x0, 0xe9, 0x44, 0x44, 0x42,
    0xef, 0xff, 0xff, 0xf9,

    /* U+0117 "ė" */
    0x0, 0xc, 0x70, 0x0, 0x0, 0x6, 0x30, 0x0,
    0x0, 0x0, 0x0, 0x0, 0x1, 0xaf, 0xe9, 0x0,
    0xc, 0xb2, 0x3c, 0xa0, 0x3f, 0x0, 0x2, 0xf0,
    0x6f, 0xff, 0xff, 0xf2, 0x6e, 0x22, 0x22, 0x20,
    0x3f, 0x20, 0x2, 0xa0, 0xc, 0xc3, 0x3c, 0xb0,
    0x1, 0xaf, 0xea, 0x10,

    /* U+0118 "Ę" */
    0xef, 0xff, 0xff, 0xf5, 0xe, 0x94, 0x44, 0x44,
    0x10, 0xe7, 0x0, 0x0, 0x0, 0xe, 0x70, 0x0,
    0x0, 0x0, 0xe7, 0x0, 0x0, 0x0, 0xe, 0xff,
    0xff, 0xff, 0x0, 0xe9, 0x33, 0x33, 0x30, 0xe,
    0x70, 0x0, 0x0, 0x0, 0xe7, 0x0, 0x0, 0x0,
    0xe, 0x94, 0x44, 0x44, 0x20, 0xef, 0xff, 0xff,
    0xf9, 0x0, 0x0, 0x0, 0xd0, 0x0, 0x0, 0x0,
    0xe, 0x21, 0x0, 0x0, 0x0, 0x8f, 0xc0,

    /* U+0119 "ę" */
    0x1, 0xaf, 0xe9, 0x0, 0xb, 0xb2, 0x3c, 0xa0,
    0x3f, 0x0, 0x2, 0xf0, 0x5f, 0xff, 0xff, 0xf2,
    0x6e, 0x22, 0x22, 0x20, 0x4f, 0x10, 0x2, 0xa0,
    0xd, 0xb1, 0x1b, 0xc0, 0x2, 0xbf, 0xfb, 0x10,
    0x0, 0x9, 0x30, 0x0, 0x0, 0xa, 0x60, 0x10,
    0x0, 0x4, 0xed, 0x20,

    /* U+011A "Ě" */
    0x2, 0xe4, 0xd8, 0x0, 0x0, 0x4f, 0xc0, 0x0,
    0x0, 0x0, 0x0, 0x0, 0xef, 0xff, 0xff, 0xf5,
    0xe9, 0x44, 0x44, 0x41, 0xe7, 0x0, 0x0, 0x0,
    0xe7, 0x0, 0x0, 0x0, 0xe7, 0x0, 0x0, 0x0,
    0xef, 0xff, 0xff, 0xf0, 0xe9, 0x33, 0x33, 0x30,
    0xe7, 0x0, 0x0, 0x0, 0xe7, 0x0, 0x0, 0x0,
    0xe9, 0x44, 0x44, 0x42, 0xef, 0xff, 0xff, 0xf9,

    /* U+011B "ě" */
    0x0, 0xd6, 0xab, 0x0, 0x0, 0x3e, 0xe1, 0x0,
    0x0, 0x0, 0x0, 0x0, 0x1, 0xaf, 0xe9, 0x0,
    0xc, 0xb2, 0x3c, 0xa0, 0x3f, 0x0, 0x2, 0xf0,
    0x6f, 0xff, 0xff, 0xf2, 0x6e, 0x22, 0x22, 0x20,
    0x3f, 0x20, 0x2, 0xa0, 0xc, 0xc3, 0x3c, 0xb0,
    0x1, 0xaf, 0xea, 0x10,

    /* U+011C "Ĝ" */
    0x0, 0x0, 0x5f, 0xb0, 0x0, 0x0, 0x2, 0xf4,
    0xd7, 0x0, 0x0, 0x0, 0x0, 0x0, 0x0, 0x0,
    0x7, 0xdf, 0xeb, 0x30, 0x0, 0xcd, 0x63, 0x5b,
    0xf2, 0x8, 0xe1, 0x0, 0x0, 0xba, 0xe, 0x70,
    0x0, 0x0, 0x10, 0x2f, 0x30, 0x0, 0x0, 0x0,
    0x4f, 0x10, 0x4, 0xff, 0xff, 0x3f, 0x30, 0x0,
    0x33, 0x7f, 0xf, 0x70, 0x0, 0x0, 0x4f, 0x9,
    0xe2, 0x0, 0x0, 0x7f, 0x0, 0xce, 0x85, 0x6b,
    0xfa, 0x0, 0x7, 0xdf, 0xeb, 0x40,

    /* U+011D "ĝ" */
    0x0, 0x6f, 0x90, 0x0, 0x2f, 0x4e, 0x50, 0x0,
    0x10, 0x0, 0x0, 0x2c, 0xfd, 0x7e, 0xd, 0xa2,
    0x5f, 0xe4, 0xf0, 0x0, 0x8e, 0x7c, 0x0, 0x5,
    0xe7, 0xc0, 0x0, 0x5e, 0x4f, 0x0, 0x8, 0xe0,
    0xda, 0x25, 0xfd, 0x2, 0xcf, 0xc9, 0xd1, 0x40,
    0x0, 0x7b, 0x1f, 0x61, 0x4e, 0x60, 0x5d, 0xfe,
    0x70,

    /* U+011E "Ğ" */
    0x0, 0x2, 0xd0, 0x5a, 0x0, 0x0, 0x0, 0x7e,
    0xc2, 0x0, 0x0, 0x0, 0x0, 0x0, 0x0, 0x0,
    0x7, 0xdf, 0xeb, 0x30, 0x0, 0xcd, 0x63, 0x5b,
    0xf2, 0x8, 0xe1, 0x0, 0x0, 0xba, 0xe, 0x70,
    0x0, 0x0, 0x10, 0x2f, 0x30, 0x0, 0x0, 0x0,
    0x4f, 0x10, 0x4, 0xff, 0xff, 0x3f, 0x30, 0x0,
    0x33, 0x7f, 0xf, 0x70, 0x0, 0x0, 0x4f, 0x9,
    0xe2, 0x0, 0x0, 0x7f, 0x0, 0xce, 0x85, 0x6b,
    0xfa, 0x0, 0x7, 0xdf, 0xeb, 0x40,

    /* U+011F "ğ" */
    0x3, 0xb0, 0x69, 0x0, 0x8, 0xeb, 0x10, 0x0,
    0x0, 0x0, 0x0, 0x2c, 0xfd, 0x7e, 0xd, 0xa2,
    0x5f, 0xe4, 0xf0, 0x0, 0x8e, 0x7c, 0x0, 0x5,
    0xe7, 0xc0, 0x0, 0x5e, 0x4f, 0x0, 0x8, 0xe0,
    0xda, 0x25, 0xfd, 0x2, 0xcf, 0xc9, 0xd1, 0x40,
    0x0, 0x7b, 0x1f, 0x61, 0x4e, 0x60, 0x5d, 0xfe,
    0x70,

    /* U+0120 "Ġ" */
    0x0, 0x0, 0x7, 0x20, 0x0, 0x0, 0x0, 0xf,
    0x40, 0x0, 0x0, 0x0, 0x0, 0x0, 0x0, 0x0,
    0x7, 0xdf, 0xeb, 0x30, 0x0, 0xcd, 0x63, 0x5b,
    0xf2, 0x8, 0xe1, 0x0, 0x0, 0xba, 0xe, 0x70,
    0x0, 0x0, 0x10, 0x2f, 0x30, 0x0, 0x0, 0x0,
    0x4f, 0x10, 0x4, 0xff, 0xff, 0x3f, 0x30, 0x0,
    0x33, 0x7f, 0xf, 0x70, 0x0, 0x0, 0x4f, 0x9,
    0xe2, 0x0, 0x0, 0x7f, 0x0, 0xce, 0x85, 0x6b,
    0xfa, 0x0, 0x7, 0xdf, 0xeb, 0x40,

    /* U+0121 "ġ" */
    0x0, 0xf, 0x40, 0x0, 0x0, 0x72, 0x0, 0x0,
    0x0, 0x0, 0x0, 0x2c, 0xfd, 0x7e, 0xd, 0xa2,
    0x5f, 0xe4, 0xf0, 0x0, 0x8e, 0x7c, 0x0, 0x5,
    0xe7, 0xc0, 0x0, 0x5e, 0x4f, 0x0, 0x8, 0xe0,
    0xda, 0x25, 0xfd, 0x2, 0xcf, 0xc9, 0xd1, 0x40,
    0x0, 0x7b, 0x1f, 0x61, 0x4e, 0x60, 0x5d, 0xfe,
    0x70,

    /* U+0122 "Ģ" */
    0x0, 0x7, 0xdf, 0xeb, 0x30, 0x0, 0xcd, 0x63,
    0x5b, 0xf2, 0x8, 0xe1, 0x0, 0x0, 0xba, 0xe,
    0x70, 0x0, 0x0, 0x10, 0x2f, 0x30, 0x0, 0x0,
    0x0, 0x4f, 0x10, 0x4, 0xff, 0xff, 0x3f, 0x30,
    0x0, 0x33, 0x7f, 0xf, 0x70, 0x0, 0x0, 0x4f,
    0x9, 0xe2, 0x0, 0x0, 0x7f, 0x0, 0xce, 0x85,
    0x6b, 0xfa, 0x0, 0x7, 0xdf, 0xeb, 0x40, 0x0,
    0x0, 0xb, 0x80, 0x0, 0x0, 0x0, 0x6, 0x60,
    0x0, 0x0, 0x0, 0x3, 0x0, 0x0,

    /* U+0123 "ģ" */
    0x0, 0x0, 0x10, 0x0, 0x0, 0x92, 0x0, 0x0,
    0xf, 0x50, 0x0, 0x0, 0x21, 0x0, 0x0, 0x0,
    0x0, 0x0, 0x2c, 0xfd, 0x7e, 0xd, 0xa2, 0x5f,
    0xe4, 0xf0, 0x0, 0x8e, 0x7c, 0x0, 0x5, 0xe7,
    0xc0, 0x0, 0x5e, 0x4f, 0x0, 0x8, 0xe0, 0xda,
    0x25, 0xfd, 0x2, 0xcf, 0xc9, 0xd1, 0x40, 0x0,
    0x7b, 0x1f, 0x61, 0x4e, 0x60, 0x5d, 0xfe, 0x70,

    /* U+0124 "Ĥ" */
    0x0, 0xe, 0xe0, 0x0, 0x0, 0x9c, 0xb8, 0x0,
    0x0, 0x73, 0x27, 0x0, 0xe7, 0x0, 0x0, 0x5f,
    0xe7, 0x0, 0x0, 0x5f, 0xe7, 0x0, 0x0, 0x5f,
    0xe7, 0x0, 0x0, 0x5f, 0xe7, 0x0, 0x0, 0x5f,
    0xef, 0xff, 0xff, 0xff, 0xe9, 0x33, 0x33, 0x7f,
    0xe7, 0x0, 0x0, 0x5f, 0xe7, 0x0, 0x0, 0x5f,
    0xe7, 0x0, 0x0, 0x5f, 0xe7, 0x0, 0x0, 0x5f,

    /* U+0125 "ĥ" */
    0x0, 0xd, 0xe1, 0x0, 0x7, 0xda, 0x90, 0x0,
    0x73, 0x27, 0x1, 0xf2, 0x0, 0x0, 0x1f, 0x20,
    0x0, 0x1, 0xf2, 0x0, 0x0, 0x1f, 0x7d, 0xfb,
    0x11, 0xfe, 0x43, 0xda, 0x1f, 0x50, 0x7, 0xd1,
    0xf3, 0x0, 0x6d, 0x1f, 0x20, 0x6, 0xd1, 0xf2,
    0x0, 0x6d, 0x1f, 0x20, 0x6, 0xd1, 0xf2, 0x0,
    0x6d,

    /* U+0126 "Ħ" */
    0x0, 0xe7, 0x0, 0x0, 0x5f, 0x0, 0x0, 0xe7,
    0x0, 0x0, 0x5f, 0x0, 0xf, 0xff, 0xff, 0xff,
    0xff, 0xf1, 0x0, 0xe7, 0x0, 0x0, 0x5f, 0x0,
    0x0, 0xe7, 0x0, 0x0, 0x5f, 0x0, 0x0, 0xef,
    0xff, 0xff, 0xff, 0x0, 0x0, 0xe9, 0x33, 0x33,
    0x7f, 0x0, 0x0, 0xe7, 0x0, 0x0, 0x5f, 0x0,
    0x0, 0xe7, 0x0, 0x0, 0x5f, 0x0, 0x0, 0xe7,
    0x0, 0x0, 0x5f, 0x0, 0x0, 0xe7, 0x0, 0x0,
    0x5f, 0x0,

    /* U+0127 "ħ" */
    0x1f, 0x20, 0x0, 0xe, 0xff, 0xf7, 0x0, 0x3f,
    0x42, 0x10, 0x1, 0xf7, 0xdf, 0xb1, 0x1f, 0xe4,
    0x3d, 0xa1, 0xf5, 0x0, 0x7d, 0x1f, 0x30, 0x6,
    0xd1, 0xf2, 0x0, 0x6d, 0x1f, 0x20, 0x6, 0xd1,
    0xf2, 0x0, 0x6d, 0x1f, 0x20, 0x6, 0xd0,

    /* U+0128 "Ĩ" */
    0x2d, 0xff, 0xc1, 0x0, 0x0, 0x0, 0x0, 0xba,
    0x0, 0x0, 0xba, 0x0, 0x0, 0xba, 0x0, 0x0,
    0xba, 0x0, 0x0, 0xba, 0x0, 0x0, 0xba, 0x0,
    0x0, 0xba, 0x0, 0x0, 0xba, 0x0, 0x0, 0xba,
    0x0, 0x0, 0xba, 0x0, 0x0, 0xba, 0x0,

    /* U+0129 "ĩ" */
    0x3e, 0x83, 0xca, 0x48, 0xf6, 0x10, 0x0, 0x0,
    0x1f, 0x20, 0x1, 0xf2, 0x0, 0x1f, 0x20, 0x1,
    0xf2, 0x0, 0x1f, 0x20, 0x1, 0xf2, 0x0, 0x1f,
    0x20, 0x1, 0xf2, 0x0,

    /* U+012A "Ī" */
    0x3f, 0xff, 0xf0, 0x2, 0x22, 0x20, 0x0, 0xba,
    0x0, 0x0, 0xba, 0x0, 0x0, 0xba, 0x0, 0x0,
    0xba, 0x0, 0x0, 0xba, 0x0, 0x0, 0xba, 0x0,
    0x0, 0xba, 0x0, 0x0, 0xba, 0x0, 0x0, 0xba,
    0x0, 0x0, 0xba, 0x0, 0x0, 0xba, 0x0,

    /* U+012B "ī" */
    0x9f, 0xff, 0xb0, 0x11, 0x11, 0x0, 0x0, 0x0,
    0x1f, 0x20, 0x1, 0xf2, 0x0, 0x1f, 0x20, 0x1,
    0xf2, 0x0, 0x1f, 0x20, 0x1, 0xf2, 0x0, 0x1f,
    0x20, 0x1, 0xf2, 0x0,

    /* U+012C "Ĭ" */
    0x7, 0x1, 0x70, 0x6e, 0xd6, 0x0, 0x0, 0x0,
    0xb, 0xa0, 0x0, 0xba, 0x0, 0xb, 0xa0, 0x0,
    0xba, 0x0, 0xb, 0xa0, 0x0, 0xba, 0x0, 0xb,
    0xa0, 0x0, 0xba, 0x0, 0xb, 0xa0, 0x0, 0xba,
    0x0, 0xb, 0xa0,

    /* U+012D "ĭ" */
    0x59, 0x8, 0x60, 0xae, 0xa0, 0x0, 0x0, 0x0,
    0x1f, 0x20, 0x1, 0xf2, 0x0, 0x1f, 0x20, 0x1,
    0xf2, 0x0, 0x1f, 0x20, 0x1, 0xf2, 0x0, 0x1f,
    0x20, 0x1, 0xf2, 0x0,

    /* U+012E "Į" */
    0xba, 0x0, 0xba, 0x0, 0xba, 0x0, 0xba, 0x0,
    0xba, 0x0, 0xba, 0x0, 0xba, 0x0, 0xba, 0x0,
    0xba, 0x0, 0xba, 0x0, 0xba, 0x0, 0x93, 0x0,
    0xb5, 0x1, 0x5e, 0xd2,

    /* U+012F "į" */
    0x1f, 0x20, 0x8, 0x10, 0x0, 0x0, 0x1f, 0x20,
    0x1f, 0x20, 0x1f, 0x20, 0x1f, 0x20, 0x1f, 0x20,
    0x1f, 0x20, 0x1f, 0x20, 0x1f, 0x20, 0x2a, 0x0,
    0x5a, 0x0, 0x1d, 0xe1,

    /* U+0130 "İ" */
    0xb9, 0x54, 0xba, 0xba, 0xba, 0xba, 0xba, 0xba,
    0xba, 0xba, 0xba, 0xba, 0xba,

    /* U+0131 "ı" */
    0xa9, 0xa9, 0xa9, 0xa9, 0xa9, 0xa9, 0xa9, 0xa9,

    /* U+0132 "Ĳ" */
    0xba, 0x0, 0x0, 0xf, 0x6b, 0xa0, 0x0, 0x0,
    0xf6, 0xba, 0x0, 0x0, 0xf, 0x6b, 0xa0, 0x0,
    0x0, 0xf6, 0xba, 0x0, 0x0, 0xf, 0x6b, 0xa0,
    0x0, 0x0, 0xf6, 0xba, 0x0, 0x0, 0xf, 0x6b,
    0xa0, 0x30, 0x0, 0xf5, 0xba, 0xf, 0x20, 0xf,
    0x4b, 0xa0, 0xda, 0x27, 0xf0, 0xba, 0x2, 0xcf,
    0xd4, 0x0,

    /* U+0133 "ĳ" */
    0x1f, 0x20, 0xf4, 0x8, 0x10, 0x72, 0x0, 0x0,
    0x0, 0x1f, 0x20, 0xf4, 0x1f, 0x20, 0xf4, 0x1f,
    0x20, 0xf4, 0x1f, 0x20, 0xf4, 0x1f, 0x20, 0xf4,
    0x1f, 0x20, 0xf4, 0x1f, 0x20, 0xf4, 0x1f, 0x20,
    0xf4, 0x0, 0x0, 0xf4, 0x0, 0x14, 0xf2, 0x0,
    0x6f, 0xa0,

    /* U+0134 "Ĵ" */
    0x0, 0x0, 0xcf, 0x30, 0x0, 0x9, 0xc5, 0xe1,
    0x0, 0x0, 0x0, 0x0, 0x0, 0x0, 0x7e, 0x0,
    0x0, 0x0, 0x7e, 0x0, 0x0, 0x0, 0x7e, 0x0,
    0x0, 0x0, 0x7e, 0x0, 0x0, 0x0, 0x7e, 0x0,
    0x0, 0x0, 0x7e, 0x0, 0x0, 0x0, 0x7e, 0x0,
    0x33, 0x0, 0x7d, 0x0, 0x8b, 0x0, 0x8c, 0x0,
    0x4f, 0x76, 0xe8, 0x0, 0x8, 0xee, 0x90, 0x0,

    /* U+0135 "ĵ" */
    0x8, 0xf8, 0x4, 0xe3, 0xe4, 0x0, 0x0, 0x0,
    0x1f, 0x20, 0x1, 0xf2, 0x0, 0x1f, 0x20, 0x1,
    0xf2, 0x0, 0x1f, 0x20, 0x1, 0xf2, 0x0, 0x1f,
    0x20, 0x1, 0xf2, 0x0, 0x1f, 0x20, 0x16, 0xf0,
    0x7, 0xf8, 0x0,

    /* U+0136 "Ķ" */
    0xf5, 0x0, 0x2, 0xfa, 0xf, 0x50, 0x2, 0xeb,
    0x0, 0xf5, 0x1, 0xdb, 0x0, 0xf, 0x50, 0xcc,
    0x0, 0x0, 0xf6, 0xbf, 0x20, 0x0, 0xf, 0xed,
    0xe9, 0x0, 0x0, 0xfe, 0x15, 0xf4, 0x0, 0xf,
    0x60, 0xa, 0xe1, 0x0, 0xf5, 0x0, 0x1f, 0xa0,
    0xf, 0x50, 0x0, 0x6f, 0x40, 0xf5, 0x0, 0x0,
    0xce, 0x10, 0x0, 0x0, 0x0, 0x0, 0x0, 0xd,
    0x60, 0x0, 0x0, 0x0, 0x84, 0x0, 0x0, 0x0,
    0x4, 0x0, 0x0, 0x0,

    /* U+0137 "ķ" */
    0x1f, 0x20, 0x0, 0x1, 0xf2, 0x0, 0x0, 0x1f,
    0x20, 0x0, 0x1, 0xf2, 0x6, 0xf3, 0x1f, 0x24,
    0xf4, 0x1, 0xf5, 0xf5, 0x0, 0x1f, 0xff, 0x30,
    0x1, 0xf7, 0xac, 0x0, 0x1f, 0x21, 0xf6, 0x1,
    0xf2, 0x7, 0xf1, 0x1f, 0x20, 0xd, 0xa0, 0x0,
    0x0, 0x0, 0x0, 0xe, 0x60, 0x0, 0x0, 0x93,
    0x0, 0x0, 0x4, 0x0, 0x0,

    /* U+0138 "ĸ" */
    0x1f, 0x20, 0xbf, 0x1, 0xf2, 0x4d, 0x10, 0x1f,
    0x2c, 0x50, 0x1, 0xfe, 0xb0, 0x0, 0x1f, 0x3d,
    0x60, 0x1, 0xf2, 0x5f, 0x10, 0x1f, 0x20, 0xd7,
    0x1, 0xf2, 0x5, 0xe0,

    /* U+0139 "Ĺ" */
    0x1f, 0x60, 0x0, 0x8, 0xa0, 0x0, 0x0, 0x0,
    0x0, 0x0, 0xf, 0x60, 0x0, 0x0, 0xf6, 0x0,
    0x0, 0xf, 0x60, 0x0, 0x0, 0xf6, 0x0, 0x0,
    0xf, 0x60, 0x0, 0x0, 0xf6, 0x0, 0x0, 0xf,
    0x60, 0x0, 0x0, 0xf6, 0x0, 0x0, 0xf, 0x60,
    0x0, 0x0, 0xf8, 0x44, 0x44, 0x1f, 0xff, 0xff,
    0xf5,

    /* U+013A "ĺ" */
    0x9, 0xd0, 0x1e, 0x20, 0x0, 0x0, 0x1f, 0x20,
    0x1f, 0x20, 0x1f, 0x20, 0x1f, 0x20, 0x1f, 0x20,
    0x1f, 0x20, 0x1f, 0x20, 0x1f, 0x20, 0x1f, 0x20,
    0x1f, 0x20, 0x1f, 0x20,

    /* U+013B "Ļ" */
    0xf6, 0x0, 0x0, 0xf, 0x60, 0x0, 0x0, 0xf6,
    0x0, 0x0, 0xf, 0x60, 0x0, 0x0, 0xf6, 0x0,
    0x0, 0xf, 0x60, 0x0, 0x0, 0xf6, 0x0, 0x0,
    0xf, 0x60, 0x0, 0x0, 0xf6, 0x0, 0x0, 0xf,
    0x84, 0x44, 0x41, 0xff, 0xff, 0xff, 0x50, 0x0,
    0x0, 0x0, 0x0, 0x6e, 0x0, 0x0, 0x2, 0xb0,
    0x0, 0x0, 0x21, 0x0, 0x0,

    /* U+013C "ļ" */
    0x1f, 0x21, 0xf2, 0x1f, 0x21, 0xf2, 0x1f, 0x21,
    0xf2, 0x1f, 0x21, 0xf2, 0x1f, 0x21, 0xf2, 0x1f,
    0x20, 0x0, 0xf, 0x30, 0xb1, 0x3, 0x0,

    /* U+013D "Ľ" */
    0x1e, 0x4c, 0x80, 0x0, 0x0, 0x4f, 0xc0, 0x0,
    0x0, 0x0, 0x0, 0x0, 0x0, 0x0, 0xf, 0x60,
    0x0, 0x0, 0x0, 0xf6, 0x0, 0x0, 0x0, 0xf,
    0x60, 0x0, 0x0, 0x0, 0xf6, 0x0, 0x0, 0x0,
    0xf, 0x60, 0x0, 0x0, 0x0, 0xf6, 0x0, 0x0,
    0x0, 0xf, 0x60, 0x0, 0x0, 0x0, 0xf6, 0x0,
    0x0, 0x0, 0xf, 0x60, 0x0, 0x0, 0x0, 0xf8,
    0x44, 0x44, 0x10, 0xf, 0xff, 0xff, 0xf5,

    /* U+013E "ľ" */
    0x4f, 0x3e, 0x50, 0x7f, 0x90, 0x0, 0x0, 0x0,
    0x1f, 0x20, 0x1, 0xf2, 0x0, 0x1f, 0x20, 0x1,
    0xf2, 0x0, 0x1f, 0x20, 0x1, 0xf2, 0x0, 0x1f,
    0x20, 0x1, 0xf2, 0x0, 0x1f, 0x20, 0x1, 0xf2,
    0x0, 0x1f, 0x20,

    /* U+013F "Ŀ" */
    0xf6, 0x0, 0x0, 0xf, 0x60, 0x0, 0x0, 0xf6,
    0x0, 0x0, 0xf, 0x60, 0x0, 0x0, 0xf6, 0x0,
    0x0, 0xf, 0x60, 0xc8, 0x0, 0xf6, 0x6, 0x40,
    0xf, 0x60, 0x0, 0x0, 0xf6, 0x0, 0x0, 0xf,
    0x84, 0x44, 0x41, 0xff, 0xff, 0xff, 0x50,

    /* U+0140 "ŀ" */
    0x1f, 0x20, 0x1, 0xf2, 0x0, 0x1f, 0x20, 0x1,
    0xf2, 0x0, 0x1f, 0x20, 0x1, 0xf2, 0xe6, 0x1f,
    0x27, 0x31, 0xf2, 0x0, 0x1f, 0x20, 0x1, 0xf2,
    0x0, 0x1f, 0x20, 0x0,

    /* U+0141 "Ł" */
    0xf, 0x50, 0x0, 0x0, 0xf, 0x50, 0x0, 0x0,
    0xf, 0x50, 0x50, 0x0, 0xf, 0x6c, 0x60, 0x0,
    0xf, 0xf7, 0x0, 0x0, 0x2f, 0x70, 0x0, 0x0,
    0xdf, 0x50, 0x0, 0x0, 0x4f, 0x50, 0x0, 0x0,
    0xf, 0x50, 0x0, 0x0, 0xf, 0x84, 0x44, 0x41,
    0xf, 0xff, 0xff, 0xf4,

    /* U+0142 "ł" */
    0x1f, 0x20, 0x1f, 0x20, 0x1f, 0x20, 0x1f, 0x30,
    0x1f, 0xe0, 0x3f, 0x40, 0xef, 0x20, 0x3f, 0x20,
    0x1f, 0x20, 0x1f, 0x20, 0x1f, 0x20,

    /* U+0143 "Ń" */
    0x0, 0x2, 0xf4, 0x0, 0x0, 0x9, 0x90, 0x0,
    0x0, 0x0, 0x0, 0x0, 0xec, 0x0, 0x0, 0x4f,
    0xef, 0x60, 0x0, 0x4f, 0xed, 0xe1, 0x0, 0x4f,
    0xe6, 0xe9, 0x0, 0x4f, 0xe5, 0x5f, 0x30, 0x4f,
    0xe5, 0xb, 0xc0, 0x4f, 0xe5, 0x2, 0xf6, 0x4f,
    0xe5, 0x0, 0x7e, 0x5f, 0xe5, 0x0, 0xd, 0xdf,
    0xe5, 0x0, 0x4, 0xff, 0xe5, 0x0, 0x0, 0xaf,

    /* U+0144 "ń" */
    0x0, 0x5, 0xf2, 0x0, 0x0, 0xc5, 0x0, 0x0,
    0x0, 0x0, 0x0, 0xf6, 0xdf, 0xb1, 0xf, 0xc1,
    0xc, 0xa0, 0xf4, 0x0, 0x7d, 0xf, 0x30, 0x6,
    0xd0, 0xf3, 0x0, 0x6d, 0xf, 0x30, 0x6, 0xd0,
    0xf3, 0x0, 0x6d, 0xf, 0x30, 0x6, 0xd0,

    /* U+0145 "Ņ" */
    0xec, 0x0, 0x0, 0x4f, 0xef, 0x60, 0x0, 0x4f,
    0xed, 0xe1, 0x0, 0x4f, 0xe6, 0xe9, 0x0, 0x4f,
    0xe5, 0x5f, 0x30, 0x4f, 0xe5, 0xb, 0xc0, 0x4f,
    0xe5, 0x2, 0xf6, 0x4f, 0xe5, 0x0, 0x7e, 0x5f,
    0xe5, 0x0, 0xd, 0xdf, 0xe5, 0x0, 0x4, 0xff,
    0xe5, 0x0, 0x0, 0xaf, 0x0, 0x0, 0x0, 0x0,
    0x0, 0x8, 0xb0, 0x0, 0x0, 0x4, 0x90, 0x0,
    0x0, 0x3, 0x0, 0x0,

    /* U+0146 "ņ" */
    0xf, 0x6d, 0xfb, 0x10, 0xfc, 0x10, 0xca, 0xf,
    0x40, 0x7, 0xd0, 0xf3, 0x0, 0x6d, 0xf, 0x30,
    0x6, 0xd0, 0xf3, 0x0, 0x6d, 0xf, 0x30, 0x6,
    0xd0, 0xf3, 0x0, 0x6d, 0x0, 0x0, 0x0, 0x0,
    0x0, 0xc8, 0x0, 0x0, 0x7, 0x60, 0x0, 0x0,
    0x40, 0x0,

    /* U+0147 "Ň" */
    0x0, 0xb9, 0x8d, 0x0, 0x0, 0x1d, 0xe2, 0x0,
    0x0, 0x0, 0x0, 0x0, 0xec, 0x0, 0x0, 0x4f,
    0xef, 0x60, 0x0, 0x4f, 0xed, 0xe1, 0x0, 0x4f,
    0xe6, 0xe9, 0x0, 0x4f, 0xe5, 0x5f, 0x30, 0x4f,
    0xe5, 0xb, 0xc0, 0x4f, 0xe5, 0x2, 0xf6, 0x4f,
    0xe5, 0x0, 0x7e, 0x5f, 0xe5, 0x0, 0xd, 0xdf,
    0xe5, 0x0, 0x4, 0xff, 0xe5, 0x0, 0x0, 0xaf,

    /* U+0148 "ň" */
    0x0, 0xd7, 0xaa, 0x0, 0x2, 0xed, 0x0, 0x0,
    0x0, 0x0, 0x0, 0xf6, 0xdf, 0xb1, 0xf, 0xc1,
    0xc, 0xa0, 0xf4, 0x0, 0x7d, 0xf, 0x30, 0x6,
    0xd0, 0xf3, 0x0, 0x6d, 0xf, 0x30, 0x6, 0xd0,
    0xf3, 0x0, 0x6d, 0xf, 0x30, 0x6, 0xd0,

    /* U+0149 "ŉ" */
    0xe, 0x60, 0x0, 0x0, 0x0, 0xa5, 0x0, 0x0,
    0x0, 0x9, 0x20, 0x0, 0x0, 0x0, 0x21, 0xf5,
    0xdf, 0xa1, 0x0, 0x1f, 0xb1, 0x1d, 0x90, 0x1,
    0xf4, 0x0, 0x7c, 0x0, 0x1f, 0x20, 0x6, 0xd0,
    0x1, 0xf2, 0x0, 0x6d, 0x0, 0x1f, 0x20, 0x6,
    0xd0, 0x1, 0xf2, 0x0, 0x6d, 0x0, 0x1f, 0x20,
    0x6, 0xd0,

    /* U+014A "Ŋ" */
    0xd7, 0x7d, 0xfe, 0x70, 0xd, 0xea, 0x20, 0x5f,
    0x60, 0xdd, 0x0, 0x0, 0x7e, 0xd, 0x90, 0x0,
    0x2, 0xf3, 0xd7, 0x0, 0x0, 0xf, 0x5d, 0x70,
    0x0, 0x0, 0xf5, 0xd7, 0x0, 0x0, 0xf, 0x6d,
    0x70, 0x0, 0x0, 0xf6, 0xd7, 0x0, 0x0, 0xf,
    0x6d, 0x70, 0x0, 0x0, 0xf6, 0xd7, 0x0, 0x0,
    0xf, 0x50, 0x0, 0x0, 0x2, 0xf3, 0x0, 0x0,
    0x75, 0xcd, 0x0, 0x0, 0x2d, 0xfc, 0x20,

    /* U+014B "ŋ" */
    0xf, 0x6d, 0xfb, 0x10, 0xfc, 0x10, 0xca, 0xf,
    0x50, 0x7, 0xc0, 0xf3, 0x0, 0x6d, 0xf, 0x30,
    0x6, 0xd0, 0xf3, 0x0, 0x6d, 0xf, 0x30, 0x6,
    0xd0, 0xf3, 0x0, 0x6d, 0x0, 0x0, 0x6, 0xd0,
    0x0, 0x2, 0xab, 0x0, 0x0, 0xce, 0x40,

    /* U+014C "Ō" */
    0x0, 0xa, 0xff, 0xf8, 0x0, 0x0, 0x0, 0x12,
    0x22, 0x10, 0x0, 0x0, 0x19, 0xef, 0xd8, 0x0,
    0x0, 0x1d, 0xd6, 0x36, 0xec, 0x0, 0xa, 0xd0,
    0x0, 0x1, 0xe8, 0x1, 0xf5, 0x0, 0x0, 0x7,
    0xf0, 0x4f, 0x10, 0x0, 0x0, 0x4f, 0x25, 0xf0,
    0x0, 0x0, 0x2, 0xf3, 0x4f, 0x20, 0x0, 0x0,
    0x4f, 0x21, 0xf6, 0x0, 0x0, 0x8, 0xf0, 0xa,
    0xe0, 0x0, 0x1, 0xf8, 0x0, 0x1d, 0xd5, 0x36,
    0xec, 0x0, 0x0, 0x19, 0xef, 0xd8, 0x0, 0x0,

    /* U+014D "ō" */
    0x4, 0xff, 0xff, 0x0, 0x0, 0x11, 0x11, 0x0,
    0x0, 0x0, 0x0, 0x0, 0x1, 0xae, 0xe9, 0x0,
    0xd, 0xb2, 0x3d, 0x90, 0x4f, 0x10, 0x4, 0xf1,
    0x7c, 0x0, 0x0, 0xf3, 0x7c, 0x0, 0x0, 0xf4,
    0x5f, 0x10, 0x4, 0xf1, 0xd, 0xb2, 0x3d, 0xa0,
    0x1, 0xae, 0xe8, 0x0,

    /* U+014E "Ŏ" */
    0x0, 0x7, 0x80, 0xa5, 0x0, 0x0, 0x0, 0xb,
    0xe9, 0x0, 0x0, 0x0, 0x0, 0x0, 0x0, 0x0,
    0x0, 0x1, 0x9e, 0xfd, 0x80, 0x0, 0x1, 0xdd,
    0x63, 0x6e, 0xc0, 0x0, 0xad, 0x0, 0x0, 0x1e,
    0x80, 0x1f, 0x50, 0x0, 0x0, 0x7f, 0x4, 0xf1,
    0x0, 0x0, 0x4, 0xf2, 0x5f, 0x0, 0x0, 0x0,
    0x2f, 0x34, 0xf2, 0x0, 0x0, 0x4, 0xf2, 0x1f,
    0x60, 0x0, 0x0, 0x8f, 0x0, 0xae, 0x0, 0x0,
    0x1f, 0x80, 0x1, 0xdd, 0x53, 0x6e, 0xc0, 0x0,
    0x1, 0x9e, 0xfd, 0x80, 0x0,

    /* U+014F "ŏ" */
    0x0, 0xe1, 0x3c, 0x0, 0x0, 0x5d, 0xd3, 0x0,
    0x0, 0x0, 0x0, 0x0, 0x1, 0xae, 0xe9, 0x0,
    0xd, 0xb2, 0x3d, 0x90, 0x4f, 0x10, 0x4, 0xf1,
    0x7c, 0x0, 0x0, 0xf3, 0x7c, 0x0, 0x0, 0xf4,
    0x5f, 0x10, 0x4, 0xf1, 0xd, 0xb2, 0x3d, 0xa0,
    0x1, 0xae, 0xe8, 0x0,

    /* U+0150 "Ő" */
    0x0, 0x0, 0xe8, 0x9d, 0x0, 0x0, 0x0, 0x5c,
    0x1e, 0x20, 0x0, 0x0, 0x0, 0x0, 0x0, 0x0,
    0x0, 0x1, 0x9e, 0xfd, 0x80, 0x0, 0x1, 0xdd,
    0x63, 0x6e, 0xc0, 0x0, 0xad, 0x0, 0x0, 0x1e,
    0x80, 0x1f, 0x50, 0x0, 0x0, 0x7f, 0x4, 0xf1,
    0x0, 0x0, 0x4, 0xf2, 0x5f, 0x0, 0x0, 0x0,
    0x2f, 0x34, 0xf2, 0x0, 0x0, 0x4, 0xf2, 0x1f,
    0x60, 0x0, 0x0, 0x8f, 0x0, 0xae, 0x0, 0x0,
    0x1f, 0x80, 0x1, 0xdd, 0x53, 0x6e, 0xc0, 0x0,
    0x1, 0x9e, 0xfd, 0x80, 0x0,

    /* U+0151 "ő" */
    0x0, 0x8e, 0x4f, 0x40, 0x0, 0xe3, 0xa8, 0x0,
    0x0, 0x0, 0x0, 0x0, 0x1, 0xae, 0xe9, 0x0,
    0xd, 0xb2, 0x3d, 0x90, 0x4f, 0x10, 0x4, 0xf1,
    0x7c, 0x0, 0x0, 0xf3, 0x7c, 0x0, 0x0, 0xf4,
    0x5f, 0x10, 0x4, 0xf1, 0xd, 0xb2, 0x3d, 0xa0,
    0x1, 0xae, 0xe8, 0x0,

    /* U+0152 "Œ" */
    0x0, 0x2b, 0xfe, 0x85, 0xff, 0xff, 0xf5, 0x2,
    0xeb, 0x34, 0xcd, 0xf7, 0x77, 0x72, 0x9, 0xd0,
    0x0, 0x1f, 0xe0, 0x0, 0x0, 0xe, 0x70, 0x0,
    0xa, 0xe0, 0x0, 0x0, 0x1f, 0x50, 0x0, 0x7,
    0xe0, 0x0, 0x0, 0x1f, 0x40, 0x0, 0x6, 0xff,
    0xff, 0xf0, 0x1f, 0x50, 0x0, 0x7, 0xe3, 0x33,
    0x30, 0xe, 0x70, 0x0, 0x9, 0xe0, 0x0, 0x0,
    0x9, 0xd0, 0x0, 0xe, 0xe0, 0x0, 0x0, 0x1,
    0xe8, 0x1, 0xad, 0xe4, 0x44, 0x42, 0x0, 0x2b,
    0xfe, 0x95, 0xff, 0xff, 0xf8,

    /* U+0153 "œ" */
    0x1, 0xaf, 0xe9, 0x6, 0xdf, 0xb2, 0x0, 0xcc,
    0x33, 0xdd, 0xf5, 0x27, 0xf1, 0x3f, 0x10, 0x3,
    0xf7, 0x0, 0xc, 0x76, 0xd0, 0x0, 0xf, 0xff,
    0xff, 0xf9, 0x6d, 0x0, 0x0, 0xf7, 0x22, 0x22,
    0x14, 0xf1, 0x0, 0x4f, 0x90, 0x0, 0x94, 0xc,
    0xb3, 0x4d, 0xcf, 0x62, 0x7f, 0x20, 0x1a, 0xfe,
    0x80, 0x6d, 0xfc, 0x40,

    /* U+0154 "Ŕ" */
    0x0, 0x6, 0xe1, 0x0, 0x0, 0x0, 0xd5, 0x0,
    0x0, 0x0, 0x0, 0x0, 0x0, 0xe, 0xff, 0xff,
    0xfb, 0x10, 0xe8, 0x33, 0x35, 0xeb, 0xe, 0x70,
    0x0, 0x5, 0xf0, 0xe7, 0x0, 0x0, 0x5f, 0xe,
    0x70, 0x0, 0x3d, 0xc0, 0xef, 0xff, 0xff, 0xa1,
    0xe, 0x93, 0x4b, 0xc1, 0x0, 0xe7, 0x0, 0xd,
    0xc0, 0xe, 0x70, 0x0, 0x3f, 0x70, 0xe7, 0x0,
    0x0, 0x9f, 0x1e, 0x70, 0x0, 0x1, 0xea,

    /* U+0155 "ŕ" */
    0x0, 0xad, 0x0, 0x1e, 0x20, 0x0, 0x0, 0x1,
    0xf7, 0xf9, 0x1f, 0xc3, 0x31, 0xf4, 0x0, 0x1f,
    0x20, 0x1, 0xf2, 0x0, 0x1f, 0x20, 0x1, 0xf2,
    0x0, 0x1f, 0x20, 0x0,

    /* U+0156 "Ŗ" */
    0xef, 0xff, 0xff, 0xb1, 0xe, 0x83, 0x33, 0x5e,
    0xb0, 0xe7, 0x0, 0x0, 0x5f, 0xe, 0x70, 0x0,
    0x5, 0xf0, 0xe7, 0x0, 0x3, 0xdc, 0xe, 0xff,
    0xff, 0xfa, 0x10, 0xe9, 0x34, 0xbc, 0x10, 0xe,
    0x70, 0x0, 0xdc, 0x0, 0xe7, 0x0, 0x3, 0xf7,
    0xe, 0x70, 0x0, 0x9, 0xf1, 0xe7, 0x0, 0x0,
    0x1e, 0xa0, 0x0, 0x0, 0x0, 0x0, 0x0, 0x5,
    0xe0, 0x0, 0x0, 0x0, 0x2b, 0x0, 0x0, 0x0,
    0x2, 0x10, 0x0, 0x0,

    /* U+0157 "ŗ" */
    0x1f, 0x7f, 0x91, 0xfc, 0x33, 0x1f, 0x40, 0x1,
    0xf2, 0x0, 0x1f, 0x20, 0x1, 0xf2, 0x0, 0x1f,
    0x20, 0x1, 0xf2, 0x0, 0x0, 0x0, 0x1, 0xf2,
    0x0, 0xb, 0x10, 0x0, 0x30, 0x0,

    /* U+0158 "Ř" */
    0x1, 0xe5, 0xc9, 0x0, 0x0, 0x3, 0xfc, 0x0,
    0x0, 0x0, 0x0, 0x0, 0x0, 0xe, 0xff, 0xff,
    0xfb, 0x10, 0xe8, 0x33, 0x35, 0xeb, 0xe, 0x70,
    0x0, 0x5, 0xf0, 0xe7, 0x0, 0x0, 0x5f, 0xe,
    0x70, 0x0, 0x3d, 0xc0, 0xef, 0xff, 0xff, 0xa1,
    0xe, 0x93, 0x4b, 0xc1, 0x0, 0xe7, 0x0, 0xd,
    0xc0, 0xe, 0x70, 0x0, 0x3f, 0x70, 0xe7, 0x0,
    0x0, 0x9f, 0x1e, 0x70, 0x0, 0x1, 0xea,

    /* U+0159 "ř" */
    0x3f, 0x3e, 0x50, 0x6e, 0x90, 0x0, 0x0, 0x1,
    0xf7, 0xf9, 0x1f, 0xc3, 0x31, 0xf4, 0x0, 0x1f,
    0x20, 0x1, 0xf2, 0x0, 0x1f, 0x20, 0x1, 0xf2,
    0x0, 0x1f, 0x20, 0x0,

    /* U+015A "Ś" */
    0x0, 0x0, 0x7e, 0x10, 0x0, 0x0, 0xe, 0x40,
    0x0, 0x0, 0x0, 0x0, 0x0, 0x0, 0x7, 0xdf,
    0xd8, 0x0, 0x8, 0xe7, 0x46, 0xeb, 0x0, 0xe6,
    0x0, 0x3, 0xf2, 0xd, 0x80, 0x0, 0x4, 0x0,
    0x6f, 0xc7, 0x30, 0x0, 0x0, 0x3a, 0xef, 0xe5,
    0x0, 0x0, 0x0, 0x3a, 0xf4, 0x3a, 0x0, 0x0,
    0xc, 0x82, 0xf5, 0x0, 0x0, 0xd8, 0x9, 0xf9,
    0x56, 0xbf, 0x20, 0x7, 0xdf, 0xea, 0x20,

    /* U+015B "ś" */
    0x0, 0xb, 0xb0, 0x0, 0x2, 0xe1, 0x0, 0x0,
    0x0, 0x0, 0x0, 0x6e, 0xfc, 0x40, 0x3f, 0x42,
    0x8f, 0x5, 0xe2, 0x0, 0x40, 0xc, 0xfd, 0x82,
    0x0, 0x4, 0x8d, 0xf2, 0x47, 0x0, 0xe, 0x63,
    0xf5, 0x25, 0xf3, 0x6, 0xdf, 0xd5, 0x0,

    /* U+015C "Ŝ" */
    0x0, 0x6, 0xfa, 0x0, 0x0, 0x3, 0xf3, 0xe6,
    0x0, 0x0, 0x0, 0x0, 0x0, 0x0, 0x7, 0xdf,
    0xd8, 0x0, 0x8, 0xe7, 0x46, 0xeb, 0x0, 0xe6,
    0x0, 0x3, 0xf2, 0xd, 0x80, 0x0, 0x4, 0x0,
    0x6f, 0xc7, 0x30, 0x0, 0x0, 0x3a, 0xef, 0xe5,
    0x0, 0x0, 0x0, 0x3a, 0xf4, 0x3a, 0x0, 0x0,
    0xc, 0x82, 0xf5, 0x0, 0x0, 0xd8, 0x9, 0xf9,
    0x56, 0xbf, 0x20, 0x7, 0xdf, 0xea, 0x20,

    /* U+015D "ŝ" */
    0x0, 0xaf, 0x50, 0x0, 0x6e, 0x4f, 0x20, 0x0,
    0x0, 0x10, 0x0, 0x6e, 0xfc, 0x40, 0x3f, 0x42,
    0x8f, 0x5, 0xe2, 0x0, 0x40, 0xc, 0xfd, 0x82,
    0x0, 0x4, 0x8d, 0xf2, 0x47, 0x0, 0xe, 0x63,
    0xf5, 0x25, 0xf3, 0x6, 0xdf, 0xd5, 0x0,

    /* U+015E "Ş" */
    0x0, 0x7d, 0xfd, 0x80, 0x0, 0x8e, 0x74, 0x6e,
    0xb0, 0xe, 0x60, 0x0, 0x3f, 0x20, 0xd8, 0x0,
    0x0, 0x40, 0x6, 0xfc, 0x73, 0x0, 0x0, 0x3,
    0xae, 0xfe, 0x50, 0x0, 0x0, 0x3, 0xaf, 0x43,
    0xa0, 0x0, 0x0, 0xc8, 0x2f, 0x50, 0x0, 0xd,
    0x80, 0x9f, 0x95, 0x6b, 0xf2, 0x0, 0x7d, 0xfe,
    0xa2, 0x0, 0x0, 0xc, 0x80, 0x0, 0x0, 0x0,
    0x76, 0x0, 0x0, 0x0, 0x4, 0x0, 0x0,

    /* U+015F "ş" */
    0x6, 0xef, 0xc4, 0x3, 0xf4, 0x28, 0xf0, 0x5e,
    0x20, 0x4, 0x0, 0xcf, 0xd8, 0x20, 0x0, 0x48,
    0xdf, 0x24, 0x70, 0x0, 0xe6, 0x3f, 0x52, 0x5f,
    0x30, 0x6d, 0xfd, 0x50, 0x0, 0x2f, 0x20, 0x0,
    0x0, 0xb0, 0x0, 0x0, 0x3, 0x0, 0x0,

    /* U+0160 "Š" */
    0x0, 0x3f, 0x3e, 0x60, 0x0, 0x0, 0x6f, 0xa0,
    0x0, 0x0, 0x0, 0x0, 0x0, 0x0, 0x7, 0xdf,
    0xd8, 0x0, 0x8, 0xe7, 0x46, 0xeb, 0x0, 0xe6,
    0x0, 0x3, 0xf2, 0xd, 0x80, 0x0, 0x4, 0x0,
    0x6f, 0xc7, 0x30, 0x0, 0x0, 0x3a, 0xef, 0xe5,
    0x0, 0x0, 0x0, 0x3a, 0xf4, 0x3a, 0x0, 0x0,
    0xc, 0x82, 0xf5, 0x0, 0x0, 0xd8, 0x9, 0xf9,
    0x56, 0xbf, 0x20, 0x7, 0xdf, 0xea, 0x20,

    /* U+0161 "š" */
    0x6, 0xe3, 0xf3, 0x0, 0xa, 0xf7, 0x0, 0x0,
    0x1, 0x0, 0x0, 0x6e, 0xfc, 0x40, 0x3f, 0x42,
    0x8f, 0x5, 0xe2, 0x0, 0x40, 0xc, 0xfd, 0x82,
    0x0, 0x4, 0x8d, 0xf2, 0x47, 0x0, 0xe, 0x63,
    0xf5, 0x25, 0xf3, 0x6, 0xdf, 0xd5, 0x0,

    /* U+0162 "Ţ" */
    0xbf, 0xff, 0xff, 0xff, 0x43, 0x44, 0x9f, 0x44,
    0x41, 0x0, 0x6, 0xe0, 0x0, 0x0, 0x0, 0x6e,
    0x0, 0x0, 0x0, 0x6, 0xe0, 0x0, 0x0, 0x0,
    0x6e, 0x0, 0x0, 0x0, 0x6, 0xe0, 0x0, 0x0,
    0x0, 0x6e, 0x0, 0x0, 0x0, 0x6, 0xe0, 0x0,
    0x0, 0x0, 0x6e, 0x0, 0x0, 0x0, 0x6, 0xe0,
    0x0, 0x0, 0x0, 0x0, 0x0, 0x0, 0x0, 0x6,
    0xd0, 0x0, 0x0, 0x0, 0x2a, 0x0, 0x0, 0x0,
    0x2, 0x10, 0x0, 0x0,

    /* U+0163 "ţ" */
    0x3, 0x30, 0xd, 0x50, 0xd, 0x50, 0xcf, 0xf9,
    0xd, 0x50, 0xd, 0x50, 0xd, 0x50, 0xd, 0x50,
    0xd, 0x50, 0xd, 0x92, 0x6, 0xfa, 0x0, 0x0,
    0x6, 0xe0, 0x2, 0xa0, 0x2, 0x10,

    /* U+0164 "Ť" */
    0x0, 0x8c, 0x5e, 0x10, 0x0, 0x0, 0xbf, 0x40,
    0x0, 0x0, 0x0, 0x0, 0x0, 0xb, 0xff, 0xff,
    0xff, 0xf4, 0x34, 0x49, 0xf4, 0x44, 0x10, 0x0,
    0x6e, 0x0, 0x0, 0x0, 0x6, 0xe0, 0x0, 0x0,
    0x0, 0x6e, 0x0, 0x0, 0x0, 0x6, 0xe0, 0x0,
    0x0, 0x0, 0x6e, 0x0, 0x0, 0x0, 0x6, 0xe0,
    0x0, 0x0, 0x0, 0x6e, 0x0, 0x0, 0x0, 0x6,
    0xe0, 0x0, 0x0, 0x0, 0x6e, 0x0, 0x0,

    /* U+0165 "ť" */
    0x3, 0x30, 0xab, 0xd, 0x50, 0x5a, 0xd, 0x50,
    0x47, 0xcf, 0xf9, 0x40, 0xd, 0x50, 0x0, 0xd,
    0x50, 0x0, 0xd, 0x50, 0x0, 0xd, 0x50, 0x0,
    0xd, 0x50, 0x0, 0xd, 0x92, 0x0, 0x6, 0xfa,
    0x0,

    /* U+0166 "Ŧ" */
    0xbf, 0xff, 0xff, 0xff, 0x43, 0x44, 0x9f, 0x44,
    0x41, 0x0, 0x6, 0xe0, 0x0, 0x0, 0x0, 0x6e,
    0x0, 0x0, 0xb, 0xff, 0xff, 0xf4, 0x0, 0x0,
    0x6e, 0x0, 0x0, 0x0, 0x6, 0xe0, 0x0, 0x0,
    0x0, 0x6e, 0x0, 0x0, 0x0, 0x6, 0xe0, 0x0,
    0x0, 0x0, 0x6e, 0x0, 0x0, 0x0, 0x6, 0xe0,
    0x0, 0x0,

    /* U+0167 "ŧ" */
    0x3, 0x30, 0xd, 0x50, 0xd, 0x50, 0xcf, 0xf9,
    0xd, 0x50, 0xd, 0x50, 0xbf, 0xf9, 0x1e, 0x71,
    0xd, 0x50, 0xd, 0x92, 0x6, 0xfa,

    /* U+0168 "Ũ" */
    0x0, 0xad, 0x49, 0x50, 0x1, 0xc2, 0xcd, 0x10,
    0x0, 0x0, 0x0, 0x0, 0xe7, 0x0, 0x0, 0x5f,
    0xe7, 0x0, 0x0, 0x5f, 0xe7, 0x0, 0x0, 0x5f,
    0xe7, 0x0, 0x0, 0x5f, 0xe7, 0x0, 0x0, 0x5f,
    0xe7, 0x0, 0x0, 0x5f, 0xe7, 0x0, 0x0, 0x5f,
    0xd8, 0x0, 0x0, 0x6e, 0xac, 0x0, 0x0, 0xbb,
    0x3f, 0xb5, 0x5a, 0xf4, 0x4, 0xcf, 0xfc, 0x40,

    /* U+0169 "ũ" */
    0x0, 0xcc, 0x2c, 0x20, 0x49, 0x3d, 0xb0, 0x0,
    0x0, 0x0, 0x1, 0xf2, 0x0, 0x6d, 0x1f, 0x20,
    0x6, 0xd1, 0xf2, 0x0, 0x6d, 0x1f, 0x20, 0x6,
    0xd1, 0xf2, 0x0, 0x6d, 0xf, 0x30, 0x8, 0xd0,
    0xd9, 0x3, 0xed, 0x3, 0xdf, 0xc6, 0xd0,

    /* U+016A "Ū" */
    0x1, 0xff, 0xff, 0x20, 0x0, 0x22, 0x22, 0x0,
    0xe7, 0x0, 0x0, 0x5f, 0xe7, 0x0, 0x0, 0x5f,
    0xe7, 0x0, 0x0, 0x5f, 0xe7, 0x0, 0x0, 0x5f,
    0xe7, 0x0, 0x0, 0x5f, 0xe7, 0x0, 0x0, 0x5f,
    0xe7, 0x0, 0x0, 0x5f, 0xd8, 0x0, 0x0, 0x6e,
    0xac, 0x0, 0x0, 0xbb, 0x3f, 0xb5, 0x5a, 0xf4,
    0x4, 0xcf, 0xfc, 0x40,

    /* U+016B "ū" */
    0x4, 0xff, 0xff, 0x0, 0x1, 0x11, 0x10, 0x0,
    0x0, 0x0, 0x1, 0xf2, 0x0, 0x6d, 0x1f, 0x20,
    0x6, 0xd1, 0xf2, 0x0, 0x6d, 0x1f, 0x20, 0x6,
    0xd1, 0xf2, 0x0, 0x6d, 0xf, 0x30, 0x8, 0xd0,
    0xd9, 0x3, 0xed, 0x3, 0xdf, 0xc6, 0xd0,

    /* U+016C "Ŭ" */
    0x0, 0xe1, 0x2d, 0x0, 0x0, 0x4d, 0xd4, 0x0,
    0x0, 0x0, 0x0, 0x0, 0xe7, 0x0, 0x0, 0x5f,
    0xe7, 0x0, 0x0, 0x5f, 0xe7, 0x0, 0x0, 0x5f,
    0xe7, 0x0, 0x0, 0x5f, 0xe7, 0x0, 0x0, 0x5f,
    0xe7, 0x0, 0x0, 0x5f, 0xe7, 0x0, 0x0, 0x5f,
    0xd8, 0x0, 0x0, 0x6e, 0xac, 0x0, 0x0, 0xbb,
    0x3f, 0xb5, 0x5a, 0xf4, 0x4, 0xcf, 0xfc, 0x40,

    /* U+016D "ŭ" */
    0x0, 0xe1, 0x3c, 0x0, 0x5, 0xdd, 0x30, 0x0,
    0x0, 0x0, 0x1, 0xf2, 0x0, 0x6d, 0x1f, 0x20,
    0x6, 0xd1, 0xf2, 0x0, 0x6d, 0x1f, 0x20, 0x6,
    0xd1, 0xf2, 0x0, 0x6d, 0xf, 0x30, 0x8, 0xd0,
    0xd9, 0x3, 0xed, 0x3, 0xdf, 0xc6, 0xd0,

    /* U+016E "Ů" */
    0x0, 0x8, 0x80, 0x0, 0x0, 0x35, 0x62, 0x0,
    0x0, 0x8, 0x80, 0x0, 0x0, 0x0, 0x0, 0x0,
    0xe7, 0x0, 0x0, 0x5f, 0xe7, 0x0, 0x0, 0x5f,
    0xe7, 0x0, 0x0, 0x5f, 0xe7, 0x0, 0x0, 0x5f,
    0xe7, 0x0, 0x0, 0x5f, 0xe7, 0x0, 0x0, 0x5f,
    0xe7, 0x0, 0x0, 0x5f, 0xd8, 0x0, 0x0, 0x6e,
    0xac, 0x0, 0x0, 0xbb, 0x3f, 0xb5, 0x5a, 0xf4,
    0x4, 0xcf, 0xfc, 0x40,

    /* U+016F "ů" */
    0x0, 0x1a, 0x90, 0x0, 0x5, 0x38, 0x0, 0x0,
    0x8, 0x70, 0x1, 0xf2, 0x0, 0x6d, 0x1f, 0x20,
    0x6, 0xd1, 0xf2, 0x0, 0x6d, 0x1f, 0x20, 0x6,
    0xd1, 0xf2, 0x0, 0x6d, 0xf, 0x30, 0x8, 0xd0,
    0xd9, 0x3, 0xed, 0x3, 0xdf, 0xc6, 0xd0,

    /* U+0170 "Ű" */
    0x0, 0x5f, 0x3f, 0x70, 0x0, 0xc6, 0x7b, 0x0,
    0x0, 0x0, 0x0, 0x0, 0xe7, 0x0, 0x0, 0x5f,
    0xe7, 0x0, 0x0, 0x5f, 0xe7, 0x0, 0x0, 0x5f,
    0xe7, 0x0, 0x0, 0x5f, 0xe7, 0x0, 0x0, 0x5f,
    0xe7, 0x0, 0x0, 0x5f, 0xe7, 0x0, 0x0, 0x5f,
    0xd8, 0x0, 0x0, 0x6e, 0xac, 0x0, 0x0, 0xbb,
    0x3f, 0xb5, 0x5a, 0xf4, 0x4, 0xcf, 0xfc, 0x40,

    /* U+0171 "ű" */
    0x0, 0x9d, 0x4f, 0x30, 0x1e, 0x2b, 0x70, 0x0,
    0x0, 0x0, 0x1, 0xf2, 0x0, 0x6d, 0x1f, 0x20,
    0x6, 0xd1, 0xf2, 0x0, 0x6d, 0x1f, 0x20, 0x6,
    0xd1, 0xf2, 0x0, 0x6d, 0xf, 0x30, 0x8, 0xd0,
    0xd9, 0x3, 0xed, 0x3, 0xdf, 0xc6, 0xd0,

    /* U+0172 "Ų" */
    0xe7, 0x0, 0x0, 0x5f, 0xe7, 0x0, 0x0, 0x5f,
    0xe7, 0x0, 0x0, 0x5f, 0xe7, 0x0, 0x0, 0x5f,
    0xe7, 0x0, 0x0, 0x5f, 0xe7, 0x0, 0x0, 0x5f,
    0xd7, 0x0, 0x0, 0x5f, 0xc8, 0x0, 0x0, 0x6e,
    0xac, 0x0, 0x0, 0xbb, 0x3f, 0xb5, 0x5a, 0xf4,
    0x4, 0xcf, 0xfd, 0x50, 0x0, 0xa, 0x20, 0x0,
    0x0, 0xb, 0x41, 0x0, 0x0, 0x5, 0xfd, 0x20,

    /* U+0173 "ų" */
    0x1f, 0x20, 0x6, 0xd0, 0x1f, 0x20, 0x6, 0xd0,
    0x1f, 0x20, 0x6, 0xd0, 0x1f, 0x20, 0x6, 0xd0,
    0x1f, 0x20, 0x7, 0xd0, 0xf, 0x30, 0x9, 0xd0,
    0xd, 0xb3, 0x6e, 0xd0, 0x3, 0xdf, 0xb6, 0xd0,
    0x0, 0x0, 0x8, 0x40, 0x0, 0x0, 0xb, 0x41,
    0x0, 0x0, 0x5, 0xfa,

    /* U+0174 "Ŵ" */
    0x0, 0x0, 0x7, 0xf9, 0x0, 0x0, 0x0, 0x0,
    0x0, 0x3f, 0x3e, 0x50, 0x0, 0x0, 0x0, 0x0,
    0x0, 0x0, 0x0, 0x0, 0x0, 0xba, 0x0, 0x4,
    0xf9, 0x0, 0x6, 0xe0, 0x7d, 0x0, 0x8, 0xed,
    0x0, 0x9, 0xa0, 0x3f, 0x10, 0xd, 0x7f, 0x10,
    0xd, 0x60, 0xf, 0x40, 0x1f, 0x1d, 0x50, 0xf,
    0x20, 0xb, 0x80, 0x5d, 0x9, 0x90, 0x4e, 0x0,
    0x7, 0xb0, 0x99, 0x5, 0xd0, 0x7a, 0x0, 0x4,
    0xe0, 0xd5, 0x1, 0xf1, 0xb6, 0x0, 0x0, 0xf4,
    0xf1, 0x0, 0xd4, 0xe2, 0x0, 0x0, 0xca, 0xd0,
    0x0, 0x9a, 0xe0, 0x0, 0x0, 0x8f, 0x90, 0x0,
    0x5f, 0xa0, 0x0, 0x0, 0x4f, 0x50, 0x0, 0x1f,
    0x60, 0x0,

    /* U+0175 "ŵ" */
    0x0, 0x1, 0xee, 0x20, 0x0, 0x0, 0x0, 0xb9,
    0x7c, 0x0, 0x0, 0x0, 0x0, 0x0, 0x0, 0x0,
    0xc, 0x70, 0xa, 0xd0, 0x4, 0xe0, 0x8b, 0x0,
    0xef, 0x10, 0x99, 0x3, 0xf0, 0x2e, 0xd4, 0xd,
    0x50, 0xf, 0x36, 0xa9, 0x81, 0xf0, 0x0, 0xa7,
    0xa6, 0x6c, 0x5c, 0x0, 0x6, 0xbe, 0x22, 0xfa,
    0x70, 0x0, 0x1f, 0xe0, 0xe, 0xf3, 0x0, 0x0,
    0xdb, 0x0, 0xae, 0x0, 0x0,

    /* U+0176 "Ŷ" */
    0x0, 0x6, 0xfa, 0x0, 0x0, 0x0, 0x2f, 0x4d,
    0x60, 0x0, 0x0, 0x0, 0x0, 0x0, 0x0, 0xae,
    0x10, 0x0, 0x9, 0xe0, 0x1e, 0x90, 0x0, 0x3f,
    0x40, 0x6, 0xf3, 0x0, 0xca, 0x0, 0x0, 0xcc,
    0x6, 0xf1, 0x0, 0x0, 0x3f, 0x6e, 0x60, 0x0,
    0x0, 0x9, 0xfc, 0x0, 0x0, 0x0, 0x1, 0xf4,
    0x0, 0x0, 0x0, 0x1, 0xf4, 0x0, 0x0, 0x0,
    0x1, 0xf4, 0x0, 0x0, 0x0, 0x1, 0xf4, 0x0,
    0x0, 0x0, 0x1, 0xf4, 0x0, 0x0,

    /* U+0177 "ŷ" */
    0x0, 0x6f, 0xa0, 0x0, 0x2e, 0x3d, 0x60, 0x0,
    0x0, 0x0, 0x9, 0xb0, 0x0, 0x8b, 0x4f, 0x10,
    0xd, 0x50, 0xe6, 0x3, 0xf0, 0x8, 0xb0, 0x8a,
    0x0, 0x3f, 0x1e, 0x50, 0x0, 0xd8, 0xf0, 0x0,
    0x7, 0xf9, 0x0, 0x0, 0x2f, 0x40, 0x0, 0x3,
    0xe0, 0x0, 0x15, 0xc8, 0x0, 0x2, 0xfb, 0x0,
    0x0,

    /* U+0178 "Ÿ" */
    0x0, 0x18, 0x5, 0x40, 0x0, 0x0, 0x3f, 0xb,
    0x90, 0x0, 0x0, 0x0, 0x0, 0x0, 0x0, 0xae,
    0x10, 0x0, 0x9, 0xe0, 0x1e, 0x90, 0x0, 0x3f,
    0x40, 0x6, 0xf3, 0x0, 0xca, 0x0, 0x0, 0xcc,
    0x6, 0xf1, 0x0, 0x0, 0x3f, 0x6e, 0x60, 0x0,
    0x0, 0x9, 0xfc, 0x0, 0x0, 0x0, 0x1, 0xf4,
    0x0, 0x0, 0x0, 0x1, 0xf4, 0x0, 0x0, 0x0,
    0x1, 0xf4, 0x0, 0x0, 0x0, 0x1, 0xf4, 0x0,
    0x0, 0x0, 0x1, 0xf4, 0x0, 0x0,

    /* U+0179 "Ź" */
    0x0, 0x0, 0xe9, 0x0, 0x0, 0x0, 0x5c, 0x0,
    0x0, 0x0, 0x0, 0x0, 0x0, 0x2, 0xff, 0xff,
    0xff, 0xf0, 0x4, 0x44, 0x44, 0xec, 0x0, 0x0,
    0x0, 0x8f, 0x20, 0x0, 0x0, 0x4f, 0x50, 0x0,
    0x0, 0x1e, 0xa0, 0x0, 0x0, 0xb, 0xd0, 0x0,
    0x0, 0x7, 0xf2, 0x0, 0x0, 0x3, 0xf6, 0x0,
    0x0, 0x0, 0xda, 0x0, 0x0, 0x0, 0x9f, 0x54,
    0x44, 0x44, 0xc, 0xff, 0xff, 0xff, 0xf2,

    /* U+017A "ź" */
    0x0, 0xc, 0xa0, 0x0, 0x3, 0xd0, 0x0, 0x0,
    0x0, 0x0, 0x7, 0xff, 0xff, 0xf7, 0x1, 0x11,
    0x7e, 0x10, 0x0, 0x3f, 0x30, 0x0, 0x1e, 0x70,
    0x0, 0xc, 0xb0, 0x0, 0x9, 0xd1, 0x0, 0x6,
    0xf5, 0x22, 0x21, 0xbf, 0xff, 0xff, 0xb0,

    /* U+017B "Ż" */
    0x0, 0x4, 0xf0, 0x0, 0x0, 0x0, 0x28, 0x0,
    0x0, 0x2f, 0xff, 0xff, 0xff, 0x0, 0x44, 0x44,
    0x4e, 0xc0, 0x0, 0x0, 0x8, 0xf2, 0x0, 0x0,
    0x4, 0xf5, 0x0, 0x0, 0x1, 0xea, 0x0, 0x0,
    0x0, 0xbd, 0x0, 0x0, 0x0, 0x7f, 0x20, 0x0,
    0x0, 0x3f, 0x60, 0x0, 0x0, 0xd, 0xa0, 0x0,
    0x0, 0x9, 0xf5, 0x44, 0x44, 0x40, 0xcf, 0xff,
    0xff, 0xff, 0x20,

    /* U+017C "ż" */
    0x0, 0x1f, 0x30, 0x0, 0x0, 0x81, 0x0, 0x0,
    0x0, 0x0, 0x7, 0xff, 0xff, 0xf7, 0x1, 0x11,
    0x7e, 0x10, 0x0, 0x3f, 0x30, 0x0, 0x1e, 0x70,
    0x0, 0xc, 0xb0, 0x0, 0x9, 0xd1, 0x0, 0x6,
    0xf5, 0x22, 0x21, 0xbf, 0xff, 0xff, 0xb0,

    /* U+017D "Ž" */
    0x0, 0x5e, 0x3f, 0x30, 0x0, 0x0, 0x9f, 0x70,
    0x0, 0x0, 0x0, 0x0, 0x0, 0x2, 0xff, 0xff,
    0xff, 0xf0, 0x4, 0x44, 0x44, 0xec, 0x0, 0x0,
    0x0, 0x8f, 0x20, 0x0, 0x0, 0x4f, 0x50, 0x0,
    0x0, 0x1e, 0xa0, 0x0, 0x0, 0xb, 0xd0, 0x0,
    0x0, 0x7, 0xf2, 0x0, 0x0, 0x3, 0xf6, 0x0,
    0x0, 0x0, 0xda, 0x0, 0x0, 0x0, 0x9f, 0x54,
    0x44, 0x44, 0xc, 0xff, 0xff, 0xff, 0xf2,

    /* U+017E "ž" */
    0x4, 0xe3, 0xf4, 0x0, 0x7, 0xe8, 0x0, 0x0,
    0x0, 0x0, 0x7, 0xff, 0xff, 0xf7, 0x1, 0x11,
    0x7e, 0x10, 0x0, 0x3f, 0x30, 0x0, 0x1e, 0x70,
    0x0, 0xc, 0xb0, 0x0, 0x9, 0xd1, 0x0, 0x6,
    0xf5, 0x22, 0x21, 0xbf, 0xff, 0xff, 0xb0,

    /* U+017F "ſ" */
    0x6, 0xee, 0x0, 0xf8, 0x30, 0xf, 0x20, 0x1,
    0xf2, 0x0, 0x1f, 0x20, 0x1, 0xf2, 0x0, 0x1f,
    0x20, 0x1, 0xf2, 0x0, 0x1f, 0x20, 0x1, 0xf2,
    0x0, 0x1f, 0x20, 0x0,

    /* U+0401 "Ё" */
    0x0, 0xf3, 0x8b, 0x0, 0x0, 0x81, 0x46, 0x0,
    0xef, 0xff, 0xff, 0xf5, 0xe9, 0x44, 0x44, 0x41,
    0xe7, 0x0, 0x0, 0x0, 0xe7, 0x0, 0x0, 0x0,
    0xe7, 0x0, 0x0, 0x0, 0xef, 0xff, 0xff, 0xf0,
    0xe9, 0x33, 0x33, 0x30, 0xe7, 0x0, 0x0, 0x0,
    0xe7, 0x0, 0x0, 0x0, 0xe9, 0x44, 0x44, 0x42,
    0xef, 0xff, 0xff, 0xf9,

    /* U+0402 "Ђ" */
    0xaf, 0xff, 0xff, 0xff, 0x50, 0x0, 0x24, 0x47,
    0xf4, 0x44, 0x10, 0x0, 0x0, 0x5, 0xf0, 0x0,
    0x0, 0x0, 0x0, 0x5, 0xf0, 0x0, 0x0, 0x0,
    0x0, 0x5, 0xf7, 0xcf, 0xfb, 0x20, 0x0, 0x5,
    0xfb, 0x63, 0x5d, 0xd0, 0x0, 0x5, 0xf0, 0x0,
    0x1, 0xf5, 0x0, 0x5, 0xf0, 0x0, 0x0, 0xd8,
    0x0, 0x5, 0xf0, 0x0, 0x0, 0xf6, 0x0, 0x5,
    0xf0, 0x4, 0x3b, 0xe1, 0x0, 0x5, 0xf0, 0x1d,
    0xfc, 0x20,

    /* U+0403 "Ѓ" */
    0x0, 0xad, 0x20, 0x0, 0x19, 0x10, 0x0, 0xef,
    0xff, 0xff, 0x9e, 0x94, 0x44, 0x42, 0xe7, 0x0,
    0x0, 0xe, 0x70, 0x0, 0x0, 0xe7, 0x0, 0x0,
    0xe, 0x70, 0x0, 0x0, 0xe7, 0x0, 0x0, 0xe,
    0x70, 0x0, 0x0, 0xe7, 0x0, 0x0, 0xe, 0x70,
    0x0, 0x0, 0xe7, 0x0, 0x0, 0x0,

    /* U+0404 "Є" */
    0x0, 0x19, 0xef, 0xd5, 0x0, 0x1, 0xed, 0x64,
    0x8f, 0x70, 0xb, 0xd0, 0x0, 0x7, 0xf1, 0x1f,
    0x60, 0x0, 0x0, 0x71, 0x4f, 0x30, 0x0, 0x0,
    0x0, 0x5f, 0xff, 0xfc, 0x0, 0x0, 0x4f, 0x53,
    0x32, 0x0, 0x0, 0x1f, 0x40, 0x0, 0x0, 0x93,
    0xb, 0xc0, 0x0, 0x5, 0xf2, 0x2, 0xec, 0x54,
    0x8f, 0x80, 0x0, 0x2a, 0xef, 0xd6, 0x0,

    /* U+0405 "Ѕ" */
    0x0, 0x7d, 0xfd, 0x80, 0x0, 0x8e, 0x74, 0x6e,
    0xb0, 0xe, 0x60, 0x0, 0x3f, 0x20, 0xd8, 0x0,
    0x0, 0x40, 0x6, 0xfc, 0x73, 0x0, 0x0, 0x3,
    0xae, 0xfe, 0x50, 0x0, 0x0, 0x3, 0xaf, 0x43,
    0xa0, 0x0, 0x0, 0xc8, 0x2f, 0x50, 0x0, 0xd,
    0x80, 0x9f, 0x95, 0x6b, 0xf2, 0x0, 0x7d, 0xfe,
    0xa2, 0x0,

    /* U+0406 "І" */
    0xba, 0xba, 0xba, 0xba, 0xba, 0xba, 0xba, 0xba,
    0xba, 0xba, 0xba,

    /* U+0407 "Ї" */
    0xf4, 0x7d, 0x82, 0x36, 0xb, 0xa0, 0xb, 0xa0,
    0xb, 0xa0, 0xb, 0xa0, 0xb, 0xa0, 0xb, 0xa0,
    0xb, 0xa0, 0xb, 0xa0, 0xb, 0xa0, 0xb, 0xa0,
    0xb, 0xa0,

    /* U+0408 "Ј" */
    0x0, 0x0, 0x7e, 0x0, 0x0, 0x7e, 0x0, 0x0,
    0x7e, 0x0, 0x0, 0x7e, 0x0, 0x0, 0x7e, 0x0,
    0x0, 0x7e, 0x0, 0x0, 0x7e, 0x33, 0x0, 0x7d,
    0x8b, 0x0, 0x8c, 0x4f, 0x76, 0xe8, 0x8, 0xee,
    0x90,

    /* U+0409 "Љ" */
    0x3, 0xff, 0xff, 0xff, 0xc0, 0x0, 0x0, 0x0,
    0x3f, 0x64, 0x44, 0xbc, 0x0, 0x0, 0x0, 0x3,
    0xf2, 0x0, 0x9, 0xc0, 0x0, 0x0, 0x0, 0x3f,
    0x20, 0x0, 0x9c, 0x0, 0x0, 0x0, 0x3, 0xf2,
    0x0, 0x9, 0xc0, 0x0, 0x0, 0x0, 0x3f, 0x20,
    0x0, 0x9f, 0xff, 0xfe, 0x90, 0x3, 0xf2, 0x0,
    0x9, 0xc3, 0x33, 0x7f, 0x90, 0x3f, 0x20, 0x0,
    0x9c, 0x0, 0x0, 0x8e, 0x3, 0xf1, 0x0, 0x9,
    0xc0, 0x0, 0x8, 0xe2, 0x8e, 0x0, 0x0, 0x9c,
    0x22, 0x25, 0xe8, 0xce, 0x50, 0x0, 0x9, 0xff,
    0xff, 0xe9, 0x0,

    /* U+040A "Њ" */
    0xe7, 0x0, 0xe, 0x60, 0x0, 0x0, 0xe, 0x70,
    0x0, 0xe6, 0x0, 0x0, 0x0, 0xe7, 0x0, 0xe,
    0x60, 0x0, 0x0, 0xe, 0x70, 0x0, 0xe6, 0x0,
    0x0, 0x0, 0xe7, 0x0, 0xe, 0x60, 0x0, 0x0,
    0xe, 0xff, 0xff, 0xff, 0xff, 0xfd, 0x60, 0xe9,
    0x33, 0x3f, 0x83, 0x33, 0x8f, 0x4e, 0x70, 0x0,
    0xe6, 0x0, 0x0, 0xe9, 0xe7, 0x0, 0xe, 0x60,
    0x0, 0xe, 0x8e, 0x70, 0x0, 0xe8, 0x33, 0x49,
    0xf3, 0xe7, 0x0, 0xe, 0xff, 0xff, 0xd5, 0x0,

    /* U+040B "Ћ" */
    0xaf, 0xff, 0xff, 0xff, 0x50, 0x0, 0x24, 0x47,
    0xf4, 0x44, 0x10, 0x0, 0x0, 0x5, 0xf0, 0x0,
    0x0, 0x0, 0x0, 0x5, 0xf0, 0x0, 0x0, 0x0,
    0x0, 0x5, 0xf7, 0xcf, 0xea, 0x10, 0x0, 0x5,
    0xfb, 0x64, 0x5d, 0xc0, 0x0, 0x5, 0xf0, 0x0,
    0x3, 0xf2, 0x0, 0x5, 0xf0, 0x0, 0x0, 0xf4,
    0x0, 0x5, 0xf0, 0x0, 0x0, 0xf5, 0x0, 0x5,
    0xf0, 0x0, 0x0, 0xf5, 0x0, 0x5, 0xf0, 0x0,
    0x0, 0xf5,

    /* U+040C "Ќ" */
    0x0, 0x3f, 0x60, 0x0, 0x0, 0x65, 0x0, 0x0,
    0xe7, 0x0, 0x2c, 0xf0, 0xe7, 0x0, 0xdb, 0x40,
    0xe7, 0x3, 0xf1, 0x0, 0xe7, 0xa, 0xb0, 0x0,
    0xe7, 0x4f, 0x40, 0x0, 0xef, 0xf9, 0x0, 0x0,
    0xe8, 0x8f, 0x50, 0x0, 0xe7, 0x9, 0xf1, 0x0,
    0xe7, 0x1, 0xea, 0x0, 0xe7, 0x0, 0x6f, 0x30,
    0xe7, 0x0, 0xc, 0xd0,

    /* U+040E "Ў" */
    0x0, 0x63, 0x3, 0x50, 0x0, 0x4, 0xce, 0xc3,
    0x0, 0x0, 0x0, 0x0, 0x0, 0xa, 0xd0, 0x0,
    0x0, 0xca, 0x2f, 0x50, 0x0, 0x2f, 0x30, 0xac,
    0x0, 0x9, 0xb0, 0x2, 0xf4, 0x0, 0xf4, 0x0,
    0xa, 0xc0, 0x6d, 0x0, 0x0, 0x2f, 0x4d, 0x60,
    0x0, 0x0, 0xae, 0xe0, 0x0, 0x0, 0x2, 0xf8,
    0x0, 0x0, 0x0, 0x2f, 0x10, 0x0, 0x3, 0x3b,
    0x90, 0x0, 0x0, 0x8f, 0xc0, 0x0, 0x0,

    /* U+040F "Џ" */
    0xe7, 0x0, 0x0, 0x5f, 0xe7, 0x0, 0x0, 0x5f,
    0xe7, 0x0, 0x0, 0x5f, 0xe7, 0x0, 0x0, 0x5f,
    0xe7, 0x0, 0x0, 0x5f, 0xe7, 0x0, 0x0, 0x5f,
    0xe7, 0x0, 0x0, 0x5f, 0xe7, 0x0, 0x0, 0x5f,
    0xe7, 0x0, 0x0, 0x5f, 0xe9, 0x44, 0x44, 0x8f,
    0xef, 0xff, 0xff, 0xff, 0x0, 0x8, 0xa0, 0x0,
    0x0, 0x8, 0xa0, 0x0, 0x0, 0x8, 0xa0, 0x0,

    /* U+0410 "А" */
    0x0, 0x0, 0x5f, 0x70, 0x0, 0x0, 0x0, 0xb,
    0xdd, 0x0, 0x0, 0x0, 0x1, 0xf5, 0xf3, 0x0,
    0x0, 0x0, 0x6f, 0xd, 0x90, 0x0, 0x0, 0xb,
    0xa0, 0x8e, 0x0, 0x0, 0x1, 0xf5, 0x3, 0xf4,
    0x0, 0x0, 0x7f, 0x10, 0xe, 0xa0, 0x0, 0xc,
    0xff, 0xff, 0xff, 0x10, 0x2, 0xf7, 0x22, 0x24,
    0xf6, 0x0, 0x7f, 0x0, 0x0, 0xc, 0xc0, 0xd,
    0x90, 0x0, 0x0, 0x5f, 0x20,

    /* U+0411 "Б" */
    0xef, 0xff, 0xff, 0x90, 0xe9, 0x44, 0x44, 0x20,
    0xe7, 0x0, 0x0, 0x0, 0xe7, 0x0, 0x0, 0x0,
    0xe7, 0x0, 0x0, 0x0, 0xef, 0xff, 0xfd, 0x60,
    0xe9, 0x33, 0x49, 0xf4, 0xe7, 0x0, 0x0, 0xd9,
    0xe7, 0x0, 0x0, 0xd9, 0xe9, 0x33, 0x49, 0xf4,
    0xef, 0xff, 0xfd, 0x60,

    /* U+0412 "В" */
    0xff, 0xff, 0xfb, 0x10, 0xf8, 0x44, 0x6d, 0xc0,
    0xf5, 0x0, 0x4, 0xf1, 0xf5, 0x0, 0x3, 0xf0,
    0xf6, 0x0, 0x2a, 0x70, 0xff, 0xff, 0xff, 0x60,
    0xf8, 0x33, 0x5a, 0xf4, 0xf5, 0x0, 0x0, 0xd9,
    0xf5, 0x0, 0x0, 0xd8, 0xf8, 0x44, 0x5a, 0xf2,
    0xff, 0xff, 0xfc, 0x40,

    /* U+0413 "Г" */
    0xef, 0xff, 0xff, 0x9e, 0x94, 0x44, 0x42, 0xe7,
    0x0, 0x0, 0xe, 0x70, 0x0, 0x0, 0xe7, 0x0,
    0x0, 0xe, 0x70, 0x0, 0x0, 0xe7, 0x0, 0x0,
    0xe, 0x70, 0x0, 0x0, 0xe7, 0x0, 0x0, 0xe,
    0x70, 0x0, 0x0, 0xe7, 0x0, 0x0, 0x0,

    /* U+0414 "Д" */
    0x0, 0xff, 0xff, 0xff, 0x10, 0xf, 0x74, 0x47,
    0xf1, 0x0, 0xf3, 0x0, 0x3f, 0x10, 0x1f, 0x30,
    0x3, 0xf1, 0x2, 0xf2, 0x0, 0x3f, 0x10, 0x3f,
    0x0, 0x3, 0xf1, 0x4, 0xe0, 0x0, 0x3f, 0x10,
    0x7c, 0x0, 0x3, 0xf1, 0xb, 0x80, 0x0, 0x3f,
    0x15, 0xf7, 0x44, 0x47, 0xf5, 0xff, 0xff, 0xff,
    0xff, 0xff, 0x20, 0x0, 0x0, 0x2f, 0xf2, 0x0,
    0x0, 0x2, 0xf8, 0x10, 0x0, 0x0, 0x18,

    /* U+0415 "Е" */
    0xef, 0xff, 0xff, 0xf5, 0xe9, 0x44, 0x44, 0x41,
    0xe7, 0x0, 0x0, 0x0, 0xe7, 0x0, 0x0, 0x0,
    0xe7, 0x0, 0x0, 0x0, 0xef, 0xff, 0xff, 0xf0,
    0xe9, 0x33, 0x33, 0x30, 0xe7, 0x0, 0x0, 0x0,
    0xe7, 0x0, 0x0, 0x0, 0xe9, 0x44, 0x44, 0x42,
    0xef, 0xff, 0xff, 0xf9,

    /* U+0416 "Ж" */
    0xdd, 0x40, 0x3, 0xf2, 0x0, 0x5d, 0xc3, 0x9f,
    0x0, 0x3f, 0x20, 0x1f, 0x83, 0x0, 0xe6, 0x3,
    0xf2, 0x7, 0xd0, 0x0, 0x8, 0xc0, 0x3f, 0x20,
    0xe7, 0x0, 0x0, 0x2f, 0x63, 0xf2, 0x7f, 0x10,
    0x0, 0x0, 0x6f, 0xff, 0xff, 0x50, 0x0, 0x0,
    0x3f, 0x95, 0xf4, 0xbe, 0x20, 0x0, 0xd, 0xc0,
    0x3f, 0x20, 0xdc, 0x0, 0x7, 0xf2, 0x3, 0xf2,
    0x4, 0xf6, 0x1, 0xf9, 0x0, 0x3f, 0x20, 0xa,
    0xe1, 0xae, 0x10, 0x3, 0xf2, 0x0, 0x1f, 0x90,

    /* U+0417 "З" */
    0x0, 0x7d, 0xfb, 0x30, 0x8, 0xe7, 0x5c, 0xe1,
    0xf, 0x50, 0x0, 0xf6, 0x18, 0x0, 0x0, 0xf5,
    0x0, 0x0, 0x19, 0xc0, 0x0, 0x8, 0xff, 0x80,
    0x0, 0x1, 0x48, 0xf8, 0x3, 0x0, 0x0, 0x9d,
    0x3f, 0x30, 0x0, 0xab, 0xb, 0xe6, 0x48, 0xf4,
    0x0, 0x8e, 0xfc, 0x40,

    /* U+0418 "И" */
    0xe5, 0x0, 0x0, 0xaf, 0xe5, 0x0, 0x3, 0xff,
    0xe5, 0x0, 0xd, 0xcf, 0xe5, 0x0, 0x6e, 0x4f,
    0xe5, 0x1, 0xf5, 0x3f, 0xe5, 0xa, 0xb0, 0x3f,
    0xe5, 0x3f, 0x20, 0x3f, 0xe5, 0xd8, 0x0, 0x3f,
    0xec, 0xe0, 0x0, 0x3f, 0xef, 0x50, 0x0, 0x3f,
    0xec, 0x0, 0x0, 0x3f,

    /* U+0419 "Й" */
    0x0, 0x60, 0x3, 0x30, 0x0, 0xe3, 0xc, 0x40,
    0x0, 0x3c, 0xe8, 0x0, 0xe5, 0x0, 0x0, 0xaf,
    0xe5, 0x0, 0x3, 0xff, 0xe5, 0x0, 0xd, 0xcf,
    0xe5, 0x0, 0x6e, 0x4f, 0xe5, 0x1, 0xf5, 0x3f,
    0xe5, 0xa, 0xb0, 0x3f, 0xe5, 0x3f, 0x20, 0x3f,
    0xe5, 0xd8, 0x0, 0x3f, 0xec, 0xe0, 0x0, 0x3f,
    0xef, 0x50, 0x0, 0x3f, 0xec, 0x0, 0x0, 0x3f,

    /* U+041A "К" */
    0xe7, 0x0, 0x2c, 0xf0, 0xe7, 0x0, 0xdb, 0x40,
    0xe7, 0x3, 0xf1, 0x0, 0xe7, 0xa, 0xb0, 0x0,
    0xe7, 0x4f, 0x40, 0x0, 0xef, 0xf9, 0x0, 0x0,
    0xe8, 0x8f, 0x50, 0x0, 0xe7, 0x9, 0xf1, 0x0,
    0xe7, 0x1, 0xea, 0x0, 0xe7, 0x0, 0x6f, 0x30,
    0xe7, 0x0, 0xc, 0xd0,

    /* U+041B "Л" */
    0x3, 0xff, 0xff, 0xff, 0xc0, 0x3f, 0x64, 0x44,
    0xbc, 0x3, 0xf2, 0x0, 0x9, 0xc0, 0x3f, 0x20,
    0x0, 0x9c, 0x3, 0xf2, 0x0, 0x9, 0xc0, 0x3f,
    0x20, 0x0, 0x9c, 0x3, 0xf2, 0x0, 0x9, 0xc0,
    0x3f, 0x20, 0x0, 0x9c, 0x3, 0xf1, 0x0, 0x9,
    0xc2, 0x8e, 0x0, 0x0, 0x9c, 0xce, 0x50, 0x0,
    0x9, 0xc0,

    /* U+041C "М" */
    0xff, 0x30, 0x0, 0x5, 0xf9, 0xff, 0x80, 0x0,
    0xa, 0xf9, 0xfb, 0xc0, 0x0, 0xe, 0xc9, 0xf6,
    0xf1, 0x0, 0x4c, 0xa9, 0xf5, 0xc6, 0x0, 0x97,
    0xa9, 0xf5, 0x7b, 0x0, 0xe2, 0xa9, 0xf5, 0x2f,
    0x3, 0xd0, 0xa9, 0xf5, 0xd, 0x58, 0x80, 0xa9,
    0xf5, 0x8, 0xad, 0x30, 0xa9, 0xf5, 0x3, 0xfe,
    0x0, 0xa9, 0xf5, 0x0, 0xe9, 0x0, 0xa9,

    /* U+041D "Н" */
    0xe7, 0x0, 0x0, 0x5f, 0xe7, 0x0, 0x0, 0x5f,
    0xe7, 0x0, 0x0, 0x5f, 0xe7, 0x0, 0x0, 0x5f,
    0xe7, 0x0, 0x0, 0x5f, 0xef, 0xff, 0xff, 0xff,
    0xe9, 0x33, 0x33, 0x7f, 0xe7, 0x0, 0x0, 0x5f,
    0xe7, 0x0, 0x0, 0x5f, 0xe7, 0x0, 0x0, 0x5f,
    0xe7, 0x0, 0x0, 0x5f,

    /* U+041E "О" */
    0x0, 0x19, 0xef, 0xd8, 0x0, 0x0, 0x1d, 0xd6,
    0x36, 0xec, 0x0, 0xa, 0xd0, 0x0, 0x1, 0xe8,
    0x1, 0xf5, 0x0, 0x0, 0x7, 0xf0, 0x4f, 0x10,
    0x0, 0x0, 0x4f, 0x25, 0xf0, 0x0, 0x0, 0x2,
    0xf3, 0x4f, 0x20, 0x0, 0x0, 0x4f, 0x21, 0xf6,
    0x0, 0x0, 0x8, 0xf0, 0xa, 0xe0, 0x0, 0x1,
    0xf8, 0x0, 0x1d, 0xd5, 0x36, 0xec, 0x0, 0x0,
    0x19, 0xef, 0xd8, 0x0, 0x0,

    /* U+041F "П" */
    0xef, 0xff, 0xff, 0xff, 0xe9, 0x44, 0x44, 0x8f,
    0xe7, 0x0, 0x0, 0x5f, 0xe7, 0x0, 0x0, 0x5f,
    0xe7, 0x0, 0x0, 0x5f, 0xe7, 0x0, 0x0, 0x5f,
    0xe7, 0x0, 0x0, 0x5f, 0xe7, 0x0, 0x0, 0x5f,
    0xe7, 0x0, 0x0, 0x5f, 0xe7, 0x0, 0x0, 0x5f,
    0xe7, 0x0, 0x0, 0x5f,

    /* U+0420 "Р" */
    0xef, 0xff, 0xfd, 0x70, 0xe9, 0x44, 0x48, 0xf5,
    0xe6, 0x0, 0x0, 0xca, 0xe6, 0x0, 0x0, 0xba,
    0xe6, 0x0, 0x16, 0xf5, 0xef, 0xff, 0xff, 0x90,
    0xe8, 0x33, 0x30, 0x0, 0xe6, 0x0, 0x0, 0x0,
    0xe6, 0x0, 0x0, 0x0, 0xe6, 0x0, 0x0, 0x0,
    0xe6, 0x0, 0x0, 0x0,

    /* U+0421 "С" */
    0x0, 0x19, 0xef, 0xd6, 0x0, 0x1, 0xec, 0x54,
    0x7f, 0x80, 0xa, 0xd0, 0x0, 0x5, 0xf2, 0xf,
    0x60, 0x0, 0x0, 0x50, 0x3f, 0x30, 0x0, 0x0,
    0x0, 0x4f, 0x10, 0x0, 0x0, 0x0, 0x3f, 0x20,
    0x0, 0x0, 0x0, 0xf, 0x50, 0x0, 0x0, 0xc4,
    0xa, 0xd0, 0x0, 0x5, 0xf2, 0x1, 0xec, 0x54,
    0x7f, 0x80, 0x0, 0x2a, 0xef, 0xd6, 0x0,

    /* U+0422 "Т" */
    0xbf, 0xff, 0xff, 0xff, 0x43, 0x44, 0x9f, 0x44,
    0x41, 0x0, 0x6, 0xe0, 0x0, 0x0, 0x0, 0x6e,
    0x0, 0x0, 0x0, 0x6, 0xe0, 0x0, 0x0, 0x0,
    0x6e, 0x0, 0x0, 0x0, 0x6, 0xe0, 0x0, 0x0,
    0x0, 0x6e, 0x0, 0x0, 0x0, 0x6, 0xe0, 0x0,
    0x0, 0x0, 0x6e, 0x0, 0x0, 0x0, 0x6, 0xe0,
    0x0, 0x0,

    /* U+0423 "У" */
    0xad, 0x0, 0x0, 0xc, 0xa2, 0xf5, 0x0, 0x2,
    0xf3, 0xa, 0xc0, 0x0, 0x9b, 0x0, 0x2f, 0x40,
    0xf, 0x40, 0x0, 0xac, 0x6, 0xd0, 0x0, 0x2,
    0xf4, 0xd6, 0x0, 0x0, 0xa, 0xee, 0x0, 0x0,
    0x0, 0x2f, 0x80, 0x0, 0x0, 0x2, 0xf1, 0x0,
    0x0, 0x33, 0xb9, 0x0, 0x0, 0x8, 0xfc, 0x0,
    0x0, 0x0,

    /* U+0424 "Ф" */
    0x0, 0x0, 0x4f, 0x0, 0x0, 0x0, 0x0, 0x4,
    0xf0, 0x0, 0x0, 0x0, 0x8d, 0xff, 0xfc, 0x40,
    0x0, 0xbe, 0x77, 0xf4, 0x9f, 0x50, 0x4f, 0x30,
    0x4f, 0x0, 0x9e, 0x6, 0xf0, 0x4, 0xf0, 0x5,
    0xf0, 0x4f, 0x20, 0x4f, 0x0, 0x8f, 0x0, 0xdd,
    0x35, 0xf1, 0x6f, 0x80, 0x1, 0xbf, 0xff, 0xff,
    0x80, 0x0, 0x0, 0x16, 0xf2, 0x0, 0x0, 0x0,
    0x0, 0x4f, 0x0, 0x0, 0x0,

    /* U+0425 "Х" */
    0x2f, 0x60, 0x0, 0xc, 0xa0, 0x8, 0xf1, 0x0,
    0x8e, 0x10, 0x0, 0xdb, 0x3, 0xf4, 0x0, 0x0,
    0x3f, 0x5d, 0x90, 0x0, 0x0, 0x8, 0xfd, 0x0,
    0x0, 0x0, 0x4, 0xfb, 0x0, 0x0, 0x0, 0xd,
    0xbf, 0x50, 0x0, 0x0, 0x9e, 0xa, 0xe1, 0x0,
    0x3, 0xf5, 0x1, 0xea, 0x0, 0xd, 0xa0, 0x0,
    0x5f, 0x40, 0x9e, 0x10, 0x0, 0xb, 0xe0,

    /* U+0426 "Ц" */
    0xe6, 0x0, 0x0, 0x5f, 0xe, 0x60, 0x0, 0x5,
    0xf0, 0xe6, 0x0, 0x0, 0x5f, 0xe, 0x60, 0x0,
    0x5, 0xf0, 0xe6, 0x0, 0x0, 0x5f, 0xe, 0x60,
    0x0, 0x5, 0xf0, 0xe6, 0x0, 0x0, 0x5f, 0xe,
    0x60, 0x0, 0x5, 0xf0, 0xe6, 0x0, 0x0, 0x5f,
    0xe, 0x94, 0x44, 0x48, 0xf3, 0xef, 0xff, 0xff,
    0xff, 0xe0, 0x0, 0x0, 0x0, 0x4e, 0x0, 0x0,
    0x0, 0x4, 0xe0, 0x0, 0x0, 0x0, 0x4e,

    /* U+0427 "Ч" */
    0x3f, 0x20, 0x0, 0xe, 0x73, 0xf2, 0x0, 0x0,
    0xe7, 0x3f, 0x20, 0x0, 0xe, 0x72, 0xf2, 0x0,
    0x0, 0xe7, 0x1f, 0x50, 0x0, 0xe, 0x70, 0xdd,
    0x20, 0x37, 0xf7, 0x2, 0xdf, 0xff, 0xbf, 0x70,
    0x0, 0x12, 0x0, 0xe7, 0x0, 0x0, 0x0, 0xe,
    0x70, 0x0, 0x0, 0x0, 0xe7, 0x0, 0x0, 0x0,
    0xe, 0x70,

    /* U+0428 "Ш" */
    0xe7, 0x0, 0x3f, 0x10, 0x9, 0xce, 0x70, 0x3,
    0xf1, 0x0, 0x9c, 0xe7, 0x0, 0x3f, 0x10, 0x9,
    0xce, 0x70, 0x3, 0xf1, 0x0, 0x9c, 0xe7, 0x0,
    0x3f, 0x10, 0x9, 0xce, 0x70, 0x3, 0xf1, 0x0,
    0x9c, 0xe7, 0x0, 0x3f, 0x10, 0x9, 0xce, 0x70,
    0x3, 0xf1, 0x0, 0x9c, 0xe7, 0x0, 0x3f, 0x10,
    0x9, 0xce, 0x94, 0x46, 0xf5, 0x44, 0xac, 0xef,
    0xff, 0xff, 0xff, 0xff, 0xc0,

    /* U+0429 "Щ" */
    0xe7, 0x0, 0x3f, 0x10, 0x9, 0xc0, 0xe7, 0x0,
    0x3f, 0x10, 0x9, 0xc0, 0xe7, 0x0, 0x3f, 0x10,
    0x9, 0xc0, 0xe7, 0x0, 0x3f, 0x10, 0x9, 0xc0,
    0xe7, 0x0, 0x3f, 0x10, 0x9, 0xc0, 0xe7, 0x0,
    0x3f, 0x10, 0x9, 0xc0, 0xe7, 0x0, 0x3f, 0x10,
    0x9, 0xc0, 0xe7, 0x0, 0x3f, 0x10, 0x9, 0xc0,
    0xe7, 0x0, 0x3f, 0x10, 0x9, 0xc0, 0xe9, 0x44,
    0x6f, 0x54, 0x4a, 0xd2, 0xef, 0xff, 0xff, 0xff,
    0xff, 0xfa, 0x0, 0x0, 0x0, 0x0, 0x0, 0x8a,
    0x0, 0x0, 0x0, 0x0, 0x0, 0x8a, 0x0, 0x0,
    0x0, 0x0, 0x0, 0x8a,

    /* U+042A "Ъ" */
    0xff, 0xff, 0x60, 0x0, 0x0, 0x4, 0x44, 0xf6,
    0x0, 0x0, 0x0, 0x0, 0xf, 0x60, 0x0, 0x0,
    0x0, 0x0, 0xf6, 0x0, 0x0, 0x0, 0x0, 0xf,
    0x60, 0x0, 0x0, 0x0, 0x0, 0xff, 0xff, 0xfd,
    0x50, 0x0, 0xf, 0x83, 0x34, 0xaf, 0x30, 0x0,
    0xf6, 0x0, 0x0, 0xe8, 0x0, 0xf, 0x60, 0x0,
    0xe, 0x80, 0x0, 0xf8, 0x33, 0x4a, 0xf3, 0x0,
    0xf, 0xff, 0xff, 0xc4, 0x0,

    /* U+042B "Ы" */
    0xe7, 0x0, 0x0, 0x0, 0x1f, 0x3e, 0x70, 0x0,
    0x0, 0x1, 0xf3, 0xe7, 0x0, 0x0, 0x0, 0x1f,
    0x3e, 0x70, 0x0, 0x0, 0x1, 0xf3, 0xe7, 0x0,
    0x0, 0x0, 0x1f, 0x3e, 0xff, 0xff, 0xd6, 0x1,
    0xf3, 0xe9, 0x33, 0x49, 0xf4, 0x1f, 0x3e, 0x70,
    0x0, 0xd, 0x91, 0xf3, 0xe7, 0x0, 0x0, 0xd9,
    0x1f, 0x3e, 0x93, 0x34, 0x9f, 0x41, 0xf3, 0xef,
    0xff, 0xfd, 0x50, 0x1f, 0x30,

    /* U+042C "Ь" */
    0xe7, 0x0, 0x0, 0x0, 0xe7, 0x0, 0x0, 0x0,
    0xe7, 0x0, 0x0, 0x0, 0xe7, 0x0, 0x0, 0x0,
    0xe7, 0x0, 0x0, 0x0, 0xef, 0xff, 0xfd, 0x60,
    0xe9, 0x33, 0x49, 0xf4, 0xe7, 0x0, 0x0, 0xd9,
    0xe7, 0x0, 0x0, 0xd9, 0xe9, 0x33, 0x49, 0xf4,
    0xef, 0xff, 0xfd, 0x50,

    /* U+042D "Э" */
    0x0, 0x5c, 0xfe, 0xa1, 0x0, 0x6, 0xf8, 0x46,
    0xde, 0x20, 0xf, 0x80, 0x0, 0xd, 0xb0, 0x17,
    0x10, 0x0, 0x5, 0xf2, 0x0, 0x0, 0x0, 0x2,
    0xf5, 0x0, 0x0, 0xbf, 0xff, 0xf5, 0x0, 0x0,
    0x23, 0x34, 0xf4, 0x29, 0x0, 0x0, 0x4, 0xf1,
    0x1f, 0x60, 0x0, 0xb, 0xb0, 0x7, 0xf8, 0x45,
    0xcf, 0x20, 0x0, 0x5c, 0xfe, 0xa2, 0x0,

    /* U+042E "Ю" */
    0xe7, 0x0, 0x3, 0xcf, 0xea, 0x20, 0xe, 0x70,
    0x5, 0xf9, 0x44, 0xbe, 0x20, 0xe7, 0x0, 0xe8,
    0x0, 0x0, 0xcc, 0xe, 0x70, 0x5f, 0x10, 0x0,
    0x4, 0xf2, 0xe7, 0x9, 0xd0, 0x0, 0x0, 0xf,
    0x5e, 0xff, 0xfb, 0x0, 0x0, 0x0, 0xf6, 0xe9,
    0x3a, 0xd0, 0x0, 0x0, 0x1f, 0x5e, 0x70, 0x5f,
    0x10, 0x0, 0x4, 0xf2, 0xe7, 0x0, 0xe8, 0x0,
    0x0, 0xcc, 0xe, 0x70, 0x5, 0xf9, 0x44, 0xbf,
    0x20, 0xe7, 0x0, 0x4, 0xcf, 0xea, 0x20, 0x0,

    /* U+042F "Я" */
    0x1, 0xaf, 0xff, 0xff, 0xf0, 0xae, 0x63, 0x33,
    0x7f, 0xf, 0x70, 0x0, 0x5, 0xf0, 0xf7, 0x0,
    0x0, 0x5f, 0xa, 0xe3, 0x0, 0x5, 0xf0, 0xa,
    0xff, 0xff, 0xff, 0x0, 0xb, 0xc5, 0x37, 0xf0,
    0xb, 0xe1, 0x0, 0x5f, 0x5, 0xf4, 0x0, 0x5,
    0xf0, 0xeb, 0x0, 0x0, 0x5f, 0x8f, 0x20, 0x0,
    0x5, 0xf0,

    /* U+0430 "а" */
    0x2, 0xbf, 0xfb, 0x20, 0xe, 0x92, 0x3c, 0xa0,
    0x18, 0x0, 0x6, 0xc0, 0x0, 0x58, 0xbe, 0xd0,
    0x1d, 0xd9, 0x68, 0xd0, 0x6e, 0x0, 0x8, 0xd0,
    0x5f, 0x10, 0x3f, 0xd0, 0x9, 0xed, 0xa5, 0xf1,

    /* U+0431 "б" */
    0x0, 0x8e, 0xff, 0xf2, 0xa, 0xd7, 0x55, 0x30,
    0x1f, 0x10, 0x0, 0x0, 0x4c, 0x6e, 0xfb, 0x10,
    0x5e, 0xd4, 0x2b, 0xc0, 0x5f, 0x40, 0x1, 0xf3,
    0x5f, 0x10, 0x0, 0xd6, 0x4f, 0x0, 0x0, 0xe5,
    0x1f, 0x40, 0x2, 0xf3, 0x9, 0xd4, 0x3c, 0xb0,
    0x0, 0x9e, 0xfa, 0x10,

    /* U+0432 "в" */
    0x1f, 0xff, 0xea, 0x1, 0xf3, 0x13, 0xe6, 0x1f,
    0x20, 0x1d, 0x71, 0xff, 0xff, 0xe1, 0x1f, 0x42,
    0x3c, 0x71, 0xf2, 0x0, 0x6d, 0x1f, 0x31, 0x3c,
    0xb1, 0xff, 0xff, 0xc2,

    /* U+0433 "г" */
    0x1f, 0xff, 0xf1, 0x1f, 0x31, 0x10, 0x1f, 0x20,
    0x0, 0x1f, 0x20, 0x0, 0x1f, 0x20, 0x0, 0x1f,
    0x20, 0x0, 0x1f, 0x20, 0x0, 0x1f, 0x20, 0x0,

    /* U+0434 "д" */
    0x1, 0xff, 0xff, 0xf0, 0x2, 0xe1, 0x15, 0xf0,
    0x3, 0xd0, 0x4, 0xf0, 0x5, 0xb0, 0x4, 0xf0,
    0x7, 0x80, 0x4, 0xf0, 0xc, 0x50, 0x4, 0xf0,
    0x3f, 0x21, 0x15, 0xf1, 0xff, 0xff, 0xff, 0xfc,
    0xf0, 0x0, 0x0, 0x4c, 0xf0, 0x0, 0x0, 0x4c,
    0x30, 0x0, 0x0, 0x2,

    /* U+0435 "е" */
    0x1, 0xaf, 0xe9, 0x0, 0xc, 0xb2, 0x3c, 0xa0,
    0x3f, 0x0, 0x2, 0xf0, 0x6f, 0xff, 0xff, 0xf2,
    0x6e, 0x22, 0x22, 0x20, 0x3f, 0x20, 0x2, 0xa0,
    0xc, 0xc3, 0x3c, 0xb0, 0x1, 0xaf, 0xea, 0x10,

    /* U+0436 "ж" */
    0xc, 0xc1, 0xf, 0x40, 0x8f, 0x20, 0x1a, 0x70,
    0xf4, 0x2e, 0x20, 0x0, 0x2e, 0x1f, 0x4a, 0x80,
    0x0, 0x0, 0x7f, 0xfe, 0xd0, 0x0, 0x0, 0x3e,
    0x2f, 0x5b, 0x90, 0x0, 0xc, 0x80, 0xf4, 0x2f,
    0x20, 0x4, 0xf1, 0xf, 0x40, 0xaa, 0x0, 0xc8,
    0x0, 0xf4, 0x3, 0xf2,

    /* U+0437 "з" */
    0x6, 0xef, 0xa0, 0x3f, 0x42, 0xd7, 0x1, 0x0,
    0xc9, 0x0, 0x7f, 0xf2, 0x0, 0x2, 0xc8, 0x57,
    0x0, 0x6e, 0x5f, 0x52, 0xcb, 0x7, 0xef, 0xb2,

    /* U+0438 "и" */
    0x1f, 0x20, 0xb, 0xe1, 0xf2, 0x4, 0xfe, 0x1f,
    0x20, 0xda, 0xe1, 0xf2, 0x6c, 0x5e, 0x1f, 0x3e,
    0x35, 0xe1, 0xfa, 0xa0, 0x5e, 0x1f, 0xf2, 0x5,
    0xe1, 0xf8, 0x0, 0x5e,

    /* U+0439 "й" */
    0x2, 0xe1, 0x1d, 0x40, 0x6, 0xde, 0x80, 0x0,
    0x0, 0x0, 0x1, 0xf2, 0x0, 0xbe, 0x1f, 0x20,
    0x4f, 0xe1, 0xf2, 0xd, 0xae, 0x1f, 0x26, 0xc5,
    0xe1, 0xf3, 0xe3, 0x5e, 0x1f, 0xaa, 0x5, 0xe1,
    0xff, 0x20, 0x5e, 0x1f, 0x80, 0x5, 0xe0,

    /* U+043A "к" */
    0x1f, 0x20, 0xbf, 0x1, 0xf2, 0x4d, 0x10, 0x1f,
    0x2c, 0x50, 0x1, 0xfe, 0xb0, 0x0, 0x1f, 0x3d,
    0x60, 0x1, 0xf2, 0x5f, 0x10, 0x1f, 0x20, 0xd7,
    0x1, 0xf2, 0x5, 0xe0,

    /* U+043B "л" */
    0x7, 0xff, 0xff, 0xf1, 0x7, 0xc1, 0x13, 0xf1,
    0x7, 0xb0, 0x2, 0xf1, 0x7, 0xb0, 0x2, 0xf1,
    0x7, 0xb0, 0x2, 0xf1, 0x7, 0xb0, 0x2, 0xf1,
    0x1a, 0xa0, 0x2, 0xf1, 0xde, 0x40, 0x2, 0xf1,

    /* U+043C "м" */
    0x1f, 0xe0, 0x0, 0x6f, 0xa1, 0xfe, 0x30, 0xb,
    0xea, 0x1f, 0x98, 0x0, 0xf9, 0xa1, 0xf4, 0xd0,
    0x5b, 0x8a, 0x1f, 0x1e, 0x2a, 0x68, 0xa1, 0xf1,
    0x97, 0xe1, 0x8a, 0x1f, 0x14, 0xfc, 0x8, 0xa1,
    0xf1, 0xf, 0x60, 0x8a,

    /* U+043D "н" */
    0x1f, 0x20, 0x6, 0xc1, 0xf2, 0x0, 0x6c, 0x1f,
    0x20, 0x6, 0xc1, 0xff, 0xff, 0xfc, 0x1f, 0x42,
    0x28, 0xc1, 0xf2, 0x0, 0x6c, 0x1f, 0x20, 0x6,
    0xc1, 0xf2, 0x0, 0x6c,

    /* U+043E "о" */
    0x1, 0xae, 0xe9, 0x0, 0xd, 0xb2, 0x3d, 0x90,
    0x4f, 0x10, 0x4, 0xf1, 0x7c, 0x0, 0x0, 0xf3,
    0x7c, 0x0, 0x0, 0xf4, 0x5f, 0x10, 0x4, 0xf1,
    0xd, 0xb2, 0x3d, 0xa0, 0x1, 0xae, 0xe8, 0x0,

    /* U+043F "п" */
    0x1f, 0xff, 0xff, 0xa1, 0xf3, 0x11, 0x9a, 0x1f,
    0x20, 0x9, 0xa1, 0xf2, 0x0, 0x9a, 0x1f, 0x20,
    0x9, 0xa1, 0xf2, 0x0, 0x9a, 0x1f, 0x20, 0x9,
    0xa1, 0xf2, 0x0, 0x9a,

    /* U+0440 "р" */
    0xf, 0x6e, 0xfa, 0x0, 0xf, 0xd3, 0x2c, 0x90,
    0xf, 0x50, 0x3, 0xf0, 0xf, 0x20, 0x0, 0xf3,
    0xf, 0x10, 0x1, 0xf2, 0xf, 0x40, 0x4, 0xf0,
    0xf, 0xd3, 0x3d, 0x80, 0xf, 0x7d, 0xf9, 0x0,
    0xf, 0x30, 0x0, 0x0, 0xf, 0x30, 0x0, 0x0,
    0xf, 0x30, 0x0, 0x0,

    /* U+0441 "с" */
    0x1, 0xbf, 0xe7, 0x0, 0xdb, 0x24, 0xe6, 0x4f,
    0x10, 0x5, 0x56, 0xd0, 0x0, 0x0, 0x6d, 0x0,
    0x0, 0x3, 0xf1, 0x0, 0x7a, 0xc, 0xb2, 0x4e,
    0x60, 0x2b, 0xfe, 0x70,

    /* U+0442 "т" */
    0xcf, 0xff, 0xff, 0x21, 0x17, 0xd1, 0x10, 0x0,
    0x6d, 0x0, 0x0, 0x6, 0xd0, 0x0, 0x0, 0x6d,
    0x0, 0x0, 0x6, 0xd0, 0x0, 0x0, 0x6d, 0x0,
    0x0, 0x6, 0xd0, 0x0,

    /* U+0443 "у" */
    0x9b, 0x0, 0x8, 0xb4, 0xf1, 0x0, 0xd5, 0xe,
    0x60, 0x3f, 0x0, 0x8b, 0x8, 0xa0, 0x3, 0xf1,
    0xe5, 0x0, 0xd, 0x8f, 0x0, 0x0, 0x7f, 0x90,
    0x0, 0x2, 0xf4, 0x0, 0x0, 0x3e, 0x0, 0x1,
    0x5c, 0x80, 0x0, 0x2f, 0xb0, 0x0, 0x0,

    /* U+0444 "ф" */
    0x0, 0x0, 0xd, 0x60, 0x0, 0x0, 0x0, 0x0,
    0xd, 0x60, 0x0, 0x0, 0x0, 0x0, 0xd, 0x60,
    0x0, 0x0, 0x3, 0xdf, 0x9d, 0x9d, 0xf9, 0x0,
    0xd, 0x92, 0x9f, 0xe4, 0x3e, 0x60, 0x4f, 0x0,
    0xf, 0x80, 0x7, 0xd0, 0x6d, 0x0, 0xd, 0x60,
    0x4, 0xf0, 0x6d, 0x0, 0xd, 0x60, 0x4, 0xf0,
    0x4f, 0x0, 0xf, 0x80, 0x7, 0xc0, 0xd, 0x92,
    0x8f, 0xe3, 0x4e, 0x60, 0x2, 0xcf, 0xae, 0x9d,
    0xf8, 0x0, 0x0, 0x0, 0xd, 0x60, 0x0, 0x0,
    0x0, 0x0, 0xd, 0x60, 0x0, 0x0, 0x0, 0x0,
    0xd, 0x60, 0x0, 0x0,

    /* U+0445 "х" */
    0x5f, 0x20, 0x2f, 0x50, 0xbb, 0xb, 0xb0, 0x2,
    0xfa, 0xe1, 0x0, 0x7, 0xf6, 0x0, 0x0, 0xaf,
    0xa0, 0x0, 0x5f, 0x4f, 0x50, 0xe, 0x70, 0x8e,
    0x9, 0xd0, 0x0, 0xd9,

    /* U+0446 "ц" */
    0x1f, 0x20, 0x9, 0xa0, 0x1f, 0x20, 0x9, 0xa0,
    0x1f, 0x20, 0x9, 0xa0, 0x1f, 0x20, 0x9, 0xa0,
    0x1f, 0x20, 0x9, 0xa0, 0x1f, 0x20, 0x9, 0xa0,
    0x1f, 0x31, 0x19, 0xb0, 0x1f, 0xff, 0xff, 0xf7,
    0x0, 0x0, 0x0, 0x97, 0x0, 0x0, 0x0, 0x97,
    0x0, 0x0, 0x0, 0x97,

    /* U+0447 "ч" */
    0x5e, 0x0, 0xb, 0x85, 0xe0, 0x0, 0xb8, 0x5e,
    0x0, 0xb, 0x81, 0xf5, 0x1, 0xc8, 0x6, 0xff,
    0xfe, 0x80, 0x0, 0x10, 0xb8, 0x0, 0x0, 0xb,
    0x80, 0x0, 0x0, 0xb8,

    /* U+0448 "ш" */
    0xf, 0x30, 0xf, 0x30, 0xf, 0x40, 0xf3, 0x0,
    0xf3, 0x0, 0xf4, 0xf, 0x30, 0xf, 0x30, 0xf,
    0x40, 0xf3, 0x0, 0xf3, 0x0, 0xf4, 0xf, 0x30,
    0xf, 0x30, 0xf, 0x40, 0xf3, 0x0, 0xf3, 0x0,
    0xf4, 0xf, 0x41, 0x1f, 0x51, 0x1f, 0x40, 0xff,
    0xff, 0xff, 0xff, 0xf4,

    /* U+0449 "щ" */
    0xf, 0x30, 0xf, 0x30, 0xf, 0x40, 0xf, 0x30,
    0xf, 0x30, 0xf, 0x40, 0xf, 0x30, 0xf, 0x30,
    0xf, 0x40, 0xf, 0x30, 0xf, 0x30, 0xf, 0x40,
    0xf, 0x30, 0xf, 0x30, 0xf, 0x40, 0xf, 0x30,
    0xf, 0x30, 0xf, 0x40, 0xf, 0x41, 0x1f, 0x51,
    0x1f, 0x50, 0xf, 0xff, 0xff, 0xff, 0xff, 0xf1,
    0x0, 0x0, 0x0, 0x0, 0x0, 0xf1, 0x0, 0x0,
    0x0, 0x0, 0x0, 0xf1, 0x0, 0x0, 0x0, 0x0,
    0x0, 0xf1,

    /* U+044A "ъ" */
    0xff, 0xf8, 0x0, 0x0, 0x1, 0x1b, 0x80, 0x0,
    0x0, 0x0, 0xb8, 0x0, 0x0, 0x0, 0xb, 0xff,
    0xeb, 0x30, 0x0, 0xb9, 0x22, 0x9e, 0x0, 0xb,
    0x80, 0x1, 0xf3, 0x0, 0xb9, 0x12, 0x8f, 0x10,
    0xb, 0xff, 0xfd, 0x40,

    /* U+044B "ы" */
    0x1f, 0x20, 0x0, 0x3, 0xf0, 0x1f, 0x20, 0x0,
    0x3, 0xf0, 0x1f, 0x20, 0x0, 0x3, 0xf0, 0x1f,
    0xff, 0xd9, 0x3, 0xf0, 0x1f, 0x42, 0x4c, 0x93,
    0xf0, 0x1f, 0x20, 0x6, 0xd3, 0xf0, 0x1f, 0x31,
    0x3c, 0xa3, 0xf0, 0x1f, 0xff, 0xfb, 0x13, 0xf0,

    /* U+044C "ь" */
    0x1f, 0x20, 0x0, 0x1, 0xf2, 0x0, 0x0, 0x1f,
    0x20, 0x0, 0x1, 0xff, 0xfd, 0x90, 0x1f, 0x42,
    0x4c, 0x91, 0xf2, 0x0, 0x6d, 0x1f, 0x31, 0x3c,
    0xa1, 0xff, 0xff, 0xb1,

    /* U+044D "э" */
    0x6, 0xdf, 0xc3, 0x4, 0xf5, 0x28, 0xe0, 0x24,
    0x0, 0xc, 0x60, 0x2, 0xff, 0xf9, 0x1, 0x2,
    0x2b, 0x98, 0xb0, 0x0, 0xe6, 0x2f, 0x62, 0x9e,
    0x0, 0x4d, 0xfc, 0x30,

    /* U+044E "ю" */
    0x1f, 0x20, 0x2b, 0xfe, 0x70, 0x1f, 0x20, 0xdb,
    0x25, 0xf4, 0x1f, 0x23, 0xf1, 0x0, 0x9b, 0x1f,
    0xff, 0xe0, 0x0, 0x6d, 0x1f, 0x46, 0xf0, 0x0,
    0x6d, 0x1f, 0x21, 0xf2, 0x0, 0x9b, 0x1f, 0x20,
    0xab, 0x25, 0xf4, 0x1f, 0x20, 0x1a, 0xfe, 0x70,

    /* U+044F "я" */
    0x5, 0xdf, 0xff, 0xa1, 0xf6, 0x11, 0x9a, 0x4f,
    0x0, 0x9, 0xa1, 0xf6, 0x0, 0x9a, 0x6, 0xef,
    0xff, 0xa0, 0x2d, 0x92, 0xaa, 0xc, 0xb0, 0x9,
    0xa7, 0xf2, 0x0, 0x9a,

    /* U+0451 "ё" */
    0x0, 0xf3, 0x7c, 0x0, 0x0, 0x81, 0x36, 0x0,
    0x0, 0x0, 0x0, 0x0, 0x1, 0xaf, 0xe9, 0x0,
    0xc, 0xb2, 0x3c, 0xa0, 0x3f, 0x0, 0x2, 0xf0,
    0x6f, 0xff, 0xff, 0xf2, 0x6e, 0x22, 0x22, 0x20,
    0x3f, 0x20, 0x2, 0xa0, 0xc, 0xc3, 0x3c, 0xb0,
    0x1, 0xaf, 0xea, 0x10,

    /* U+0452 "ђ" */
    0x1f, 0x20, 0x0, 0xd, 0xfe, 0xe7, 0x0, 0x1f,
    0x20, 0x0, 0x1, 0xf7, 0xdf, 0xb1, 0x1f, 0xd4,
    0x3d, 0xa1, 0xf5, 0x0, 0x7d, 0x1f, 0x20, 0x6,
    0xd1, 0xf2, 0x0, 0x6d, 0x1f, 0x20, 0x6, 0xd1,
    0xf2, 0x0, 0x6d, 0x1f, 0x20, 0x6, 0xd0, 0x0,
    0x0, 0x6d, 0x0, 0x0, 0x2a, 0xb0, 0x0, 0xc,
    0xe4,

    /* U+0453 "ѓ" */
    0x0, 0xad, 0x0, 0x1, 0xe2, 0x0, 0x0, 0x0,
    0x0, 0x1f, 0xff, 0xf1, 0x1f, 0x31, 0x10, 0x1f,
    0x20, 0x0, 0x1f, 0x20, 0x0, 0x1f, 0x20, 0x0,
    0x1f, 0x20, 0x0, 0x1f, 0x20, 0x0, 0x1f, 0x20,
    0x0,

    /* U+0454 "є" */
    0x2, 0xbf, 0xe8, 0x0, 0xda, 0x24, 0xe6, 0x4e,
    0x0, 0x3, 0x36, 0xff, 0xf5, 0x0, 0x6e, 0x22,
    0x1, 0x14, 0xf1, 0x0, 0x9a, 0xd, 0xb2, 0x4f,
    0x40, 0x2b, 0xfd, 0x60,

    /* U+0455 "ѕ" */
    0x6, 0xef, 0xc4, 0x3, 0xf4, 0x28, 0xf0, 0x5e,
    0x20, 0x4, 0x0, 0xcf, 0xd8, 0x20, 0x0, 0x48,
    0xdf, 0x24, 0x70, 0x0, 0xe6, 0x3f, 0x52, 0x5f,
    0x30, 0x6d, 0xfd, 0x50,

    /* U+0456 "і" */
    0x1f, 0x20, 0x81, 0x0, 0x1, 0xf2, 0x1f, 0x21,
    0xf2, 0x1f, 0x21, 0xf2, 0x1f, 0x21, 0xf2, 0x1f,
    0x20,

    /* U+0457 "ї" */
    0xf5, 0x6d, 0x72, 0x36, 0x0, 0x0, 0xa, 0x90,
    0xa, 0x90, 0xa, 0x90, 0xa, 0x90, 0xa, 0x90,
    0xa, 0x90, 0xa, 0x90, 0xa, 0x90,

    /* U+0458 "ј" */
    0x1, 0xf2, 0x0, 0x81, 0x0, 0x0, 0x1, 0xf2,
    0x1, 0xf2, 0x1, 0xf2, 0x1, 0xf2, 0x1, 0xf2,
    0x1, 0xf2, 0x1, 0xf2, 0x1, 0xf2, 0x1, 0xf2,
    0x16, 0xf0, 0x7f, 0x80,

    /* U+0459 "љ" */
    0x7, 0xff, 0xff, 0xf1, 0x0, 0x0, 0x7, 0xc1,
    0x13, 0xf1, 0x0, 0x0, 0x7, 0xb0, 0x2, 0xf1,
    0x0, 0x0, 0x7, 0xb0, 0x2, 0xff, 0xfd, 0x80,
    0x7, 0xb0, 0x2, 0xf3, 0x24, 0xd8, 0x7, 0xb0,
    0x2, 0xf1, 0x0, 0x8b, 0x1a, 0xa0, 0x2, 0xf2,
    0x24, 0xd8, 0xde, 0x40, 0x2, 0xff, 0xfe, 0xa0,

    /* U+045A "њ" */
    0x1f, 0x20, 0xf, 0x30, 0x0, 0x1, 0xf2, 0x0,
    0xf3, 0x0, 0x0, 0x1f, 0x20, 0xf, 0x30, 0x0,
    0x1, 0xff, 0xff, 0xff, 0xfd, 0x90, 0x1f, 0x42,
    0x2f, 0x42, 0x3c, 0xa1, 0xf2, 0x0, 0xf3, 0x0,
    0x6d, 0x1f, 0x20, 0xf, 0x30, 0x2b, 0xa1, 0xf2,
    0x0, 0xff, 0xff, 0xb1,

    /* U+045B "ћ" */
    0x1f, 0x20, 0x0, 0xd, 0xfe, 0xe7, 0x0, 0x1f,
    0x20, 0x0, 0x1, 0xf7, 0xdf, 0xb1, 0x1f, 0xd4,
    0x3d, 0xa1, 0xf5, 0x0, 0x7d, 0x1f, 0x20, 0x6,
    0xd1, 0xf2, 0x0, 0x6d, 0x1f, 0x20, 0x6, 0xd1,
    0xf2, 0x0, 0x6d, 0x1f, 0x20, 0x6, 0xd0,

    /* U+045C "ќ" */
    0x0, 0xf, 0x70, 0x0, 0x7, 0xb0, 0x0, 0x0,
    0x0, 0x0, 0x1, 0xf2, 0xb, 0xf0, 0x1f, 0x24,
    0xd2, 0x1, 0xf2, 0xc5, 0x0, 0x1f, 0xeb, 0x0,
    0x1, 0xf3, 0xd7, 0x0, 0x1f, 0x25, 0xf1, 0x1,
    0xf2, 0xd, 0x70, 0x1f, 0x20, 0x5e, 0x0,

    /* U+045E "ў" */
    0x9, 0x80, 0x5c, 0x0, 0x1b, 0xec, 0x30, 0x0,
    0x0, 0x0, 0x9, 0xb0, 0x0, 0x8b, 0x4f, 0x10,
    0xd, 0x50, 0xe6, 0x3, 0xf0, 0x8, 0xb0, 0x8a,
    0x0, 0x3f, 0x1e, 0x50, 0x0, 0xd8, 0xf0, 0x0,
    0x7, 0xf9, 0x0, 0x0, 0x2f, 0x40, 0x0, 0x3,
    0xe0, 0x0, 0x15, 0xc8, 0x0, 0x2, 0xfb, 0x0,
    0x0,

    /* U+045F "џ" */
    0x1f, 0x20, 0x9, 0xa1, 0xf2, 0x0, 0x9a, 0x1f,
    0x20, 0x9, 0xa1, 0xf2, 0x0, 0x9a, 0x1f, 0x20,
    0x9, 0xa1, 0xf2, 0x0, 0x9a, 0x1f, 0x41, 0x19,
    0xa1, 0xff, 0xff, 0xfa, 0x0, 0xb, 0x50, 0x0,
    0x0, 0xb5, 0x0, 0x0, 0xb, 0x50, 0x0,

    /* U+0460 "Ѡ" */
    0x0, 0xbb, 0x0, 0x0, 0x1, 0xe5, 0x0, 0x4,
    0xf1, 0x0, 0x0, 0x0, 0x7e, 0x0, 0xb, 0xa0,
    0x0, 0x0, 0x0, 0xf, 0x50, 0xf, 0x60, 0x0,
    0x0, 0x0, 0xb, 0xa0, 0x3f, 0x20, 0x0, 0x63,
    0x0, 0x7, 0xe0, 0x4f, 0x10, 0x0, 0xd8, 0x0,
    0x6, 0xf0, 0x5f, 0x10, 0x0, 0xd8, 0x0, 0x6,
    0xf0, 0x3f, 0x30, 0x0, 0xf9, 0x0, 0x8, 0xe0,
    0xf, 0x80, 0x4, 0xfe, 0x0, 0xd, 0xa0, 0x9,
    0xf6, 0x5e, 0x9d, 0xb4, 0x9f, 0x30, 0x0, 0x8e,
    0xf9, 0x2, 0xcf, 0xd5, 0x0,

    /* U+0461 "ѡ" */
    0xa, 0x80, 0x0, 0x0, 0xd6, 0x1, 0xf3, 0x0,
    0x0, 0x7, 0xc0, 0x5e, 0x0, 0x4f, 0x0, 0x3f,
    0x7, 0xc0, 0x4, 0xf0, 0x1, 0xf3, 0x7c, 0x0,
    0x4f, 0x0, 0xf, 0x25, 0xe0, 0x6, 0xf1, 0x3,
    0xf1, 0xe, 0x72, 0xdb, 0x91, 0xbb, 0x0, 0x4e,
    0xf7, 0xa, 0xfc, 0x10,

    /* U+0462 "Ѣ" */
    0xd, 0x70, 0x0, 0x0, 0x0, 0xd7, 0x0, 0x0,
    0x0, 0xff, 0xff, 0xf9, 0x0, 0x3, 0xe9, 0x33,
    0x20, 0x0, 0xd, 0x70, 0x0, 0x0, 0x0, 0xdf,
    0xff, 0xfd, 0x60, 0xd, 0x93, 0x34, 0x9f, 0x40,
    0xd7, 0x0, 0x0, 0xd9, 0xd, 0x70, 0x0, 0xd,
    0xa0, 0xd9, 0x33, 0x48, 0xf4, 0xd, 0xff, 0xff,
    0xd6, 0x0,

    /* U+0463 "ѣ" */
    0x1, 0xf2, 0x0, 0x0, 0x1, 0xf2, 0x0, 0x0,
    0x1, 0xf2, 0x0, 0x0, 0xd, 0xfe, 0xd6, 0x0,
    0x1, 0xf2, 0x0, 0x0, 0x1, 0xf2, 0x0, 0x0,
    0x1, 0xff, 0xfd, 0x90, 0x1, 0xf4, 0x24, 0xd9,
    0x1, 0xf2, 0x0, 0x7d, 0x1, 0xf3, 0x13, 0xca,
    0x1, 0xff, 0xff, 0xb1,

    /* U+0464 "Ѥ" */
    0xba, 0x0, 0x7, 0xdf, 0xd8, 0x0, 0xba, 0x0,
    0xad, 0x31, 0x3d, 0xb0, 0xba, 0x6, 0xf1, 0x0,
    0x2, 0xf4, 0xba, 0xc, 0x90, 0x0, 0x0, 0x62,
    0xba, 0xf, 0x60, 0x0, 0x0, 0x0, 0xbf, 0xff,
    0xff, 0xff, 0x0, 0x0, 0xbb, 0x3f, 0x83, 0x33,
    0x0, 0x0, 0xba, 0xd, 0x80, 0x0, 0x0, 0x75,
    0xba, 0x8, 0xf1, 0x0, 0x2, 0xf6, 0xba, 0x0,
    0xde, 0x64, 0x6e, 0xc0, 0xba, 0x0, 0x19, 0xef,
    0xd8, 0x0,

    /* U+0465 "ѥ" */
    0xf, 0x30, 0x6d, 0xec, 0x30, 0xf, 0x35, 0xe2,
    0x6, 0xf0, 0xf, 0x3b, 0x80, 0x0, 0x40, 0xf,
    0xff, 0xff, 0xe0, 0x0, 0xf, 0x4d, 0x82, 0x20,
    0x10, 0xf, 0x3a, 0xa0, 0x0, 0xf3, 0xf, 0x33,
    0xf6, 0x29, 0xd0, 0xf, 0x30, 0x5d, 0xfb, 0x20,

    /* U+0466 "Ѧ" */
    0x0, 0x0, 0x5f, 0x60, 0x0, 0x0, 0x0, 0xb,
    0xdc, 0x0, 0x0, 0x0, 0x1, 0xf5, 0xf2, 0x0,
    0x0, 0x0, 0x6e, 0xd, 0x80, 0x0, 0x0, 0xc,
    0x90, 0x8e, 0x0, 0x0, 0x1, 0xf5, 0x3, 0xf4,
    0x0, 0x0, 0x7f, 0xff, 0xff, 0xa0, 0x0, 0xc,
    0xa5, 0xf6, 0x9f, 0x10, 0x2, 0xf4, 0x2f, 0x31,
    0xf6, 0x0, 0x8e, 0x2, 0xf3, 0xb, 0xc0, 0xd,
    0x90, 0x2f, 0x30, 0x5f, 0x20,

    /* U+0467 "ѧ" */
    0x0, 0xa, 0xe0, 0x0, 0x0, 0x1, 0xfe, 0x60,
    0x0, 0x0, 0x8c, 0x6d, 0x0, 0x0, 0xe, 0x60,
    0xf5, 0x0, 0x6, 0xff, 0xff, 0xc0, 0x0, 0xd9,
    0x8d, 0x3f, 0x30, 0x5f, 0x17, 0xc0, 0xaa, 0xc,
    0x90, 0x7c, 0x2, 0xf1,

    /* U+0468 "Ѩ" */
    0xba, 0x0, 0x0, 0x5f, 0x60, 0x0, 0xb, 0xa0,
    0x0, 0xb, 0xdc, 0x0, 0x0, 0xba, 0x0, 0x0,
    0xf5, 0xf2, 0x0, 0xb, 0xa0, 0x0, 0x5e, 0xd,
    0x80, 0x0, 0xba, 0x0, 0xb, 0x90, 0x8e, 0x0,
    0xb, 0xa0, 0x1, 0xf4, 0x4, 0xf4, 0x0, 0xbf,
    0xff, 0xff, 0xff, 0xff, 0xa0, 0xb, 0xb3, 0x3d,
    0xa5, 0xf5, 0x9f, 0x0, 0xba, 0x1, 0xf3, 0x2f,
    0x32, 0xf6, 0xb, 0xa0, 0x7e, 0x2, 0xf3, 0xc,
    0xc0, 0xba, 0xd, 0x80, 0x2f, 0x30, 0x6f, 0x20,

    /* U+0469 "ѩ" */
    0xf, 0x30, 0x0, 0x8f, 0x10, 0x0, 0xf, 0x30,
    0x0, 0xee, 0x80, 0x0, 0xf, 0x30, 0x5, 0xe4,
    0xe0, 0x0, 0xf, 0x30, 0xb, 0x80, 0xe6, 0x0,
    0xf, 0xff, 0xff, 0xff, 0xfd, 0x0, 0xf, 0x42,
    0xba, 0x6e, 0x2f, 0x50, 0xf, 0x32, 0xf2, 0x5e,
    0x8, 0xc0, 0xf, 0x3a, 0xa0, 0x5e, 0x1, 0xf3,

    /* U+046A "Ѫ" */
    0x3f, 0xff, 0xff, 0xff, 0x80, 0xa, 0xf4, 0x44,
    0xbd, 0x0, 0x1, 0xf6, 0x1, 0xf4, 0x0, 0x0,
    0x7e, 0x9, 0xa0, 0x0, 0x0, 0xd, 0x9f, 0x10,
    0x0, 0x0, 0x3e, 0xff, 0x50, 0x0, 0x4, 0xf8,
    0xf9, 0xf6, 0x0, 0x1e, 0x81, 0xf3, 0x5f, 0x20,
    0x7e, 0x1, 0xf3, 0xc, 0x90, 0xc9, 0x1, 0xf3,
    0x7, 0xf0, 0xf7, 0x1, 0xf3, 0x4, 0xf1,

    /* U+046B "ѫ" */
    0x2f, 0xff, 0xff, 0xf7, 0x0, 0x6e, 0x21, 0x9c,
    0x0, 0x0, 0xb9, 0x2f, 0x20, 0x0, 0x3, 0xfd,
    0x90, 0x0, 0x5, 0xfe, 0xfe, 0xa0, 0x2, 0xf5,
    0x6d, 0x1e, 0x70, 0x8c, 0x6, 0xd0, 0x6e, 0xd,
    0x70, 0x6d, 0x1, 0xf3,

    /* U+046C "Ѭ" */
    0xba, 0x6, 0xff, 0xff, 0xff, 0xf6, 0xb, 0xa0,
    0xd, 0xe4, 0x44, 0xcd, 0x0, 0xba, 0x0, 0x4f,
    0x30, 0x2f, 0x40, 0xb, 0xa0, 0x0, 0xcb, 0x9,
    0xb0, 0x0, 0xba, 0x0, 0x4, 0xf4, 0xf2, 0x0,
    0xb, 0xff, 0xff, 0xff, 0xfd, 0x10, 0x0, 0xbb,
    0x33, 0x5f, 0xdf, 0xdd, 0x20, 0xb, 0xa0, 0xe,
    0x93, 0xf2, 0xad, 0x0, 0xba, 0x8, 0xe0, 0x3f,
    0x20, 0xe7, 0xb, 0xa0, 0xe8, 0x3, 0xf2, 0x9,
    0xd0, 0xba, 0xf, 0x50, 0x3f, 0x20, 0x6f, 0x0,

    /* U+046D "ѭ" */
    0xf, 0x31, 0xef, 0xff, 0xff, 0x80, 0xf, 0x30,
    0x3f, 0x31, 0x8c, 0x0, 0xf, 0x30, 0x8, 0xc2,
    0xe2, 0x0, 0xf, 0xff, 0xff, 0xff, 0xc1, 0x0,
    0xf, 0x42, 0x9f, 0xbf, 0xbe, 0x10, 0xf, 0x31,
    0xf4, 0x5e, 0xb, 0xa0, 0xf, 0x37, 0xd0, 0x5e,
    0x3, 0xf1, 0xf, 0x3c, 0x80, 0x5e, 0x0, 0xf5,

    /* U+046E "Ѯ" */
    0x0, 0x55, 0x17, 0x10, 0x0, 0x2e, 0xba, 0x0,
    0x0, 0x4, 0x70, 0x0, 0x0, 0x7d, 0xfb, 0x30,
    0x8, 0xe7, 0x5c, 0xe1, 0xf, 0x50, 0x0, 0xf6,
    0x18, 0x0, 0x0, 0xf5, 0x0, 0x0, 0x19, 0xc0,
    0x0, 0x8, 0xff, 0x80, 0x0, 0x1, 0x47, 0xf8,
    0x0, 0x0, 0x0, 0x9d, 0x0, 0x0, 0x0, 0xab,
    0x1, 0x45, 0x59, 0xf4, 0x1e, 0xff, 0xfc, 0x40,
    0x6f, 0x10, 0x0, 0x0, 0x5f, 0x43, 0x22, 0x10,
    0xa, 0xff, 0xff, 0xa0,

    /* U+046F "ѯ" */
    0xa, 0xa6, 0xe1, 0x0, 0xdf, 0x40, 0x0, 0x1,
    0x0, 0x6, 0xef, 0xa0, 0x3f, 0x42, 0xd7, 0x1,
    0x0, 0xc9, 0x0, 0x7f, 0xf2, 0x0, 0x3, 0xc9,
    0x0, 0x0, 0x6e, 0x0, 0x23, 0xbc, 0x2e, 0xff,
    0xd3, 0x8c, 0x0, 0x0, 0x7d, 0x22, 0x10, 0x1b,
    0xff, 0xf7,

    /* U+0470 "Ѱ" */
    0x5f, 0x0, 0xf, 0x40, 0xb, 0xa5, 0xf0, 0x0,
    0xf4, 0x0, 0xba, 0x5f, 0x0, 0xf, 0x40, 0xb,
    0xa5, 0xf0, 0x0, 0xf4, 0x0, 0xc9, 0x2f, 0x40,
    0xf, 0x40, 0x1f, 0x60, 0xbe, 0x52, 0xf5, 0x3c,
    0xe1, 0x0, 0xaf, 0xff, 0xff, 0xc2, 0x0, 0x0,
    0x3, 0xf6, 0x10, 0x0, 0x0, 0x0, 0xf, 0x40,
    0x0, 0x0, 0x0, 0x0, 0xf4, 0x0, 0x0, 0x0,
    0x0, 0xf, 0x40, 0x0, 0x0,

    /* U+0471 "ѱ" */
    0x1f, 0x20, 0x8b, 0x0, 0xf4, 0x1f, 0x20, 0x8b,
    0x0, 0xf4, 0x1f, 0x20, 0x8b, 0x0, 0xf4, 0x1f,
    0x20, 0x8b, 0x0, 0xf4, 0xf, 0x20, 0x8b, 0x0,
    0xf3, 0xe, 0x50, 0x8b, 0x2, 0xf1, 0x8, 0xe5,
    0x9c, 0x4c, 0xb0, 0x0, 0x7d, 0xff, 0xe9, 0x0,
    0x0, 0x0, 0x8b, 0x0, 0x0, 0x0, 0x0, 0x8b,
    0x0, 0x0, 0x0, 0x0, 0x8b, 0x0, 0x0,

    /* U+0472 "Ѳ" */
    0x0, 0x19, 0xef, 0xd8, 0x0, 0x0, 0x1d, 0xe6,
    0x47, 0xec, 0x0, 0xa, 0xe1, 0x0, 0x1, 0xf8,
    0x1, 0xf6, 0x0, 0x0, 0x8, 0xf0, 0x4f, 0x7e,
    0xe3, 0x0, 0x4f, 0x25, 0xfd, 0x58, 0xf4, 0x3c,
    0xf3, 0x4f, 0x20, 0x7, 0xff, 0xaf, 0x21, 0xf5,
    0x0, 0x2, 0x17, 0xf0, 0xa, 0xd0, 0x0, 0x1,
    0xe8, 0x0, 0x1d, 0xd6, 0x46, 0xec, 0x0, 0x0,
    0x19, 0xef, 0xd8, 0x0, 0x0,

    /* U+0473 "ѳ" */
    0x2, 0xbf, 0xe9, 0x0, 0xd, 0xc3, 0x3d, 0x90,
    0x4f, 0x20, 0x4, 0xf1, 0x6e, 0xac, 0x23, 0xf3,
    0x6e, 0x26, 0xfd, 0xf4, 0x4f, 0x10, 0x4, 0xf1,
    0xc, 0xb2, 0x3d, 0xa0, 0x1, 0xbf, 0xe9, 0x0,

    /* U+0474 "Ѵ" */
    0xba, 0x0, 0x0, 0x3, 0xd6, 0x6f, 0x0, 0x0,
    0xc, 0xb2, 0x1f, 0x50, 0x0, 0x2f, 0x20, 0xa,
    0xa0, 0x0, 0x7c, 0x0, 0x5, 0xf0, 0x0, 0xb7,
    0x0, 0x0, 0xf4, 0x1, 0xf2, 0x0, 0x0, 0xaa,
    0x5, 0xc0, 0x0, 0x0, 0x4e, 0xa, 0x70, 0x0,
    0x0, 0xe, 0x4f, 0x20, 0x0, 0x0, 0x9, 0xdc,
    0x0, 0x0, 0x0, 0x3, 0xf7, 0x0, 0x0,

    /* U+0475 "ѵ" */
    0xaa, 0x0, 0x8, 0xe4, 0xf0, 0x0, 0xf5, 0xe,
    0x40, 0x4e, 0x0, 0x99, 0x9, 0x80, 0x4, 0xe0,
    0xe3, 0x0, 0xe, 0x7e, 0x0, 0x0, 0x9f, 0x90,
    0x0, 0x3, 0xf4, 0x0,

    /* U+0476 "Ѷ" */
    0x0, 0xca, 0x7f, 0x0, 0x0, 0x0, 0x1e, 0x2b,
    0x70, 0x0, 0x0, 0x0, 0x0, 0x0, 0x0, 0xba,
    0x0, 0x0, 0x3, 0xd6, 0x6f, 0x0, 0x0, 0xc,
    0xb2, 0x1f, 0x50, 0x0, 0x2f, 0x20, 0xa, 0xa0,
    0x0, 0x7c, 0x0, 0x5, 0xf0, 0x0, 0xb7, 0x0,
    0x0, 0xf4, 0x1, 0xf2, 0x0, 0x0, 0xaa, 0x5,
    0xc0, 0x0, 0x0, 0x4e, 0xa, 0x70, 0x0, 0x0,
    0xe, 0x4f, 0x20, 0x0, 0x0, 0x9, 0xdc, 0x0,
    0x0, 0x0, 0x3, 0xf7, 0x0, 0x0,

    /* U+0477 "ѷ" */
    0xd, 0x98, 0xe0, 0x0, 0x2e, 0x1c, 0x50, 0x0,
    0x0, 0x0, 0xa, 0xa0, 0x0, 0x8e, 0x4f, 0x0,
    0xf, 0x50, 0xe4, 0x4, 0xe0, 0x9, 0x90, 0x98,
    0x0, 0x4e, 0xe, 0x30, 0x0, 0xe7, 0xe0, 0x0,
    0x9, 0xf9, 0x0, 0x0, 0x3f, 0x40, 0x0,

    /* U+0478 "Ѹ" */
    0x0, 0x19, 0xef, 0xd8, 0x0, 0x0, 0x0, 0x0,
    0x0, 0x1, 0xdd, 0x63, 0x6e, 0xc0, 0x0, 0x0,
    0x0, 0x0, 0xa, 0xd0, 0x0, 0x1, 0xe8, 0x0,
    0x0, 0x0, 0x0, 0x1f, 0x50, 0x0, 0x0, 0x7f,
    0xb, 0x90, 0x0, 0xa9, 0x4f, 0x10, 0x0, 0x0,
    0x4f, 0x26, 0xe0, 0x0, 0xf3, 0x5f, 0x0, 0x0,
    0x0, 0x2f, 0x31, 0xf3, 0x5, 0xd0, 0x4f, 0x20,
    0x0, 0x0, 0x4f, 0x20, 0xb9, 0xa, 0x80, 0x1f,
    0x60, 0x0, 0x0, 0x8f, 0x0, 0x5e, 0xf, 0x20,
    0xa, 0xe0, 0x0, 0x1, 0xf8, 0x0, 0xf, 0x8d,
    0x0, 0x1, 0xdd, 0x53, 0x6e, 0xc0, 0x0, 0xa,
    0xf7, 0x0, 0x0, 0x19, 0xef, 0xd8, 0x0, 0x0,
    0x4, 0xf2, 0x0, 0x0, 0x0, 0x0, 0x0, 0x0,
    0x0, 0x6, 0xc0, 0x0, 0x0, 0x0, 0x0, 0x0,
    0x0, 0x2, 0x5d, 0x60, 0x0, 0x0, 0x0, 0x0,
    0x0, 0x0, 0x4, 0xfa, 0x0, 0x0,

    /* U+0479 "ѹ" */
    0x1, 0xae, 0xe9, 0x0, 0xc8, 0x0, 0xb, 0x80,
    0xdb, 0x23, 0xd9, 0x7, 0xd0, 0x1, 0xf2, 0x4f,
    0x10, 0x4, 0xf1, 0x1f, 0x20, 0x6c, 0x7, 0xc0,
    0x0, 0xf, 0x30, 0xc8, 0xb, 0x70, 0x7c, 0x0,
    0x0, 0xf4, 0x6, 0xd1, 0xf1, 0x5, 0xf1, 0x0,
    0x4f, 0x10, 0x1f, 0x8c, 0x0, 0xd, 0xb2, 0x3d,
    0xa0, 0x0, 0xbf, 0x60, 0x0, 0x1a, 0xee, 0x80,
    0x0, 0x5, 0xf1, 0x0, 0x0, 0x0, 0x0, 0x0,
    0x0, 0x7b, 0x0, 0x0, 0x0, 0x0, 0x0, 0x2,
    0x5e, 0x50, 0x0, 0x0, 0x0, 0x0, 0x0, 0x5f,
    0x90, 0x0, 0x0,

    /* U+047A "Ѻ" */
    0x0, 0x3, 0x9f, 0x83, 0x0, 0x0, 0x9, 0xfc,
    0xfc, 0xf7, 0x0, 0x6, 0xf4, 0x5, 0x6, 0xf5,
    0x0, 0xe8, 0x0, 0x0, 0xa, 0xc0, 0x3f, 0x30,
    0x0, 0x0, 0x5f, 0x15, 0xf1, 0x0, 0x0, 0x2,
    0xf3, 0x5f, 0x10, 0x0, 0x0, 0x2f, 0x32, 0xf3,
    0x0, 0x0, 0x5, 0xf1, 0xe, 0x90, 0x0, 0x0,
    0xac, 0x0, 0x6f, 0x50, 0x60, 0x6f, 0x40, 0x0,
    0x8f, 0xdf, 0xdf, 0x70, 0x0, 0x0, 0x39, 0xf8,
    0x20, 0x0,

    /* U+047B "ѻ" */
    0x0, 0x7e, 0xc6, 0x0, 0xb, 0xda, 0x9e, 0x80,
    0x4f, 0x10, 0x4, 0xf1, 0x6c, 0x0, 0x0, 0xf3,
    0x7c, 0x0, 0x0, 0xf3, 0x4f, 0x10, 0x4, 0xf1,
    0xb, 0xda, 0x9e, 0x80, 0x0, 0x7e, 0xc6, 0x0,

    /* U+047C "Ѽ" */
    0x0, 0x0, 0x0, 0x0, 0x71, 0x0, 0x0, 0x0,
    0x0, 0x6b, 0xaa, 0xc1, 0x0, 0x0, 0x0, 0x0,
    0x44, 0x0, 0x0, 0x0, 0x0, 0x0, 0x0, 0x0,
    0x0, 0x0, 0x0, 0x0, 0x0, 0xbb, 0x0, 0x0,
    0x1, 0xe5, 0x0, 0x4, 0xf1, 0x0, 0x0, 0x0,
    0x7e, 0x0, 0xb, 0xa0, 0x0, 0x0, 0x0, 0xf,
    0x50, 0xf, 0x60, 0x0, 0x0, 0x0, 0xb, 0xa0,
    0x3f, 0x20, 0x0, 0x63, 0x0, 0x7, 0xe0, 0x4f,
    0x10, 0x0, 0xd8, 0x0, 0x6, 0xf0, 0x5f, 0x10,
    0x0, 0xd8, 0x0, 0x6, 0xf0, 0x3f, 0x30, 0x0,
    0xf9, 0x0, 0x8, 0xe0, 0xf, 0x80, 0x4, 0xfe,
    0x0, 0xd, 0xa0, 0x9, 0xf6, 0x5e, 0x9d, 0xb4,
    0x9f, 0x30, 0x0, 0x8e, 0xf9, 0x2, 0xcf, 0xd5,
    0x0,

    /* U+047D "ѽ" */
    0x0, 0x0, 0x0, 0x47, 0x0, 0x0, 0x0, 0xfa,
    0xaa, 0x60, 0x0, 0x0, 0x5, 0x0, 0x0, 0x0,
    0x0, 0x0, 0x0, 0x0, 0x0, 0x0, 0xa, 0x80,
    0x0, 0x0, 0xd6, 0x1, 0xf3, 0x0, 0x0, 0x7,
    0xc0, 0x5e, 0x0, 0x4f, 0x0, 0x3f, 0x7, 0xc0,
    0x4, 0xf0, 0x1, 0xf3, 0x7c, 0x0, 0x4f, 0x0,
    0xf, 0x25, 0xe0, 0x6, 0xf1, 0x3, 0xf1, 0xe,
    0x72, 0xdb, 0x91, 0xbb, 0x0, 0x4e, 0xf7, 0xa,
    0xfc, 0x10,

    /* U+047E "Ѿ" */
    0x0, 0x0, 0x6a, 0xba, 0xb1, 0x0, 0x0, 0x0,
    0x0, 0x31, 0x41, 0x31, 0x0, 0x0, 0x0, 0x0,
    0x0, 0x0, 0x0, 0x0, 0x0, 0x0, 0xbb, 0x0,
    0x0, 0x1, 0xe5, 0x0, 0x4, 0xf1, 0x0, 0x0,
    0x0, 0x7e, 0x0, 0xb, 0xa0, 0x0, 0x0, 0x0,
    0xf, 0x50, 0xf, 0x60, 0x0, 0x0, 0x0, 0xb,
    0xa0, 0x3f, 0x20, 0x0, 0x63, 0x0, 0x7, 0xe0,
    0x4f, 0x10, 0x0, 0xd8, 0x0, 0x6, 0xf0, 0x5f,
    0x10, 0x0, 0xd8, 0x0, 0x6, 0xf0, 0x3f, 0x30,
    0x0, 0xf9, 0x0, 0x8, 0xe0, 0xf, 0x80, 0x4,
    0xfe, 0x0, 0xd, 0xa0, 0x9, 0xf6, 0x5e, 0x9d,
    0xb4, 0x9f, 0x30, 0x0, 0x8e, 0xf9, 0x2, 0xcf,
    0xd5, 0x0,

    /* U+047F "ѿ" */
    0x0, 0xd, 0xad, 0xaa, 0x0, 0x0, 0x0, 0x30,
    0x30, 0x30, 0x0, 0x0, 0x0, 0x0, 0x0, 0x0,
    0x0, 0xa8, 0x0, 0x0, 0xd, 0x60, 0x1f, 0x30,
    0x0, 0x0, 0x7c, 0x5, 0xe0, 0x4, 0xf0, 0x3,
    0xf0, 0x7c, 0x0, 0x4f, 0x0, 0x1f, 0x37, 0xc0,
    0x4, 0xf0, 0x0, 0xf2, 0x5e, 0x0, 0x6f, 0x10,
    0x3f, 0x10, 0xe7, 0x2d, 0xb9, 0x1b, 0xb0, 0x4,
    0xef, 0x70, 0xaf, 0xc1, 0x0,

    /* U+0480 "Ҁ" */
    0x0, 0x19, 0xef, 0xd6, 0x0, 0x1, 0xdc, 0x54,
    0x7f, 0x80, 0xa, 0xd0, 0x0, 0x5, 0xf2, 0xf,
    0x60, 0x0, 0x0, 0x61, 0x3f, 0x30, 0x0, 0x0,
    0x0, 0x4f, 0x10, 0x0, 0x0, 0x0, 0x3f, 0x30,
    0x0, 0x0, 0x0, 0xf, 0x60, 0x0, 0x0, 0x0,
    0xa, 0xd0, 0x0, 0x4, 0xf5, 0x1, 0xec, 0x53,
    0x7f, 0xf5, 0x0, 0x2a, 0xef, 0xd6, 0xd5, 0x0,
    0x0, 0x0, 0x0, 0xd5, 0x0, 0x0, 0x0, 0x0,
    0x62,

    /* U+0481 "ҁ" */
    0x1, 0xbf, 0xe8, 0x0, 0xcb, 0x23, 0xe6, 0x3f,
    0x10, 0x5, 0x56, 0xd0, 0x0, 0x0, 0x6d, 0x0,
    0x0, 0x3, 0xf1, 0x0, 0x13, 0xc, 0xb2, 0x3d,
    0xb0, 0x2b, 0xfe, 0xbb, 0x0, 0x0, 0x4, 0xb0,
    0x0, 0x0, 0x4b,

    /* U+0482 "҂" */
    0x0, 0x0, 0x0, 0x4f, 0x20, 0x0, 0x68, 0xc,
    0xa0, 0x0, 0x3, 0xde, 0xf2, 0x0, 0x0, 0x0,
    0xef, 0x91, 0x0, 0x0, 0x6f, 0x3c, 0xa0, 0x10,
    0xe, 0x80, 0x1, 0x1f, 0x87, 0xe0, 0x0, 0x0,
    0x3d, 0xf9, 0x0, 0x0, 0x0, 0x7f, 0xf9, 0x10,
    0x0, 0x1e, 0x62, 0xb1, 0x0, 0x8, 0xd0, 0x0,
    0x0, 0x0,

    /* U+0483 "҃" */
    0x0, 0x3, 0x5c, 0xaa, 0xb8, 0x80, 0x0, 0x0,

    /* U+0484 "҄" */
    0x0, 0x7b, 0x80, 0x4b, 0x50, 0xc2, 0x50, 0x0,
    0x0,

    /* U+0485 "҅" */
    0x0, 0x0, 0xd, 0xaa, 0xa6, 0x90, 0x0, 0x0,

    /* U+0486 "҆" */
    0x0, 0x0, 0xa, 0xaa, 0xaa, 0x0, 0x0, 0xa0,

    /* U+0490 "Ґ" */
    0x0, 0x3, 0x60, 0x0, 0x6c, 0x0, 0x6, 0xce,
    0xff, 0xfc, 0xe9, 0x44, 0x3e, 0x70, 0x0, 0xe7,
    0x0, 0xe, 0x70, 0x0, 0xe7, 0x0, 0xe, 0x70,
    0x0, 0xe7, 0x0, 0xe, 0x70, 0x0, 0xe7, 0x0,
    0xe, 0x70, 0x0,

    /* U+0491 "ґ" */
    0x0, 0x8, 0x70, 0x0, 0x87, 0x1f, 0xff, 0x71,
    0xf3, 0x10, 0x1f, 0x20, 0x1, 0xf2, 0x0, 0x1f,
    0x20, 0x1, 0xf2, 0x0, 0x1f, 0x20, 0x1, 0xf2,
    0x0,

    /* U+0492 "Ғ" */
    0xe, 0xff, 0xff, 0xf9, 0xe, 0x94, 0x44, 0x42,
    0xe, 0x70, 0x0, 0x0, 0xe, 0x70, 0x0, 0x0,
    0xe, 0x70, 0x0, 0x0, 0xff, 0xff, 0xf9, 0x0,
    0x3e, 0x93, 0x32, 0x0, 0xe, 0x70, 0x0, 0x0,
    0xe, 0x70, 0x0, 0x0, 0xe, 0x70, 0x0, 0x0,
    0xe, 0x70, 0x0, 0x0,

    /* U+0493 "ғ" */
    0x1, 0xff, 0xff, 0x10, 0x1f, 0x31, 0x10, 0x1,
    0xf2, 0x0, 0x0, 0x1f, 0x20, 0x0, 0xe, 0xfe,
    0xe7, 0x0, 0x1f, 0x20, 0x0, 0x1, 0xf2, 0x0,
    0x0, 0x1f, 0x20, 0x0,

    /* U+0494 "Ҕ" */
    0xef, 0xff, 0xff, 0x90, 0xe9, 0x44, 0x44, 0x20,
    0xe7, 0x0, 0x0, 0x0, 0xe7, 0x0, 0x0, 0x0,
    0xe7, 0x0, 0x0, 0x0, 0xeb, 0xbe, 0xfb, 0x20,
    0xed, 0x64, 0x5d, 0xd0, 0xe7, 0x0, 0x1, 0xf5,
    0xe7, 0x0, 0x0, 0xc9, 0xe7, 0x0, 0x0, 0xba,
    0xe7, 0x0, 0x0, 0xca, 0x0, 0x0, 0x0, 0xe7,
    0x0, 0x24, 0x3a, 0xf1, 0x0, 0x7e, 0xfd, 0x30,

    /* U+0495 "ҕ" */
    0x1f, 0xff, 0xff, 0x1, 0xf3, 0x11, 0x10, 0x1f,
    0x20, 0x0, 0x1, 0xf7, 0xdf, 0xb1, 0x1f, 0xd4,
    0x3d, 0xa1, 0xf5, 0x0, 0x7d, 0x1f, 0x20, 0x6,
    0xd1, 0xf2, 0x0, 0x6d, 0x1f, 0x20, 0x6, 0xd1,
    0xf2, 0x0, 0x6d, 0x1f, 0x20, 0x6, 0xd0, 0x0,
    0x0, 0x6d, 0x0, 0x0, 0x2a, 0xb0, 0x0, 0xc,
    0xe4,

    /* U+0496 "Җ" */
    0xdd, 0x40, 0x3, 0xf2, 0x0, 0x5d, 0xc3, 0x9f,
    0x0, 0x3f, 0x20, 0x1f, 0x83, 0x0, 0xe6, 0x3,
    0xf2, 0x7, 0xd0, 0x0, 0x8, 0xc0, 0x3f, 0x20,
    0xe7, 0x0, 0x0, 0x2f, 0x63, 0xf2, 0x7f, 0x10,
    0x0, 0x0, 0x6f, 0xff, 0xff, 0x40, 0x0, 0x0,
    0x3f, 0x95, 0xf4, 0xbe, 0x20, 0x0, 0xd, 0xc0,
    0x3f, 0x20, 0xdc, 0x0, 0x7, 0xf2, 0x3, 0xf2,
    0x4, 0xf6, 0x1, 0xf9, 0x0, 0x3f, 0x20, 0xa,
    0xe0, 0xae, 0x10, 0x3, 0xf2, 0x0, 0x1f, 0x90,
    0x0, 0x0, 0x0, 0x0, 0x0, 0x4d, 0x0, 0x0,
    0x0, 0x0, 0x0, 0x4, 0xd0, 0x0, 0x0, 0x0,
    0x0, 0x0, 0x4d,

    /* U+0497 "җ" */
    0xc, 0xc1, 0xf, 0x40, 0x8f, 0x20, 0x1a, 0x70,
    0xf4, 0x2e, 0x20, 0x0, 0x2e, 0x1f, 0x4a, 0x80,
    0x0, 0x0, 0x7f, 0xfe, 0xd0, 0x0, 0x0, 0x3e,
    0x2f, 0x5b, 0x90, 0x0, 0xc, 0x80, 0xf4, 0x2f,
    0x20, 0x4, 0xf1, 0xf, 0x40, 0xaa, 0x0, 0xc8,
    0x0, 0xf4, 0x3, 0xf2, 0x0, 0x0, 0x0, 0x0,
    0xa, 0x60, 0x0, 0x0, 0x0, 0x0, 0xa6, 0x0,
    0x0, 0x0, 0x0, 0xa, 0x60,

    /* U+0498 "Ҙ" */
    0x0, 0x7d, 0xfb, 0x30, 0x8, 0xe7, 0x5c, 0xe1,
    0xf, 0x50, 0x0, 0xf6, 0x18, 0x0, 0x0, 0xf6,
    0x0, 0x0, 0x19, 0xc0, 0x0, 0x8, 0xff, 0x80,
    0x0, 0x1, 0x48, 0xf8, 0x3, 0x0, 0x0, 0x9d,
    0x4f, 0x30, 0x0, 0xac, 0xb, 0xe5, 0x37, 0xf5,
    0x1, 0x9f, 0xfd, 0x60, 0x0, 0x5, 0xc1, 0x0,
    0x0, 0x0, 0x8a, 0x0, 0x0, 0x2e, 0xe4, 0x0,

    /* U+0499 "ҙ" */
    0x6, 0xef, 0xa0, 0x3f, 0x42, 0xd7, 0x1, 0x0,
    0xc9, 0x0, 0x7f, 0xf2, 0x0, 0x2, 0xc8, 0x56,
    0x0, 0x6e, 0x6f, 0x31, 0xbc, 0x9, 0xff, 0xd2,
    0x0, 0x7b, 0x0, 0x0, 0xb, 0x80, 0x4, 0xed,
    0x30,

    /* U+049A "Қ" */
    0xe7, 0x0, 0x2c, 0xf0, 0xe7, 0x0, 0xdb, 0x40,
    0xe7, 0x3, 0xf1, 0x0, 0xe7, 0xa, 0xb0, 0x0,
    0xe7, 0x4f, 0x40, 0x0, 0xef, 0xf8, 0x0, 0x0,
    0xe8, 0x8f, 0x50, 0x0, 0xe7, 0x9, 0xf1, 0x0,
    0xe7, 0x1, 0xea, 0x0, 0xe7, 0x0, 0x6f, 0x30,
    0xe7, 0x0, 0xc, 0xd0, 0x0, 0x0, 0x0, 0xf2,
    0x0, 0x0, 0x0, 0xf2, 0x0, 0x0, 0x0, 0xf2,

    /* U+049B "қ" */
    0x1f, 0x20, 0xbf, 0x1, 0xf2, 0x4d, 0x10, 0x1f,
    0x2c, 0x50, 0x1, 0xfe, 0xb0, 0x0, 0x1f, 0x3d,
    0x60, 0x1, 0xf2, 0x5f, 0x10, 0x1f, 0x20, 0xd7,
    0x1, 0xf2, 0x5, 0xe0, 0x0, 0x0, 0xc, 0x30,
    0x0, 0x0, 0xc3, 0x0, 0x0, 0xc, 0x30,

    /* U+049C "Ҝ" */
    0xe7, 0x0, 0x2c, 0xf0, 0xe7, 0x0, 0xdb, 0x40,
    0xe7, 0x3, 0xf1, 0x0, 0xe8, 0xca, 0xb0, 0x0,
    0xe8, 0xef, 0x40, 0x0, 0xef, 0xf9, 0x0, 0x0,
    0xe8, 0xff, 0x50, 0x0, 0xe7, 0xa9, 0xf1, 0x0,
    0xe7, 0x1, 0xea, 0x0, 0xe7, 0x0, 0x6f, 0x30,
    0xe7, 0x0, 0xc, 0xd0,

    /* U+049D "ҝ" */
    0x1f, 0x20, 0xaf, 0x1, 0xf2, 0x3d, 0x10, 0x1f,
    0xae, 0x50, 0x1, 0xff, 0xb0, 0x0, 0x1f, 0xaf,
    0x60, 0x1, 0xfa, 0xbf, 0x10, 0x1f, 0x41, 0xd7,
    0x1, 0xf2, 0x5, 0xe0,

    /* U+049E "Ҟ" */
    0xe, 0x70, 0x2, 0xcf, 0x0, 0xe7, 0x0, 0xdb,
    0x40, 0xff, 0xfd, 0x3f, 0x10, 0x3, 0xe9, 0x2a,
    0xb0, 0x0, 0xe, 0x74, 0xf4, 0x0, 0x0, 0xef,
    0xf9, 0x0, 0x0, 0xe, 0x88, 0xf5, 0x0, 0x0,
    0xe7, 0x9, 0xf1, 0x0, 0xe, 0x70, 0x1e, 0xa0,
    0x0, 0xe7, 0x0, 0x6f, 0x30, 0xe, 0x70, 0x0,
    0xcd, 0x0,

    /* U+049F "ҟ" */
    0x1, 0xf2, 0xb, 0xf0, 0xd, 0xfd, 0x7d, 0x10,
    0x1, 0xf2, 0xc5, 0x0, 0x1, 0xfe, 0xb0, 0x0,
    0x1, 0xf3, 0xd6, 0x0, 0x1, 0xf2, 0x5f, 0x10,
    0x1, 0xf2, 0xd, 0x70, 0x1, 0xf2, 0x5, 0xe0,

    /* U+04A0 "Ҡ" */
    0xaf, 0xff, 0xf0, 0x0, 0x7e, 0x92, 0x44, 0x8f,
    0x0, 0x4f, 0x62, 0x0, 0x5, 0xf0, 0xb, 0xa0,
    0x0, 0x0, 0x5f, 0x1, 0xf3, 0x0, 0x0, 0x5,
    0xf0, 0xac, 0x0, 0x0, 0x0, 0x5f, 0xff, 0x20,
    0x0, 0x0, 0x5, 0xf3, 0xdd, 0x0, 0x0, 0x0,
    0x5f, 0x2, 0xf9, 0x0, 0x0, 0x5, 0xf0, 0x7,
    0xf3, 0x0, 0x0, 0x5f, 0x0, 0xd, 0xc0, 0x0,
    0x5, 0xf0, 0x0, 0x4f, 0x60,

    /* U+04A1 "ҡ" */
    0xff, 0xf8, 0x5, 0xf5, 0x11, 0xb8, 0xe, 0x40,
    0x0, 0xb8, 0x6b, 0x0, 0x0, 0xbe, 0xf2, 0x0,
    0x0, 0xb8, 0x8c, 0x0, 0x0, 0xb8, 0xe, 0x60,
    0x0, 0xb8, 0x7, 0xd0, 0x0, 0xb8, 0x0, 0xe5,

    /* U+04A2 "Ң" */
    0xe7, 0x0, 0x0, 0x5f, 0xe, 0x70, 0x0, 0x5,
    0xf0, 0xe7, 0x0, 0x0, 0x5f, 0xe, 0x70, 0x0,
    0x5, 0xf0, 0xe7, 0x0, 0x0, 0x5f, 0xe, 0xff,
    0xff, 0xff, 0xf0, 0xe9, 0x33, 0x33, 0x7f, 0xe,
    0x70, 0x0, 0x5, 0xf0, 0xe7, 0x0, 0x0, 0x5f,
    0xe, 0x70, 0x0, 0x5, 0xf3, 0xe7, 0x0, 0x0,
    0x5f, 0xe0, 0x0, 0x0, 0x0, 0x4e, 0x0, 0x0,
    0x0, 0x4, 0xe0, 0x0, 0x0, 0x0, 0x4e,

    /* U+04A3 "ң" */
    0x1f, 0x20, 0x6, 0xc0, 0x1f, 0x20, 0x6, 0xc0,
    0x1f, 0x20, 0x6, 0xc0, 0x1f, 0xff, 0xff, 0xc0,
    0x1f, 0x42, 0x28, 0xc0, 0x1f, 0x20, 0x6, 0xc0,
    0x1f, 0x20, 0x6, 0xd1, 0x1f, 0x20, 0x6, 0xf9,
    0x0, 0x0, 0x0, 0x69, 0x0, 0x0, 0x0, 0x69,
    0x0, 0x0, 0x0, 0x69,

    /* U+04A4 "Ҥ" */
    0xe7, 0x0, 0x0, 0x5f, 0xff, 0xf5, 0xe7, 0x0,
    0x0, 0x5f, 0x44, 0x41, 0xe7, 0x0, 0x0, 0x5f,
    0x0, 0x0, 0xe7, 0x0, 0x0, 0x5f, 0x0, 0x0,
    0xe7, 0x0, 0x0, 0x5f, 0x0, 0x0, 0xef, 0xff,
    0xff, 0xff, 0x0, 0x0, 0xe9, 0x33, 0x33, 0x7f,
    0x0, 0x0, 0xe7, 0x0, 0x0, 0x5f, 0x0, 0x0,
    0xe7, 0x0, 0x0, 0x5f, 0x0, 0x0, 0xe7, 0x0,
    0x0, 0x5f, 0x0, 0x0, 0xe7, 0x0, 0x0, 0x5f,
    0x0, 0x0,

    /* U+04A5 "ҥ" */
    0x1f, 0x20, 0x6, 0xff, 0xf2, 0x1f, 0x20, 0x6,
    0xd1, 0x10, 0x1f, 0x20, 0x6, 0xc0, 0x0, 0x1f,
    0xff, 0xff, 0xc0, 0x0, 0x1f, 0x42, 0x28, 0xc0,
    0x0, 0x1f, 0x20, 0x6, 0xc0, 0x0, 0x1f, 0x20,
    0x6, 0xc0, 0x0, 0x1f, 0x20, 0x6, 0xc0, 0x0,

    /* U+04A6 "Ҧ" */
    0xef, 0xff, 0xff, 0xff, 0xe, 0x94, 0x44, 0x48,
    0xf0, 0xe7, 0x0, 0x0, 0x5f, 0xe, 0x70, 0x0,
    0x5, 0xf0, 0xe7, 0x0, 0x0, 0x5f, 0xe, 0x70,
    0x0, 0x5, 0xf0, 0xe7, 0x0, 0x0, 0x5f, 0xe,
    0x70, 0x0, 0x5, 0xf0, 0xe7, 0x0, 0x0, 0x5f,
    0xe, 0x70, 0x0, 0x5, 0xf0, 0xe7, 0x0, 0x0,
    0x5f, 0x40, 0x0, 0x0, 0x0, 0xd, 0x0, 0x0,
    0x0, 0x14, 0xc0, 0x0, 0x0, 0x1c, 0xe5,

    /* U+04A7 "ҧ" */
    0x1f, 0xff, 0xff, 0xa0, 0x1f, 0x31, 0x19, 0xa0,
    0x1f, 0x20, 0x9, 0xa0, 0x1f, 0x20, 0x9, 0xa0,
    0x1f, 0x20, 0x9, 0xa0, 0x1f, 0x20, 0x9, 0xa0,
    0x1f, 0x20, 0x9, 0xa0, 0x1f, 0x20, 0x9, 0xc3,
    0x0, 0x0, 0x0, 0x58, 0x0, 0x0, 0x20, 0x97,
    0x0, 0x0, 0x4e, 0xd1,

    /* U+04A8 "Ҩ" */
    0x0, 0x19, 0xef, 0xd7, 0x0, 0x0, 0x1d, 0xe6,
    0x37, 0xfb, 0x0, 0xa, 0xe1, 0x0, 0x3, 0x40,
    0x1, 0xf8, 0x0, 0x1b, 0xfc, 0x20, 0x4f, 0x30,
    0xb, 0xd4, 0xbd, 0x5, 0xf1, 0x3, 0xf4, 0x3,
    0xf2, 0x4f, 0x10, 0x6f, 0x0, 0x2f, 0x21, 0xf3,
    0x8, 0xd0, 0x5, 0xf0, 0xa, 0xa0, 0x7e, 0x0,
    0xb9, 0x0, 0x1d, 0x74, 0xf2, 0x8c, 0x10, 0x0,
    0x18, 0xdf, 0xf8, 0x0, 0x0, 0x0, 0x0, 0x2e,
    0xa2, 0x0, 0x0, 0x0, 0x0, 0x2c, 0xff, 0x0,
    0x0, 0x0, 0x0, 0x1, 0x20,

    /* U+04A9 "ҩ" */
    0x1, 0xbf, 0xe9, 0x10, 0xd, 0x92, 0x3a, 0x60,
    0x4e, 0x0, 0x8d, 0x70, 0x6c, 0x5, 0xe3, 0xf2,
    0x6d, 0x8, 0xb0, 0xf4, 0x4f, 0x38, 0xb5, 0xf1,
    0xd, 0xec, 0xff, 0xa0, 0x2, 0xbf, 0xfa, 0x0,
    0x0, 0x0, 0xbb, 0x0, 0x0, 0x0, 0x1c, 0xf9,
    0x0, 0x0, 0x0, 0x10,

    /* U+04AA "Ҫ" */
    0x0, 0x19, 0xef, 0xd6, 0x0, 0x1, 0xdd, 0x54,
    0x7f, 0x90, 0x9, 0xd0, 0x0, 0x5, 0xf2, 0xf,
    0x60, 0x0, 0x0, 0x51, 0x3f, 0x30, 0x0, 0x0,
    0x0, 0x4f, 0x10, 0x0, 0x0, 0x0, 0x3f, 0x30,
    0x0, 0x0, 0x0, 0xf, 0x60, 0x0, 0x0, 0xb4,
    0xb, 0xd0, 0x0, 0x4, 0xf3, 0x2, 0xfb, 0x42,
    0x6e, 0xa0, 0x0, 0x3c, 0xff, 0xd8, 0x0, 0x0,
    0x0, 0x48, 0x0, 0x0, 0x0, 0x0, 0x5a, 0x1,
    0x0, 0x0, 0x0, 0x1d, 0xe6, 0x0,

    /* U+04AB "ҫ" */
    0x1, 0xbf, 0xe8, 0x0, 0xcb, 0x24, 0xe6, 0x3f,
    0x10, 0x5, 0x56, 0xd0, 0x0, 0x0, 0x6d, 0x0,
    0x0, 0x3, 0xf1, 0x0, 0x6a, 0xd, 0xa1, 0x2e,
    0x60, 0x1b, 0xfe, 0x80, 0x0, 0xc, 0x0, 0x0,
    0x0, 0xd3, 0x10, 0x0, 0x6, 0xfc, 0x10,

    /* U+04AC "Ҭ" */
    0xbf, 0xff, 0xff, 0xff, 0x42, 0x44, 0x9f, 0x44,
    0x41, 0x0, 0x6, 0xe0, 0x0, 0x0, 0x0, 0x6e,
    0x0, 0x0, 0x0, 0x6, 0xe0, 0x0, 0x0, 0x0,
    0x6e, 0x0, 0x0, 0x0, 0x6, 0xe0, 0x0, 0x0,
    0x0, 0x6e, 0x0, 0x0, 0x0, 0x6, 0xe0, 0x0,
    0x0, 0x0, 0x6f, 0x30, 0x0, 0x0, 0x6, 0xfd,
    0x0, 0x0, 0x0, 0x5, 0xd0, 0x0, 0x0, 0x0,
    0x5d, 0x0, 0x0, 0x0, 0x5, 0xd0, 0x0,

    /* U+04AD "ҭ" */
    0xcf, 0xff, 0xff, 0x21, 0x17, 0xd1, 0x10, 0x0,
    0x6d, 0x0, 0x0, 0x6, 0xd0, 0x0, 0x0, 0x6d,
    0x0, 0x0, 0x6, 0xd0, 0x0, 0x0, 0x6d, 0x10,
    0x0, 0x6, 0xfa, 0x0, 0x0, 0x6, 0xa0, 0x0,
    0x0, 0x6a, 0x0, 0x0, 0x6, 0xa0, 0x0,

    /* U+04AE "Ү" */
    0xae, 0x10, 0x0, 0x9, 0xe0, 0x1e, 0x90, 0x0,
    0x3f, 0x40, 0x6, 0xf3, 0x0, 0xca, 0x0, 0x0,
    0xcc, 0x6, 0xf1, 0x0, 0x0, 0x3f, 0x6e, 0x60,
    0x0, 0x0, 0x9, 0xfc, 0x0, 0x0, 0x0, 0x1,
    0xf4, 0x0, 0x0, 0x0, 0x1, 0xf4, 0x0, 0x0,
    0x0, 0x1, 0xf4, 0x0, 0x0, 0x0, 0x1, 0xf4,
    0x0, 0x0, 0x0, 0x1, 0xf4, 0x0, 0x0,

    /* U+04AF "ү" */
    0xaa, 0x0, 0x9, 0xa4, 0xe0, 0x0, 0xe5, 0xe,
    0x40, 0x4f, 0x0, 0x99, 0x9, 0xa0, 0x4, 0xe0,
    0xe4, 0x0, 0xe, 0x7e, 0x0, 0x0, 0x9f, 0x90,
    0x0, 0x4, 0xf4, 0x0, 0x0, 0x1f, 0x10, 0x0,
    0x1, 0xf1, 0x0, 0x0, 0x1f, 0x10, 0x0,

    /* U+04B0 "Ұ" */
    0xae, 0x0, 0x0, 0x9, 0xe0, 0x1f, 0x80, 0x0,
    0x2f, 0x50, 0x7, 0xf2, 0x0, 0xbb, 0x0, 0x0,
    0xda, 0x4, 0xf2, 0x0, 0x0, 0x5f, 0x3d, 0x80,
    0x0, 0x0, 0xb, 0xee, 0x0, 0x0, 0x0, 0x2,
    0xf6, 0x0, 0x0, 0x0, 0x1, 0xf4, 0x0, 0x0,
    0x3, 0xff, 0xff, 0xf6, 0x0, 0x0, 0x34, 0xf7,
    0x31, 0x0, 0x0, 0x1, 0xf4, 0x0, 0x0,

    /* U+04B1 "ұ" */
    0xaa, 0x0, 0x9, 0xa4, 0xe0, 0x0, 0xe5, 0xf,
    0x40, 0x3f, 0x0, 0xa9, 0x9, 0xa0, 0x4, 0xe0,
    0xe4, 0x0, 0xf, 0x7f, 0x0, 0x0, 0xaf, 0xa0,
    0x0, 0x4, 0xf4, 0x0, 0xa, 0xef, 0xea, 0x0,
    0x1, 0xf1, 0x0, 0x0, 0x1f, 0x10, 0x0,

    /* U+04B2 "Ҳ" */
    0x2f, 0x60, 0x0, 0xc, 0xa0, 0x8, 0xf1, 0x0,
    0x8e, 0x0, 0x0, 0xdb, 0x3, 0xf4, 0x0, 0x0,
    0x3f, 0x5d, 0x90, 0x0, 0x0, 0x9, 0xfd, 0x0,
    0x0, 0x0, 0x4, 0xfa, 0x0, 0x0, 0x0, 0xd,
    0xcf, 0x50, 0x0, 0x0, 0x9e, 0xa, 0xe1, 0x0,
    0x4, 0xf4, 0x1, 0xe9, 0x0, 0xd, 0xa0, 0x0,
    0x5f, 0x40, 0x9e, 0x10, 0x0, 0xb, 0xe0, 0x0,
    0x0, 0x0, 0x0, 0xe4, 0x0, 0x0, 0x0, 0x0,
    0xe4, 0x0, 0x0, 0x0, 0x0, 0xe4,

    /* U+04B3 "ҳ" */
    0x6f, 0x20, 0x2f, 0x50, 0xbb, 0xb, 0xb0, 0x2,
    0xfa, 0xe1, 0x0, 0x7, 0xf6, 0x0, 0x0, 0xbf,
    0xa0, 0x0, 0x5f, 0x4f, 0x50, 0xe, 0x70, 0x8e,
    0x9, 0xd0, 0x0, 0xd9, 0x0, 0x0, 0x2, 0xe0,
    0x0, 0x0, 0x2e, 0x0, 0x0, 0x2, 0xe0,

    /* U+04B4 "Ҵ" */
    0xcf, 0xff, 0xff, 0xff, 0x30, 0xe7, 0x3, 0x44,
    0x9e, 0x44, 0x40, 0xe, 0x70, 0x0, 0x7, 0xe0,
    0x0, 0x0, 0xe7, 0x0, 0x0, 0x7e, 0x0, 0x0,
    0xe, 0x70, 0x0, 0x7, 0xe0, 0x0, 0x0, 0xe7,
    0x0, 0x0, 0x7e, 0x0, 0x0, 0xe, 0x70, 0x0,
    0x7, 0xe0, 0x0, 0x0, 0xe7, 0x0, 0x0, 0x7e,
    0x0, 0x0, 0xe, 0x70, 0x0, 0x7, 0xe0, 0x0,
    0x0, 0xe7, 0x0, 0x0, 0x7e, 0x44, 0x44, 0x4e,
    0x91, 0x0, 0x7, 0xff, 0xff, 0xff, 0xff, 0x50,
    0x0, 0x0, 0x0, 0x0, 0x0, 0xd5, 0x0, 0x0,
    0x0, 0x0, 0x0, 0xd, 0x50, 0x0, 0x0, 0x0,
    0x0, 0x0, 0xd5,

    /* U+04B5 "ҵ" */
    0xcf, 0xff, 0xf9, 0x3f, 0x1, 0x1b, 0x91, 0x3,
    0xf0, 0x0, 0xb8, 0x0, 0x3f, 0x0, 0xb, 0x80,
    0x3, 0xf0, 0x0, 0xb8, 0x0, 0x3f, 0x0, 0xb,
    0x80, 0x3, 0xf0, 0x0, 0xb9, 0x11, 0x4f, 0x20,
    0xb, 0xff, 0xff, 0xfd, 0x0, 0x0, 0x0, 0x3,
    0xd0, 0x0, 0x0, 0x0, 0x3d, 0x0, 0x0, 0x0,
    0x3, 0xd0,

    /* U+04B6 "Ҷ" */
    0x3f, 0x20, 0x0, 0xe, 0x70, 0x3f, 0x20, 0x0,
    0xe, 0x70, 0x3f, 0x20, 0x0, 0xe, 0x70, 0x2f,
    0x20, 0x0, 0xe, 0x70, 0x1f, 0x50, 0x0, 0xe,
    0x70, 0xd, 0xd2, 0x3, 0x7f, 0x70, 0x2, 0xdf,
    0xff, 0xbf, 0x70, 0x0, 0x1, 0x20, 0xe, 0x70,
    0x0, 0x0, 0x0, 0xe, 0x70, 0x0, 0x0, 0x0,
    0xe, 0x91, 0x0, 0x0, 0x0, 0xe, 0xf6, 0x0,
    0x0, 0x0, 0x0, 0xc6, 0x0, 0x0, 0x0, 0x0,
    0xc6, 0x0, 0x0, 0x0, 0x0, 0xc6,

    /* U+04B7 "ҷ" */
    0x5e, 0x0, 0xb, 0x80, 0x5e, 0x0, 0xb, 0x80,
    0x5e, 0x0, 0xb, 0x80, 0x1f, 0x50, 0x1c, 0x80,
    0x6, 0xff, 0xfe, 0x80, 0x0, 0x1, 0xb, 0x80,
    0x0, 0x0, 0xb, 0x90, 0x0, 0x0, 0xb, 0xf5,
    0x0, 0x0, 0x0, 0xb5, 0x0, 0x0, 0x0, 0xb5,
    0x0, 0x0, 0x0, 0xb5,

    /* U+04B8 "Ҹ" */
    0x3f, 0x20, 0x0, 0xe, 0x73, 0xf2, 0x0, 0x0,
    0xe7, 0x3f, 0x20, 0x0, 0xe, 0x72, 0xf2, 0x0,
    0x0, 0xe7, 0x1f, 0x50, 0xb0, 0xe, 0x70, 0xdd,
    0x2c, 0x37, 0xf7, 0x2, 0xdf, 0xff, 0xbf, 0x70,
    0x0, 0x1d, 0x0, 0xe7, 0x0, 0x0, 0xc0, 0xe,
    0x70, 0x0, 0x0, 0x0, 0xe7, 0x0, 0x0, 0x0,
    0xe, 0x70,

    /* U+04B9 "ҹ" */
    0x5e, 0x0, 0xb, 0x85, 0xe0, 0x0, 0xb8, 0x5e,
    0xb, 0xb, 0x82, 0xf6, 0xd1, 0xc8, 0x6, 0xff,
    0xff, 0x80, 0x0, 0xd0, 0xb8, 0x0, 0xd, 0xb,
    0x80, 0x0, 0x0, 0xb8,

    /* U+04BA "Һ" */
    0xd7, 0x0, 0x0, 0x0, 0xd7, 0x0, 0x0, 0x0,
    0xd7, 0x0, 0x0, 0x0, 0xd7, 0x0, 0x0, 0x0,
    0xda, 0xae, 0xfd, 0x60, 0xde, 0x84, 0x38, 0xf5,
    0xd7, 0x0, 0x0, 0xca, 0xd7, 0x0, 0x0, 0x9c,
    0xd7, 0x0, 0x0, 0x8c, 0xd7, 0x0, 0x0, 0x8c,
    0xd7, 0x0, 0x0, 0x8c,

    /* U+04BB "һ" */
    0x1f, 0x20, 0x0, 0x1, 0xf2, 0x0, 0x0, 0x1f,
    0x20, 0x0, 0x1, 0xf7, 0xdf, 0xb1, 0x1f, 0xe4,
    0x3d, 0xa1, 0xf5, 0x0, 0x7d, 0x1f, 0x30, 0x6,
    0xd1, 0xf2, 0x0, 0x6d, 0x1f, 0x20, 0x6, 0xd1,
    0xf2, 0x0, 0x6d, 0x1f, 0x20, 0x6, 0xd0,

    /* U+04BC "Ҽ" */
    0x0, 0x0, 0x6d, 0xfe, 0x90, 0x0, 0x0, 0x9f,
    0x74, 0x6e, 0xc0, 0x0, 0x3f, 0x40, 0x0, 0x2f,
    0x5d, 0x39, 0xd0, 0x0, 0x0, 0xab, 0xd6, 0xca,
    0x0, 0x0, 0x7, 0xe6, 0xff, 0xff, 0xff, 0xff,
    0xff, 0x0, 0xda, 0x33, 0x33, 0x33, 0x30, 0xa,
    0xc0, 0x0, 0x0, 0x57, 0x0, 0x5f, 0x40, 0x0,
    0xd, 0x90, 0x0, 0xaf, 0x74, 0x5c, 0xe1, 0x0,
    0x0, 0x7d, 0xfe, 0xa1, 0x0,

    /* U+04BD "ҽ" */
    0x0, 0x5, 0xdf, 0xd4, 0x9, 0x14, 0xf5, 0x26,
    0xf1, 0xd4, 0xb8, 0x0, 0xb, 0x86, 0xff, 0xff,
    0xff, 0xfa, 0x0, 0xe7, 0x22, 0x22, 0x10, 0xb,
    0xa0, 0x0, 0x85, 0x0, 0x3f, 0x62, 0x6f, 0x30,
    0x0, 0x5d, 0xfd, 0x50,

    /* U+04BE "Ҿ" */
    0x0, 0x0, 0x6d, 0xfe, 0x90, 0x0, 0x0, 0x9f,
    0x74, 0x6e, 0xc0, 0x0, 0x3f, 0x40, 0x0, 0x2f,
    0x5d, 0x39, 0xd0, 0x0, 0x0, 0xab, 0xd6, 0xca,
    0x0, 0x0, 0x7, 0xe6, 0xff, 0xff, 0xff, 0xff,
    0xff, 0x0, 0xda, 0x33, 0x33, 0x33, 0x30, 0xa,
    0xc0, 0x0, 0x0, 0x57, 0x0, 0x4f, 0x30, 0x0,
    0xd, 0xa0, 0x0, 0xbf, 0x63, 0x4c, 0xf2, 0x0,
    0x0, 0x8e, 0xfe, 0xb2, 0x0, 0x0, 0x0, 0xc,
    0x0, 0x0, 0x0, 0x0, 0x0, 0xe1, 0x20, 0x0,
    0x0, 0x0, 0x8, 0xfb, 0x0,

    /* U+04BF "ҿ" */
    0x0, 0x5, 0xdf, 0xd4, 0x9, 0x14, 0xf5, 0x26,
    0xf1, 0xd4, 0xb8, 0x0, 0xb, 0x86, 0xff, 0xff,
    0xff, 0xfa, 0x0, 0xe7, 0x22, 0x22, 0x10, 0xb,
    0x90, 0x0, 0x85, 0x0, 0x4f, 0x51, 0x5f, 0x30,
    0x0, 0x7e, 0xfd, 0x50, 0x0, 0x0, 0xc, 0x0,
    0x0, 0x0, 0x0, 0xf1, 0x20, 0x0, 0x0, 0x8,
    0xfb, 0x0,

    /* U+04C0 "Ӏ" */
    0xba, 0xba, 0xba, 0xba, 0xba, 0xba, 0xba, 0xba,
    0xba, 0xba, 0xba,

    /* U+04C1 "Ӂ" */
    0x0, 0x0, 0x70, 0x2, 0x50, 0x0, 0x0, 0x0,
    0xb, 0x60, 0xa6, 0x0, 0x0, 0x0, 0x0, 0x2c,
    0xea, 0x0, 0x0, 0xd, 0xd4, 0x0, 0x3f, 0x20,
    0x5, 0xdc, 0x39, 0xf0, 0x3, 0xf2, 0x1, 0xf8,
    0x30, 0xe, 0x60, 0x3f, 0x20, 0x7d, 0x0, 0x0,
    0x8c, 0x3, 0xf2, 0xe, 0x70, 0x0, 0x2, 0xf6,
    0x3f, 0x27, 0xf1, 0x0, 0x0, 0x6, 0xff, 0xff,
    0xf5, 0x0, 0x0, 0x3, 0xf9, 0x5f, 0x4b, 0xe2,
    0x0, 0x0, 0xdc, 0x3, 0xf2, 0xd, 0xc0, 0x0,
    0x7f, 0x20, 0x3f, 0x20, 0x4f, 0x60, 0x1f, 0x90,
    0x3, 0xf2, 0x0, 0xae, 0x1a, 0xe1, 0x0, 0x3f,
    0x20, 0x1, 0xf9,

    /* U+04C2 "ӂ" */
    0x0, 0x9, 0x90, 0x5d, 0x0, 0x0, 0x0, 0x1b,
    0xec, 0x30, 0x0, 0x0, 0x0, 0x0, 0x0, 0x0,
    0x0, 0xcc, 0x10, 0xf4, 0x8, 0xf2, 0x1, 0xa7,
    0xf, 0x42, 0xe2, 0x0, 0x2, 0xe1, 0xf4, 0xa8,
    0x0, 0x0, 0x7, 0xff, 0xed, 0x0, 0x0, 0x3,
    0xe2, 0xf5, 0xb9, 0x0, 0x0, 0xc8, 0xf, 0x42,
    0xf2, 0x0, 0x4f, 0x10, 0xf4, 0xa, 0xa0, 0xc,
    0x80, 0xf, 0x40, 0x3f, 0x20,

    /* U+04C3 "Ӄ" */
    0xe7, 0x0, 0x2c, 0xf0, 0xe7, 0x0, 0xdb, 0x40,
    0xe7, 0x3, 0xf1, 0x0, 0xe7, 0xa, 0xb0, 0x0,
    0xe7, 0x4f, 0x40, 0x0, 0xef, 0xf8, 0x0, 0x0,
    0xe8, 0x8f, 0x50, 0x0, 0xe7, 0x9, 0xf1, 0x0,
    0xe7, 0x1, 0xea, 0x0, 0xe7, 0x0, 0x6f, 0x40,
    0xe7, 0x0, 0xc, 0xd0, 0x0, 0x0, 0x0, 0xc2,
    0x0, 0x0, 0x21, 0xe1, 0x0, 0x0, 0xaf, 0x90,

    /* U+04C4 "ӄ" */
    0x1f, 0x20, 0xaf, 0x1, 0xf2, 0x4d, 0x10, 0x1f,
    0x2c, 0x50, 0x1, 0xfe, 0xb0, 0x0, 0x1f, 0x3d,
    0x70, 0x1, 0xf2, 0x5f, 0x10, 0x1f, 0x20, 0xd7,
    0x1, 0xf2, 0x5, 0xe0, 0x0, 0x0, 0xa, 0x30,
    0x0, 0x21, 0xd2, 0x0, 0x8, 0xea, 0x0,

    /* U+04C7 "Ӈ" */
    0xe7, 0x0, 0x0, 0x5f, 0xe, 0x70, 0x0, 0x5,
    0xf0, 0xe7, 0x0, 0x0, 0x5f, 0xe, 0x70, 0x0,
    0x5, 0xf0, 0xe7, 0x0, 0x0, 0x5f, 0xe, 0xff,
    0xff, 0xff, 0xf0, 0xe9, 0x33, 0x33, 0x7f, 0xe,
    0x70, 0x0, 0x5, 0xf0, 0xe7, 0x0, 0x0, 0x5f,
    0xe, 0x70, 0x0, 0x5, 0xf0, 0xe7, 0x0, 0x0,
    0x5f, 0x40, 0x0, 0x0, 0x0, 0xd, 0x0, 0x0,
    0x0, 0x14, 0xc0, 0x0, 0x0, 0x1c, 0xe5,

    /* U+04C8 "ӈ" */
    0x1f, 0x20, 0x6, 0xc0, 0x1f, 0x20, 0x6, 0xc0,
    0x1f, 0x20, 0x6, 0xc0, 0x1f, 0xff, 0xff, 0xc0,
    0x1f, 0x42, 0x28, 0xc0, 0x1f, 0x20, 0x6, 0xc0,
    0x1f, 0x20, 0x6, 0xc0, 0x1f, 0x20, 0x6, 0xe4,
    0x0, 0x0, 0x0, 0x3a, 0x0, 0x0, 0x11, 0x79,
    0x0, 0x0, 0x3d, 0xe3,

    /* U+04CB "Ӌ" */
    0x3f, 0x20, 0x0, 0xe, 0x73, 0xf2, 0x0, 0x0,
    0xe7, 0x3f, 0x20, 0x0, 0xe, 0x72, 0xf2, 0x0,
    0x0, 0xe7, 0x1f, 0x50, 0x0, 0xe, 0x70, 0xdd,
    0x20, 0x37, 0xf7, 0x2, 0xdf, 0xff, 0xbf, 0x70,
    0x0, 0x12, 0x0, 0xe7, 0x0, 0x0, 0x0, 0xe,
    0x70, 0x0, 0x0, 0x3, 0xe7, 0x0, 0x0, 0x0,
    0xcf, 0x70, 0x0, 0x0, 0xc, 0x60, 0x0, 0x0,
    0x0, 0xc6, 0x0, 0x0, 0x0, 0xc, 0x60,

    /* U+04CC "ӌ" */
    0x5e, 0x0, 0xb, 0x85, 0xe0, 0x0, 0xb8, 0x5e,
    0x0, 0xb, 0x81, 0xf5, 0x1, 0xc8, 0x6, 0xff,
    0xfe, 0x80, 0x0, 0x10, 0xb8, 0x0, 0x0, 0xb,
    0x80, 0x0, 0x8, 0xf8, 0x0, 0x0, 0x88, 0x0,
    0x0, 0x8, 0x80, 0x0, 0x0, 0x88, 0x0,

    /* U+04D0 "Ӑ" */
    0x0, 0x6, 0x0, 0x15, 0x0, 0x0, 0x0, 0xa7,
    0x9, 0x80, 0x0, 0x0, 0x1, 0xbe, 0xa0, 0x0,
    0x0, 0x0, 0x5, 0xf6, 0x0, 0x0, 0x0, 0x0,
    0xbd, 0xc0, 0x0, 0x0, 0x0, 0x1f, 0x5f, 0x20,
    0x0, 0x0, 0x6, 0xe0, 0xd8, 0x0, 0x0, 0x0,
    0xca, 0x8, 0xe0, 0x0, 0x0, 0x1f, 0x50, 0x3f,
    0x40, 0x0, 0x7, 0xf0, 0x0, 0xea, 0x0, 0x0,
    0xcf, 0xff, 0xff, 0xf1, 0x0, 0x2f, 0x62, 0x22,
    0x4f, 0x60, 0x8, 0xe0, 0x0, 0x0, 0xcc, 0x0,
    0xd9, 0x0, 0x0, 0x5, 0xf2,

    /* U+04D1 "ӑ" */
    0x6, 0xb0, 0x2e, 0x0, 0x0, 0x9e, 0xd5, 0x0,
    0x0, 0x0, 0x0, 0x0, 0x2, 0xbf, 0xfb, 0x20,
    0xe, 0x92, 0x3c, 0xa0, 0x18, 0x0, 0x6, 0xc0,
    0x0, 0x58, 0xbe, 0xd0, 0x1d, 0xd9, 0x68, 0xd0,
    0x6e, 0x0, 0x8, 0xd0, 0x5f, 0x10, 0x3f, 0xd0,
    0x9, 0xed, 0xa5, 0xf1,

    /* U+04D2 "Ӓ" */
    0x0, 0x6, 0xd0, 0xe6, 0x0, 0x0, 0x0, 0x37,
    0x7, 0x30, 0x0, 0x0, 0x0, 0x5f, 0x70, 0x0,
    0x0, 0x0, 0xb, 0xdd, 0x0, 0x0, 0x0, 0x1,
    0xf5, 0xf3, 0x0, 0x0, 0x0, 0x6f, 0xd, 0x90,
    0x0, 0x0, 0xb, 0xa0, 0x8e, 0x0, 0x0, 0x1,
    0xf5, 0x3, 0xf4, 0x0, 0x0, 0x7f, 0x10, 0xe,
    0xa0, 0x0, 0xc, 0xff, 0xff, 0xff, 0x10, 0x2,
    0xf7, 0x22, 0x24, 0xf6, 0x0, 0x7f, 0x0, 0x0,
    0xc, 0xc0, 0xd, 0x90, 0x0, 0x0, 0x5f, 0x20,

    /* U+04D3 "ӓ" */
    0x1, 0xf2, 0x9b, 0x0, 0x0, 0x81, 0x45, 0x0,
    0x0, 0x0, 0x0, 0x0, 0x2, 0xbf, 0xfb, 0x20,
    0xe, 0x92, 0x3c, 0xa0, 0x18, 0x0, 0x6, 0xc0,
    0x0, 0x58, 0xbe, 0xd0, 0x1d, 0xd9, 0x68, 0xd0,
    0x6e, 0x0, 0x8, 0xd0, 0x5f, 0x10, 0x3f, 0xd0,
    0x9, 0xed, 0xa5, 0xf1,

    /* U+04D4 "Ӕ" */
    0x0, 0x0, 0x6f, 0xff, 0xff, 0xff, 0xf0, 0x0,
    0x0, 0xda, 0x8f, 0x44, 0x44, 0x40, 0x0, 0x4,
    0xf3, 0x5f, 0x0, 0x0, 0x0, 0x0, 0xb, 0xc0,
    0x5f, 0x0, 0x0, 0x0, 0x0, 0x2f, 0x60, 0x5f,
    0x0, 0x0, 0x0, 0x0, 0x9e, 0x0, 0x5f, 0xff,
    0xff, 0xb0, 0x1, 0xf9, 0x0, 0x5f, 0x33, 0x33,
    0x20, 0x7, 0xff, 0xff, 0xff, 0x0, 0x0, 0x0,
    0xe, 0xb3, 0x33, 0x7f, 0x0, 0x0, 0x0, 0x5f,
    0x20, 0x0, 0x5f, 0x44, 0x44, 0x40, 0xca, 0x0,
    0x0, 0x5f, 0xff, 0xff, 0xf3,

    /* U+04D5 "ӕ" */
    0x3, 0xcf, 0xfa, 0x3c, 0xfd, 0x60, 0xf, 0x72,
    0x3d, 0xf7, 0x24, 0xe4, 0x15, 0x0, 0xa, 0xc0,
    0x0, 0x7b, 0x2, 0x9c, 0xff, 0xff, 0xff, 0xfd,
    0x2f, 0x94, 0x19, 0xb2, 0x22, 0x21, 0x7d, 0x0,
    0xc, 0xd0, 0x0, 0x78, 0x5f, 0x42, 0x8d, 0xe9,
    0x25, 0xf5, 0x9, 0xee, 0x91, 0x2c, 0xfe, 0x60,

    /* U+04D6 "Ӗ" */
    0x3, 0x30, 0x6, 0x0, 0x4, 0xc0, 0x3e, 0x0,
    0x0, 0x8d, 0xd3, 0x0, 0xef, 0xff, 0xff, 0xf5,
    0xe9, 0x44, 0x44, 0x41, 0xe7, 0x0, 0x0, 0x0,
    0xe7, 0x0, 0x0, 0x0, 0xe7, 0x0, 0x0, 0x0,
    0xef, 0xff, 0xff, 0xf0, 0xe8, 0x33, 0x33, 0x30,
    0xe7, 0x0, 0x0, 0x0, 0xe7, 0x0, 0x0, 0x0,
    0xe9, 0x44, 0x44, 0x42, 0xef, 0xff, 0xff, 0xf9,

    /* U+04D7 "ӗ" */
    0x4, 0xc0, 0x2e, 0x10, 0x0, 0x9e, 0xd6, 0x0,
    0x0, 0x0, 0x0, 0x0, 0x1, 0xaf, 0xe9, 0x0,
    0xc, 0xb2, 0x3c, 0xa0, 0x3f, 0x0, 0x2, 0xf0,
    0x6f, 0xff, 0xff, 0xf2, 0x6e, 0x22, 0x22, 0x20,
    0x3f, 0x20, 0x2, 0xa0, 0xc, 0xc3, 0x3c, 0xb0,
    0x1, 0xaf, 0xea, 0x10,

    /* U+04D8 "Ә" */
    0x0, 0x4c, 0xfe, 0xa2, 0x0, 0x5, 0xf9, 0x45,
    0xbf, 0x30, 0xe, 0x80, 0x0, 0xb, 0xc0, 0x2b,
    0x10, 0x0, 0x3, 0xf2, 0x0, 0x0, 0x0, 0x0,
    0xf5, 0x5f, 0xff, 0xff, 0xff, 0xf7, 0x4f, 0x33,
    0x33, 0x33, 0xf6, 0x2f, 0x30, 0x0, 0x3, 0xf3,
    0xc, 0xa0, 0x0, 0xa, 0xd0, 0x3, 0xfa, 0x45,
    0xaf, 0x40, 0x0, 0x3c, 0xff, 0xb3, 0x0,

    /* U+04D9 "ә" */
    0x2, 0xbf, 0xe9, 0x0, 0xd, 0xa2, 0x4e, 0x90,
    0x3c, 0x0, 0x6, 0xf0, 0x0, 0x0, 0x1, 0xf2,
    0x6f, 0xff, 0xff, 0xf2, 0x4f, 0x22, 0x25, 0xf0,
    0xd, 0x92, 0x3c, 0x80, 0x1, 0xbe, 0xe8, 0x0,

    /* U+04DA "Ӛ" */
    0x0, 0xf, 0x38, 0xb0, 0x0, 0x0, 0x8, 0x14,
    0x60, 0x0, 0x0, 0x4c, 0xfe, 0xa2, 0x0, 0x5,
    0xf9, 0x45, 0xbf, 0x30, 0xe, 0x80, 0x0, 0xb,
    0xc0, 0x2b, 0x10, 0x0, 0x3, 0xf2, 0x0, 0x0,
    0x0, 0x0, 0xf5, 0x5f, 0xff, 0xff, 0xff, 0xf7,
    0x4f, 0x33, 0x33, 0x33, 0xf6, 0x2f, 0x30, 0x0,
    0x3, 0xf3, 0xc, 0xa0, 0x0, 0xa, 0xd0, 0x3,
    0xfa, 0x45, 0xaf, 0x40, 0x0, 0x3c, 0xff, 0xb3,
    0x0,

    /* U+04DB "ӛ" */
    0x2, 0xf2, 0x9a, 0x0, 0x1, 0x81, 0x55, 0x0,
    0x0, 0x0, 0x0, 0x0, 0x2, 0xbf, 0xe9, 0x0,
    0xd, 0xa2, 0x4e, 0x90, 0x3c, 0x0, 0x6, 0xf0,
    0x0, 0x0, 0x1, 0xf2, 0x6f, 0xff, 0xff, 0xf2,
    0x4f, 0x22, 0x25, 0xf0, 0xd, 0x92, 0x3c, 0x80,
    0x1, 0xbe, 0xe8, 0x0,

    /* U+04DC "Ӝ" */
    0x0, 0x0, 0x7c, 0xf, 0x50, 0x0, 0x0, 0x0,
    0x3, 0x60, 0x72, 0x0, 0x0, 0xdd, 0x40, 0x3,
    0xf2, 0x0, 0x5d, 0xc3, 0x9f, 0x0, 0x3f, 0x20,
    0x1f, 0x83, 0x0, 0xe6, 0x3, 0xf2, 0x7, 0xd0,
    0x0, 0x8, 0xc0, 0x3f, 0x20, 0xe7, 0x0, 0x0,
    0x2f, 0x63, 0xf2, 0x7f, 0x10, 0x0, 0x0, 0x6f,
    0xff, 0xff, 0x50, 0x0, 0x0, 0x3f, 0x95, 0xf4,
    0xbe, 0x20, 0x0, 0xd, 0xc0, 0x3f, 0x20, 0xdc,
    0x0, 0x7, 0xf2, 0x3, 0xf2, 0x4, 0xf6, 0x1,
    0xf9, 0x0, 0x3f, 0x20, 0xa, 0xe1, 0xae, 0x10,
    0x3, 0xf2, 0x0, 0x1f, 0x90,

    /* U+04DD "ӝ" */
    0x0, 0x4, 0xf0, 0xb8, 0x0, 0x0, 0x0, 0x28,
    0x6, 0x40, 0x0, 0x0, 0x0, 0x0, 0x0, 0x0,
    0x0, 0xcc, 0x10, 0xf4, 0x8, 0xf2, 0x1, 0xa7,
    0xf, 0x42, 0xe2, 0x0, 0x2, 0xe1, 0xf4, 0xa8,
    0x0, 0x0, 0x7, 0xff, 0xed, 0x0, 0x0, 0x3,
    0xe2, 0xf5, 0xb9, 0x0, 0x0, 0xc8, 0xf, 0x42,
    0xf2, 0x0, 0x4f, 0x10, 0xf4, 0xa, 0xa0, 0xc,
    0x80, 0xf, 0x40, 0x3f, 0x20,

    /* U+04DE "Ӟ" */
    0x0, 0xb8, 0x3f, 0x10, 0x0, 0x64, 0x18, 0x0,
    0x0, 0x7d, 0xfb, 0x30, 0x8, 0xe7, 0x5c, 0xe1,
    0xf, 0x50, 0x0, 0xf6, 0x18, 0x0, 0x0, 0xf5,
    0x0, 0x0, 0x19, 0xc0, 0x0, 0x8, 0xff, 0x80,
    0x0, 0x1, 0x48, 0xf8, 0x3, 0x0, 0x0, 0x9d,
    0x3f, 0x30, 0x0, 0xab, 0xb, 0xe6, 0x48, 0xf4,
    0x0, 0x8e, 0xfc, 0x40,

    /* U+04DF "ӟ" */
    0xc, 0x73, 0xf0, 0x6, 0x31, 0x80, 0x0, 0x0,
    0x0, 0x6, 0xef, 0xa0, 0x3f, 0x42, 0xd7, 0x1,
    0x0, 0xc9, 0x0, 0x7f, 0xf2, 0x0, 0x2, 0xc8,
    0x57, 0x0, 0x6e, 0x5f, 0x52, 0xcb, 0x7, 0xef,
    0xb2,

    /* U+04E0 "Ӡ" */
    0xe, 0xff, 0xff, 0xf7, 0x3, 0x44, 0x5e, 0xc1,
    0x0, 0x1, 0xcc, 0x0, 0x0, 0x2d, 0xb0, 0x0,
    0x0, 0x6f, 0xea, 0x20, 0x0, 0x2, 0x5b, 0xf3,
    0x0, 0x0, 0x0, 0xcb, 0x16, 0x0, 0x0, 0x8d,
    0x2f, 0x40, 0x0, 0xbb, 0xa, 0xe7, 0x49, 0xf4,
    0x0, 0x8e, 0xfc, 0x50,

    /* U+04E1 "ӡ" */
    0x5f, 0xff, 0xfd, 0x0, 0x11, 0x4e, 0x50, 0x0,
    0x2e, 0x50, 0x0, 0x2e, 0x50, 0x0, 0x9, 0xfe,
    0x80, 0x0, 0x1, 0x5e, 0xb0, 0x0, 0x0, 0x2f,
    0x30, 0x0, 0x0, 0xe5, 0x46, 0x0, 0xf, 0x45,
    0xf5, 0x29, 0xd0, 0x8, 0xef, 0xb2, 0x0,

    /* U+04E2 "Ӣ" */
    0x0, 0xff, 0xff, 0x30, 0x0, 0x22, 0x22, 0x0,
    0xe5, 0x0, 0x0, 0xaf, 0xe5, 0x0, 0x3, 0xff,
    0xe5, 0x0, 0xd, 0xcf, 0xe5, 0x0, 0x6e, 0x4f,
    0xe5, 0x1, 0xf5, 0x3f, 0xe5, 0xa, 0xb0, 0x3f,
    0xe5, 0x3f, 0x20, 0x3f, 0xe5, 0xd8, 0x0, 0x3f,
    0xec, 0xe0, 0x0, 0x3f, 0xef, 0x50, 0x0, 0x3f,
    0xec, 0x0, 0x0, 0x3f,

    /* U+04E3 "ӣ" */
    0x3, 0xff, 0xff, 0x10, 0x1, 0x11, 0x10, 0x0,
    0x0, 0x0, 0x1, 0xf2, 0x0, 0xbe, 0x1f, 0x20,
    0x4f, 0xe1, 0xf2, 0xd, 0xae, 0x1f, 0x26, 0xc5,
    0xe1, 0xf3, 0xe3, 0x5e, 0x1f, 0xaa, 0x5, 0xe1,
    0xff, 0x20, 0x5e, 0x1f, 0x80, 0x5, 0xe0,

    /* U+04E4 "Ӥ" */
    0x0, 0xd7, 0x4f, 0x0, 0x0, 0x63, 0x27, 0x0,
    0xe5, 0x0, 0x0, 0xaf, 0xe5, 0x0, 0x3, 0xff,
    0xe5, 0x0, 0xd, 0xcf, 0xe5, 0x0, 0x6e, 0x4f,
    0xe5, 0x1, 0xf5, 0x3f, 0xe5, 0xa, 0xb0, 0x3f,
    0xe5, 0x3f, 0x20, 0x3f, 0xe5, 0xd8, 0x0, 0x3f,
    0xec, 0xe0, 0x0, 0x3f, 0xef, 0x50, 0x0, 0x3f,
    0xec, 0x0, 0x0, 0x3f,

    /* U+04E5 "ӥ" */
    0x0, 0xf3, 0x8c, 0x0, 0x8, 0x14, 0x60, 0x0,
    0x0, 0x0, 0x1, 0xf2, 0x0, 0xbe, 0x1f, 0x20,
    0x4f, 0xe1, 0xf2, 0xd, 0xae, 0x1f, 0x26, 0xc5,
    0xe1, 0xf3, 0xe3, 0x5e, 0x1f, 0xaa, 0x5, 0xe1,
    0xff, 0x20, 0x5e, 0x1f, 0x80, 0x5, 0xe0,

    /* U+04E6 "Ӧ" */
    0x0, 0x7, 0xd0, 0xe5, 0x0, 0x0, 0x0, 0x36,
    0x7, 0x20, 0x0, 0x0, 0x19, 0xef, 0xd8, 0x0,
    0x0, 0x1d, 0xd6, 0x36, 0xec, 0x0, 0xa, 0xd0,
    0x0, 0x1, 0xe8, 0x1, 0xf5, 0x0, 0x0, 0x7,
    0xf0, 0x4f, 0x10, 0x0, 0x0, 0x4f, 0x25, 0xf0,
    0x0, 0x0, 0x2, 0xf3, 0x4f, 0x20, 0x0, 0x0,
    0x4f, 0x21, 0xf6, 0x0, 0x0, 0x8, 0xf0, 0xa,
    0xe0, 0x0, 0x1, 0xf8, 0x0, 0x1d, 0xd5, 0x36,
    0xec, 0x0, 0x0, 0x19, 0xef, 0xd8, 0x0, 0x0,

    /* U+04E7 "ӧ" */
    0x1, 0xf2, 0x9b, 0x0, 0x0, 0x81, 0x45, 0x0,
    0x0, 0x0, 0x0, 0x0, 0x1, 0xae, 0xe9, 0x0,
    0xd, 0xb2, 0x3d, 0x90, 0x4f, 0x10, 0x4, 0xf1,
    0x7c, 0x0, 0x0, 0xf3, 0x7c, 0x0, 0x0, 0xf4,
    0x5f, 0x10, 0x4, 0xf1, 0xd, 0xb2, 0x3d, 0xa0,
    0x1, 0xae, 0xe8, 0x0,

    /* U+04E8 "Ө" */
    0x0, 0x19, 0xef, 0xd8, 0x0, 0x0, 0x1d, 0xd6,
    0x47, 0xec, 0x0, 0xa, 0xe0, 0x0, 0x2, 0xf8,
    0x1, 0xf6, 0x0, 0x0, 0x8, 0xf0, 0x4f, 0x30,
    0x0, 0x0, 0x4f, 0x25, 0xff, 0xff, 0xff, 0xff,
    0xf3, 0x4f, 0x53, 0x33, 0x33, 0x6f, 0x21, 0xf5,
    0x0, 0x0, 0x7, 0xf0, 0xa, 0xd0, 0x0, 0x1,
    0xe8, 0x0, 0x1d, 0xd6, 0x46, 0xec, 0x0, 0x0,
    0x19, 0xef, 0xd8, 0x0, 0x0,

    /* U+04E9 "ө" */
    0x2, 0xbf, 0xe9, 0x0, 0xd, 0xa2, 0x3c, 0x90,
    0x4e, 0x0, 0x2, 0xf1, 0x6f, 0xff, 0xff, 0xf3,
    0x6e, 0x22, 0x23, 0xf4, 0x4f, 0x10, 0x5, 0xf1,
    0xc, 0xc2, 0x4e, 0xa0, 0x1, 0xbf, 0xe9, 0x0,

    /* U+04EA "Ӫ" */
    0x0, 0x8, 0xc0, 0xf4, 0x0, 0x0, 0x0, 0x46,
    0x7, 0x20, 0x0, 0x0, 0x19, 0xef, 0xd8, 0x0,
    0x0, 0x1d, 0xd6, 0x47, 0xec, 0x0, 0xa, 0xe0,
    0x0, 0x2, 0xf8, 0x1, 0xf6, 0x0, 0x0, 0x8,
    0xf0, 0x4f, 0x30, 0x0, 0x0, 0x4f, 0x25, 0xff,
    0xff, 0xff, 0xff, 0xf3, 0x4f, 0x53, 0x33, 0x33,
    0x6f, 0x21, 0xf5, 0x0, 0x0, 0x7, 0xf0, 0xa,
    0xd0, 0x0, 0x1, 0xe8, 0x0, 0x1d, 0xd6, 0x46,
    0xec, 0x0, 0x0, 0x19, 0xef, 0xd8, 0x0, 0x0,

    /* U+04EB "ӫ" */
    0x1, 0xf2, 0x9b, 0x0, 0x0, 0x81, 0x45, 0x0,
    0x0, 0x0, 0x0, 0x0, 0x2, 0xbf, 0xe9, 0x0,
    0xd, 0xa2, 0x3c, 0x90, 0x4e, 0x0, 0x2, 0xf1,
    0x6f, 0xff, 0xff, 0xf3, 0x6e, 0x22, 0x23, 0xf4,
    0x4f, 0x10, 0x5, 0xf1, 0xc, 0xc2, 0x4e, 0xa0,
    0x1, 0xbf, 0xe9, 0x0,

    /* U+04EE "Ӯ" */
    0x0, 0x8f, 0xff, 0xa0, 0x0, 0x1, 0x22, 0x21,
    0x0, 0xad, 0x0, 0x0, 0xc, 0xa2, 0xf5, 0x0,
    0x2, 0xf3, 0xa, 0xc0, 0x0, 0x9b, 0x0, 0x2f,
    0x40, 0xf, 0x40, 0x0, 0xac, 0x6, 0xd0, 0x0,
    0x2, 0xf4, 0xd6, 0x0, 0x0, 0xa, 0xee, 0x0,
    0x0, 0x0, 0x2f, 0x80, 0x0, 0x0, 0x2, 0xf1,
    0x0, 0x0, 0x33, 0xb9, 0x0, 0x0, 0x8, 0xfc,
    0x0, 0x0, 0x0,

    /* U+04EF "ӯ" */
    0x8, 0xff, 0xfc, 0x0, 0x1, 0x11, 0x10, 0x0,
    0x0, 0x0, 0x9, 0xb0, 0x0, 0x8b, 0x4f, 0x10,
    0xd, 0x50, 0xe6, 0x3, 0xf0, 0x8, 0xb0, 0x8a,
    0x0, 0x3f, 0x1e, 0x50, 0x0, 0xd8, 0xf0, 0x0,
    0x7, 0xf9, 0x0, 0x0, 0x2f, 0x40, 0x0, 0x3,
    0xe0, 0x0, 0x15, 0xc8, 0x0, 0x2, 0xfb, 0x0,
    0x0,

    /* U+04F0 "Ӱ" */
    0x0, 0x4f, 0xb, 0x80, 0x0, 0x2, 0x80, 0x64,
    0x0, 0xad, 0x0, 0x0, 0xc, 0xa2, 0xf5, 0x0,
    0x2, 0xf3, 0xa, 0xc0, 0x0, 0x9b, 0x0, 0x2f,
    0x40, 0xf, 0x40, 0x0, 0xac, 0x6, 0xd0, 0x0,
    0x2, 0xf4, 0xd6, 0x0, 0x0, 0xa, 0xee, 0x0,
    0x0, 0x0, 0x2f, 0x80, 0x0, 0x0, 0x2, 0xf1,
    0x0, 0x0, 0x33, 0xb9, 0x0, 0x0, 0x8, 0xfc,
    0x0, 0x0, 0x0,

    /* U+04F1 "ӱ" */
    0x5, 0xf0, 0xc7, 0x0, 0x27, 0x6, 0x30, 0x0,
    0x0, 0x0, 0x9, 0xb0, 0x0, 0x8b, 0x4f, 0x10,
    0xd, 0x50, 0xe6, 0x3, 0xf0, 0x8, 0xb0, 0x8a,
    0x0, 0x3f, 0x1e, 0x50, 0x0, 0xd8, 0xf0, 0x0,
    0x7, 0xf9, 0x0, 0x0, 0x2f, 0x40, 0x0, 0x3,
    0xe0, 0x0, 0x15, 0xc8, 0x0, 0x2, 0xfb, 0x0,
    0x0,

    /* U+04F2 "Ӳ" */
    0x0, 0xd, 0x99, 0xd0, 0x0, 0x5, 0xd1, 0xe3,
    0x0, 0x0, 0x0, 0x0, 0x0, 0xa, 0xd0, 0x0,
    0x0, 0xca, 0x2f, 0x50, 0x0, 0x2f, 0x30, 0xac,
    0x0, 0x9, 0xb0, 0x2, 0xf4, 0x0, 0xf4, 0x0,
    0xa, 0xc0, 0x6d, 0x0, 0x0, 0x2f, 0x4d, 0x60,
    0x0, 0x0, 0xae, 0xe0, 0x0, 0x0, 0x2, 0xf8,
    0x0, 0x0, 0x0, 0x2f, 0x10, 0x0, 0x3, 0x3b,
    0x90, 0x0, 0x0, 0x8f, 0xc0, 0x0, 0x0,

    /* U+04F3 "ӳ" */
    0x0, 0xca, 0x7e, 0x10, 0x3d, 0x1e, 0x40, 0x0,
    0x0, 0x0, 0x9, 0xb0, 0x0, 0x8b, 0x4f, 0x10,
    0xd, 0x50, 0xe6, 0x3, 0xf0, 0x8, 0xb0, 0x8a,
    0x0, 0x3f, 0x1e, 0x50, 0x0, 0xd8, 0xf0, 0x0,
    0x7, 0xf9, 0x0, 0x0, 0x2f, 0x40, 0x0, 0x3,
    0xe0, 0x0, 0x15, 0xc8, 0x0, 0x2, 0xfb, 0x0,
    0x0,

    /* U+04F4 "Ӵ" */
    0x0, 0x5f, 0xc, 0x70, 0x0, 0x2, 0x70, 0x63,
    0x0, 0x3f, 0x20, 0x0, 0xe, 0x73, 0xf2, 0x0,
    0x0, 0xe7, 0x3f, 0x20, 0x0, 0xe, 0x72, 0xf2,
    0x0, 0x0, 0xe7, 0x1f, 0x50, 0x0, 0xe, 0x70,
    0xdd, 0x20, 0x37, 0xf7, 0x2, 0xdf, 0xff, 0xbf,
    0x70, 0x0, 0x12, 0x0, 0xe7, 0x0, 0x0, 0x0,
    0xe, 0x70, 0x0, 0x0, 0x0, 0xe7, 0x0, 0x0,
    0x0, 0xe, 0x70,

    /* U+04F5 "ӵ" */
    0x4, 0xf0, 0xc8, 0x0, 0x28, 0x6, 0x40, 0x0,
    0x0, 0x0, 0x5, 0xe0, 0x0, 0xb8, 0x5e, 0x0,
    0xb, 0x85, 0xe0, 0x0, 0xb8, 0x1f, 0x50, 0x1c,
    0x80, 0x6f, 0xff, 0xe8, 0x0, 0x1, 0xb, 0x80,
    0x0, 0x0, 0xb8, 0x0, 0x0, 0xb, 0x80,

    /* U+04F8 "Ӹ" */
    0x0, 0xb, 0x82, 0xf1, 0x0, 0x0, 0x0, 0x54,
    0x18, 0x0, 0x0, 0xe7, 0x0, 0x0, 0x0, 0x1f,
    0x3e, 0x70, 0x0, 0x0, 0x1, 0xf3, 0xe7, 0x0,
    0x0, 0x0, 0x1f, 0x3e, 0x70, 0x0, 0x0, 0x1,
    0xf3, 0xe7, 0x0, 0x0, 0x0, 0x1f, 0x3e, 0xff,
    0xff, 0xd6, 0x1, 0xf3, 0xe9, 0x33, 0x49, 0xf4,
    0x1f, 0x3e, 0x70, 0x0, 0xd, 0x91, 0xf3, 0xe7,
    0x0, 0x0, 0xd9, 0x1f, 0x3e, 0x93, 0x34, 0x9f,
    0x41, 0xf3, 0xef, 0xff, 0xfd, 0x50, 0x1f, 0x30,

    /* U+04F9 "ӹ" */
    0x0, 0xd, 0x65, 0xf0, 0x0, 0x0, 0x7, 0x32,
    0x70, 0x0, 0x0, 0x0, 0x0, 0x0, 0x0, 0x1f,
    0x20, 0x0, 0x3, 0xf0, 0x1f, 0x20, 0x0, 0x3,
    0xf0, 0x1f, 0x20, 0x0, 0x3, 0xf0, 0x1f, 0xff,
    0xd9, 0x3, 0xf0, 0x1f, 0x42, 0x4c, 0x93, 0xf0,
    0x1f, 0x20, 0x6, 0xd3, 0xf0, 0x1f, 0x31, 0x3c,
    0xa3, 0xf0, 0x1f, 0xff, 0xfb, 0x13, 0xf0,

    /* U+2013 "–" */
    0x1f, 0xff, 0xff, 0xff, 0x10, 0x22, 0x22, 0x22,
    0x20,

    /* U+2014 "—" */
    0x1f, 0xff, 0xff, 0xff, 0xff, 0xff, 0xff, 0xf1,
    0x2, 0x22, 0x22, 0x22, 0x22, 0x22, 0x22, 0x20,

    /* U+2018 "‘" */
    0x3, 0x10, 0xb0, 0x1d, 0x11, 0xf3,

    /* U+2019 "’" */
    0x1f, 0x30, 0xc3, 0xb, 0x0, 0x30,

    /* U+201C "“" */
    0x4, 0x3, 0x3, 0x91, 0xa0, 0x6a, 0x4c, 0x6,
    0xe4, 0xf0,

    /* U+201D "”" */
    0x6f, 0x4f, 0x13, 0xd2, 0xd0, 0x1a, 0xb, 0x2,
    0x11, 0x20,

    /* U+2022 "•" */
    0x5, 0xa4, 0x2, 0xff, 0xf1, 0x3f, 0xff, 0x10,
    0x9f, 0x80,

    /* U+2026 "…" */
    0x28, 0x0, 0x5, 0x50, 0x0, 0x82, 0x5f, 0x0,
    0xb, 0xb0, 0x0, 0xf5,

    /* U+20AC "€" */
    0x0, 0x1, 0x9e, 0xfd, 0x40, 0x1, 0xed, 0x64,
    0x75, 0x0, 0xad, 0x0, 0x0, 0x0, 0xf, 0x50,
    0x0, 0x0, 0x1f, 0xff, 0xff, 0xfb, 0x0, 0x4f,
    0x10, 0x0, 0x0, 0x1f, 0xff, 0xff, 0xf6, 0x0,
    0xf, 0x60, 0x0, 0x0, 0x0, 0xac, 0x0, 0x0,
    0x0, 0x1, 0xec, 0x54, 0x73, 0x0, 0x1, 0x9d,
    0xfd, 0x20,

    /* U+2103 "℃" */
    0x0, 0x10, 0x0, 0x0, 0x12, 0x0, 0x0, 0x2c,
    0xb7, 0x0, 0x5d, 0xff, 0xf8, 0x0, 0x83, 0xc,
    0x6, 0xf6, 0x0, 0x4e, 0x80, 0x66, 0x1b, 0xf,
    0x80, 0x0, 0x6, 0xf0, 0x8, 0xa2, 0x5f, 0x10,
    0x0, 0x0, 0x0, 0x0, 0x0, 0x7f, 0x0, 0x0,
    0x0, 0x0, 0x0, 0x0, 0x6f, 0x0, 0x0, 0x0,
    0x0, 0x0, 0x0, 0x4f, 0x10, 0x0, 0x0, 0x50,
    0x0, 0x0, 0xe, 0x70, 0x0, 0x5, 0xf2, 0x0,
    0x0, 0x6, 0xf6, 0x0, 0x4e, 0x90, 0x0, 0x0,
    0x0, 0x6e, 0xff, 0xf8, 0x0, 0x0, 0x0, 0x0,
    0x0, 0x12, 0x0, 0x0,

    /* U+2109 "℉" */
    0x0, 0x10, 0x0, 0x0, 0x0, 0x0, 0x2c, 0xb7,
    0xe, 0xff, 0xff, 0xfd, 0x83, 0xc, 0xe, 0x72,
    0x22, 0x22, 0x59, 0x5b, 0xe, 0x60, 0x0, 0x0,
    0x4, 0x60, 0xe, 0x60, 0x0, 0x0, 0x0, 0x0,
    0xe, 0xff, 0xff, 0xf1, 0x0, 0x0, 0xe, 0x83,
    0x33, 0x30, 0x0, 0x0, 0xe, 0x60, 0x0, 0x0,
    0x0, 0x0, 0xe, 0x60, 0x0, 0x0, 0x0, 0x0,
    0xe, 0x60, 0x0, 0x0, 0x0, 0x0, 0xe, 0x60,
    0x0, 0x0,

    /* U+2122 "™" */
    0x0, 0x0, 0x0, 0x0, 0x0, 0x7, 0xcf, 0xdc,
    0x6f, 0x10, 0x7f, 0x0, 0xc2, 0x6, 0xc6, 0xb,
    0xd0, 0xc, 0x20, 0x67, 0xa1, 0xad, 0x0, 0xc2,
    0x6, 0x7a, 0x75, 0xd0, 0xc, 0x20, 0x67, 0x6e,
    0x1d, 0x0, 0x61, 0x3, 0x31, 0x70, 0x70,

    /* U+2190 "←" */
    0x0, 0x43, 0x0, 0x0, 0x0, 0x6, 0xc0, 0x0,
    0x0, 0x0, 0x7f, 0xda, 0xaa, 0xaa, 0xa2, 0x3,
    0xc0, 0x0, 0x0, 0x0, 0x0, 0x23, 0x0, 0x0,
    0x0,

    /* U+2191 "↑" */
    0x0, 0x10, 0x0, 0xc, 0x50, 0x7, 0xfd, 0x23,
    0x79, 0x39, 0x0, 0x91, 0x0, 0x9, 0x10, 0x0,
    0x91, 0x0, 0x9, 0x10, 0x0, 0x91, 0x0, 0x9,
    0x10,

    /* U+2192 "→" */
    0x0, 0x0, 0x0, 0x70, 0x0, 0x0, 0x0, 0x0,
    0x4b, 0x20, 0x7a, 0xaa, 0xaa, 0xaf, 0xe1, 0x0,
    0x0, 0x0, 0x69, 0x0, 0x0, 0x0, 0x0, 0x50,
    0x0,

    /* U+2193 "↓" */
    0x0, 0x20, 0x0, 0x9, 0x10, 0x0, 0x91, 0x0,
    0x9, 0x10, 0x0, 0x91, 0x0, 0x9, 0x10, 0x0,
    0x91, 0x3, 0xaa, 0x7a, 0x4, 0xfc, 0x0, 0xa,
    0x30,

    /* U+2260 "≠" */
    0x0, 0x0, 0x51, 0x0, 0x0, 0x0, 0xe2, 0x0,
    0x1f, 0xff, 0xff, 0xf9, 0x1, 0x14, 0xd1, 0x10,
    0x0, 0x5, 0xb0, 0x0, 0x1f, 0xff, 0xff, 0xf9,
    0x2, 0x2b, 0x72, 0x21, 0x0, 0x6, 0x20, 0x0,

    /* U+2264 "≤" */
    0x0, 0x0, 0x0, 0x0, 0x0, 0x0, 0x4, 0xa8,
    0x0, 0x6, 0xde, 0x81, 0x9, 0xfb, 0x50, 0x0,
    0x1f, 0xc4, 0x0, 0x0, 0x1, 0x7e, 0xd6, 0x0,
    0x0, 0x0, 0x5c, 0xf6, 0x0, 0x0, 0x0, 0x34,
    0x1f, 0xff, 0xff, 0xf8, 0x3, 0x33, 0x33, 0x31,

    /* U+2265 "≥" */
    0x0, 0x0, 0x0, 0x0, 0x1d, 0x71, 0x0, 0x0,
    0x5, 0xbf, 0x93, 0x0, 0x0, 0x2, 0x8e, 0xc4,
    0x0, 0x0, 0x18, 0xf8, 0x0, 0x3a, 0xfb, 0x40,
    0xd, 0xe8, 0x20, 0x0, 0x6, 0x0, 0x0, 0x0,
    0x1f, 0xff, 0xff, 0xf8, 0x3, 0x33, 0x33, 0x31,

    /* U+231A "⌚" */
    0x0, 0xa8, 0x88, 0x88, 0xa0, 0x0, 0x1, 0xa4,
    0x44, 0x44, 0xa2, 0x0, 0xa, 0xfe, 0x98, 0xaf,
    0xfa, 0x0, 0xe, 0x92, 0x4, 0x3, 0xad, 0x0,
    0x1a, 0x2, 0x0, 0x2, 0xb, 0x0, 0x72, 0x40,
    0x0, 0x1, 0x34, 0x60, 0x80, 0x3, 0x86, 0x75,
    0x0, 0xc4, 0x83, 0x0, 0x3e, 0x10, 0x4, 0xe8,
    0x80, 0x10, 0x0, 0x0, 0x11, 0x80, 0x46, 0x20,
    0x0, 0x0, 0x28, 0x20, 0xe, 0x24, 0x2, 0x4,
    0x3d, 0x0, 0xd, 0xf7, 0x22, 0x28, 0xfb, 0x0,
    0x6, 0xdb, 0xbb, 0xbb, 0xd5, 0x0, 0x0, 0x80,
    0x0, 0x0, 0x80, 0x0, 0x0, 0x68, 0x88, 0x88,
    0x70, 0x0,

    /* U+2600 "☀" */
    0x0, 0x0, 0x0, 0x0, 0x74, 0x0, 0x0, 0x0,
    0x0, 0x56, 0x0, 0x37, 0x80, 0x0, 0x0, 0x0,
    0x6, 0x59, 0x29, 0x8, 0x0, 0x0, 0x0, 0x0,
    0x35, 0x6c, 0x99, 0xd7, 0x89, 0x80, 0x0, 0x0,
    0xd4, 0x0, 0x1, 0xa1, 0x82, 0x1, 0x88, 0xb7,
    0x0, 0x0, 0x1, 0xb6, 0x0, 0x19, 0x27, 0x10,
    0x0, 0x0, 0xa, 0x50, 0x0, 0x8, 0xd0, 0x0,
    0x0, 0x0, 0x85, 0x81, 0x0, 0xb, 0x30, 0x0,
    0x0, 0x9, 0x37, 0x90, 0x5, 0x5a, 0x0, 0x0,
    0x5, 0xb5, 0x30, 0x0, 0xa4, 0xab, 0x30, 0x17,
    0x88, 0x0, 0x0, 0x6, 0x40, 0x76, 0x9c, 0xa1,
    0x80, 0x0, 0x0, 0x0, 0x4, 0x39, 0x11, 0x9b,
    0x0, 0x0, 0x0, 0x0, 0x1b, 0x50, 0x0, 0x10,
    0x0, 0x0, 0x0, 0x0, 0x40, 0x0, 0x0, 0x0,
    0x0,

    /* U+2601 "☁" */
    0x0, 0x0, 0x0, 0x0, 0x58, 0x72, 0x0, 0x0,
    0x0, 0x0, 0x0, 0x2a, 0x30, 0x17, 0x70, 0x0,
    0x0, 0x0, 0x0, 0xa0, 0x0, 0x0, 0x55, 0x0,
    0x0, 0x1, 0x8a, 0x70, 0x0, 0x0, 0x9, 0x0,
    0x0, 0x19, 0x10, 0x66, 0x0, 0x0, 0x8, 0x0,
    0x0, 0x71, 0x0, 0x9, 0x0, 0x0, 0x9, 0x10,
    0x2a, 0x80, 0x0, 0x0, 0x0, 0x0, 0x1, 0x74,
    0x90, 0x0, 0x0, 0x0, 0x0, 0x0, 0x0, 0x9,
    0x90, 0x0, 0x0, 0x0, 0x0, 0x0, 0x0, 0x8,
    0x75, 0x0, 0x10, 0x0, 0x0, 0x0, 0x0, 0x37,
    0x4, 0x88, 0x96, 0x46, 0x60, 0x0, 0x49, 0x60,
    0x0, 0x0, 0x2, 0x43, 0x49, 0x89, 0x50, 0x0,

    /* U+2614 "☔" */
    0x0, 0x61, 0x0, 0x3, 0x10, 0x0, 0x26, 0x0,
    0xb, 0x30, 0x36, 0xb9, 0x51, 0x5, 0x90, 0x0,
    0x5, 0xa5, 0x77, 0x94, 0x78, 0x10, 0x0, 0x8,
    0x60, 0x28, 0x0, 0x90, 0x19, 0x20, 0x7, 0x52,
    0x9, 0x9, 0x56, 0x30, 0x39, 0x0, 0xa0, 0xd3,
    0x70, 0x53, 0x8, 0x7c, 0x26, 0x55, 0x2, 0x63,
    0x58, 0x72, 0x91, 0x20, 0x77, 0x98, 0x9c, 0xa6,
    0x86, 0x9d, 0x88, 0x9b, 0x0, 0x0, 0x40, 0x6,
    0x20, 0x40, 0x0, 0x0, 0x0, 0x0, 0x0, 0x62,
    0x0, 0x0, 0x0, 0x0, 0x0, 0x0, 0x7, 0x40,
    0x0, 0x0, 0x0, 0x0, 0x0, 0x42, 0x87, 0x0,
    0x0, 0x0, 0x0, 0x0, 0x8, 0x87, 0x70, 0x0,
    0x0, 0x0, 0x0, 0x0, 0x91, 0x26, 0x0, 0x0,
    0x0, 0x0, 0x0, 0x1, 0x54, 0x0, 0x0, 0x0,
    0x0,

    /* U+2615 "☕" */
    0x0, 0x0, 0x0, 0x0, 0x95, 0x0, 0x0, 0x0,
    0x0, 0x0, 0x29, 0x69, 0x0, 0x0, 0x0, 0x0,
    0x7, 0x71, 0x69, 0x0, 0x0, 0x0, 0x0, 0x9,
    0x68, 0x30, 0x0, 0x0, 0x0, 0x17, 0x9a, 0xe8,
    0x86, 0x0, 0x0, 0x0, 0x91, 0x0, 0x30, 0x2,
    0x80, 0x0, 0x0, 0xd9, 0xdf, 0xff, 0xd8, 0xea,
    0x91, 0x0, 0x82, 0x68, 0x88, 0x62, 0x80, 0x46,
    0x0, 0x94, 0x0, 0x0, 0x0, 0xca, 0xa1, 0x0,
    0xb3, 0x40, 0x0, 0x2, 0xa0, 0x0, 0x2a, 0x66,
    0x10, 0x0, 0x8, 0x5a, 0x10, 0x80, 0x8, 0x50,
    0x0, 0x66, 0x51, 0x80, 0x56, 0x0, 0x58, 0x88,
    0x30, 0x26, 0x40, 0x5, 0x96, 0x31, 0x1, 0x36,
    0x94, 0x0, 0x0, 0x2, 0x57, 0x87, 0x52, 0x0,
    0x0,

    /* U+26A0 "⚠" */
    0x0, 0x0, 0x0, 0x99, 0x0, 0x0, 0x0, 0x0,
    0x0, 0x6, 0x33, 0x60, 0x0, 0x0, 0x0, 0x0,
    0x9, 0x0, 0x90, 0x0, 0x0, 0x0, 0x0, 0x63,
    0x0, 0x36, 0x0, 0x0, 0x0, 0x0, 0x90, 0x7d,
    0x9, 0x0, 0x0, 0x0, 0x5, 0x40, 0x8e, 0x3,
    0x50, 0x0, 0x0, 0x9, 0x0, 0x7d, 0x0, 0x90,
    0x0, 0x0, 0x54, 0x0, 0x6b, 0x0, 0x45, 0x0,
    0x0, 0x90, 0x0, 0x4a, 0x0, 0x9, 0x0, 0x4,
    0x50, 0x0, 0x39, 0x0, 0x4, 0x40, 0x9, 0x0,
    0x0, 0x3, 0x0, 0x0, 0x90, 0x45, 0x0, 0x0,
    0x49, 0x0, 0x0, 0x54, 0x90, 0x0, 0x0, 0x12,
    0x0, 0x0, 0x9, 0x90, 0x0, 0x0, 0x0, 0x0,
    0x0, 0x9, 0x48, 0x88, 0x88, 0x88, 0x88, 0x88,
    0x84,

    /* U+26A1 "⚡" */
    0x0, 0x0, 0x0, 0x0, 0x6, 0x40, 0x0, 0x0,
    0x0, 0x0, 0x8b, 0x20, 0x0, 0x0, 0x0, 0x29,
    0x37, 0x0, 0x0, 0x0, 0x4, 0x80, 0x80, 0x0,
    0x0, 0x0, 0x75, 0x4, 0x40, 0x0, 0x0, 0x8,
    0x30, 0x9, 0x0, 0x0, 0x2, 0x91, 0x0, 0x38,
    0x88, 0xa7, 0x47, 0x0, 0x0, 0x0, 0x3, 0x80,
    0x68, 0x88, 0xa7, 0x0, 0x56, 0x0, 0x0, 0x0,
    0x80, 0x7, 0x40, 0x0, 0x0, 0x4, 0x40, 0x92,
    0x0, 0x0, 0x0, 0x8, 0x29, 0x10, 0x0, 0x0,
    0x0, 0x75, 0x80, 0x0, 0x0, 0x0, 0x1, 0xd6,
    0x0, 0x0, 0x0, 0x0, 0x0, 0x30, 0x0, 0x0,
    0x0, 0x0,

    /* U+2705 "✅" */
    0xc, 0xff, 0xff, 0xff, 0xff, 0xff, 0xff, 0xc0,
    0x2f, 0xff, 0xff, 0xff, 0xff, 0xff, 0xff, 0xf1,
    0x2f, 0xff, 0xff, 0xff, 0xff, 0xf5, 0x4f, 0xf1,
    0x2f, 0xff, 0xff, 0xff, 0xff, 0x70, 0x2f, 0xf1,
    0x2f, 0xff, 0xff, 0xff, 0xfa, 0x0, 0xdf, 0xf1,
    0x2f, 0xf5, 0x8f, 0xff, 0xd0, 0xb, 0xff, 0xf1,
    0x2f, 0xf0, 0xf, 0xff, 0x20, 0x8f, 0xff, 0xf1,
    0x2f, 0xf5, 0xa, 0xf4, 0x5, 0xff, 0xff, 0xf1,
    0x2f, 0xfa, 0x4, 0x70, 0x2f, 0xff, 0xff, 0xf1,
    0x2f, 0xff, 0x0, 0x1, 0xdf, 0xff, 0xff, 0xf1,
    0x2f, 0xff, 0x50, 0xb, 0xff, 0xff, 0xff, 0xf1,
    0x2f, 0xff, 0xb0, 0x8f, 0xff, 0xff, 0xff, 0xf1,
    0x2f, 0xff, 0xff, 0xff, 0xff, 0xff, 0xff, 0xf1,
    0xe, 0xff, 0xff, 0xff, 0xff, 0xff, 0xff, 0xd0,
    0x0, 0x11, 0x11, 0x11, 0x11, 0x11, 0x11, 0x0,

    /* U+270A "✊" */
    0x0, 0x0, 0x0, 0x0, 0x0, 0x0, 0x0, 0x0,
    0x1, 0x88, 0x59, 0x95, 0x88, 0x10, 0x7, 0x79,
    0x11, 0xb0, 0xb, 0x10, 0x90, 0x82, 0x2a, 0x0,
    0x80, 0x8, 0x0, 0x80, 0x80, 0x8, 0x0, 0x80,
    0x8, 0x0, 0x80, 0x80, 0x8, 0x3, 0xb7, 0x8c,
    0x50, 0xb0, 0x90, 0x9, 0x48, 0x42, 0x10, 0x5b,
    0xd3, 0xa4, 0x2a, 0xc3, 0x0, 0x0, 0x0, 0x27,
    0x86, 0x60, 0x8, 0x88, 0x86, 0x0, 0x8, 0x80,
    0x0, 0x0, 0x0, 0x5, 0x50, 0x8, 0x62, 0x0,
    0x0, 0x0, 0x0, 0x60, 0x35, 0x18, 0x0, 0x0,
    0x0, 0x0, 0x0, 0x80, 0x7, 0x20, 0x0, 0x0,
    0x0, 0x3, 0x60, 0x0, 0x93, 0x0, 0x0, 0x0,
    0x38, 0x0, 0x0, 0x7, 0x83, 0x0, 0x38, 0x60,
    0x0, 0x0, 0x0, 0x15, 0x87, 0x50, 0x0, 0x0,

    /* U+270C "✌" */
    0x0, 0x39, 0x90, 0x4, 0x81, 0x0, 0x80, 0x44,
    0x9, 0x18, 0x0, 0x53, 0x8, 0x45, 0x8, 0x0,
    0x26, 0x9, 0x71, 0x17, 0x0, 0x1b, 0x18, 0xa0,
    0x44, 0x38, 0xa3, 0xa4, 0x90, 0x62, 0x90, 0x90,
    0x80, 0x0, 0x80, 0x80, 0x82, 0xa9, 0x88, 0xa0,
    0x90, 0xa9, 0x10, 0x0, 0x83, 0xa9, 0x88, 0x0,
    0x0, 0x8, 0x80, 0x4, 0x89, 0xb1, 0x8, 0x53,
    0x0, 0x6, 0x43, 0x8, 0x8, 0x0, 0x3, 0x0,
    0x82, 0x3, 0x93, 0x0, 0x39, 0x40, 0x0, 0x5,
    0x88, 0x50, 0x0,

    /* U+2728 "✨" */
    0x0, 0x0, 0x75, 0x0, 0x0, 0xb, 0x0, 0x0,
    0x0, 0x0, 0x0, 0x88, 0x0, 0x0, 0x2e, 0x0,
    0x0, 0x0, 0x0, 0x48, 0x45, 0x83, 0x0, 0x5b,
    0x10, 0x0, 0x0, 0x0, 0x37, 0x46, 0x72, 0x0,
    0x85, 0x40, 0x0, 0x0, 0x0, 0x0, 0x88, 0x0,
    0x0, 0x91, 0x80, 0x0, 0x0, 0x0, 0x0, 0x64,
    0x0, 0x7, 0x40, 0x84, 0x0, 0x0, 0x0, 0x1,
    0x1, 0x58, 0x94, 0x0, 0x6, 0x98, 0x40, 0x0,
    0x9, 0x53, 0xa9, 0x60, 0x0, 0x1, 0x79, 0x91,
    0x0, 0x9, 0x80, 0x0, 0x2a, 0x20, 0x58, 0x10,
    0x0, 0x0, 0x75, 0x83, 0x0, 0x0, 0x90, 0x90,
    0x0, 0x0, 0x2e, 0x60, 0xa, 0xc0, 0x0, 0x84,
    0x50, 0x0, 0x0, 0x1, 0x74, 0x84, 0x0, 0x0,
    0x69, 0x20, 0x0, 0x0, 0x0, 0x9, 0x80, 0x0,
    0x0, 0x3e, 0x0, 0x0, 0x0, 0x0, 0x9, 0x50,
    0x0, 0x0, 0x1d, 0x0, 0x0, 0x0, 0x0, 0x2,
    0x0, 0x0, 0x0, 0x3, 0x0, 0x0, 0x0,

    /* U+2744 "❄" */
    0x0, 0x0, 0x0, 0x86, 0x0, 0x0, 0x0, 0x0,
    0x0, 0x3a, 0x7a, 0x91, 0x0, 0x0, 0x0, 0x45,
    0x55, 0x23, 0x72, 0x72, 0x0, 0x38, 0xc7, 0x17,
    0x58, 0x55, 0x6c, 0x81, 0x55, 0x35, 0x50, 0x88,
    0x9, 0x24, 0x81, 0x1c, 0x23, 0x5a, 0x79, 0x93,
    0x43, 0xb0, 0x29, 0x86, 0x92, 0x32, 0x39, 0x69,
    0x80, 0x5, 0x30, 0x84, 0x85, 0x76, 0x4, 0x30,
    0x3a, 0x69, 0x27, 0x46, 0x54, 0xa5, 0xc0, 0x2b,
    0x23, 0x93, 0x88, 0x49, 0x14, 0xb0, 0x66, 0xb6,
    0x22, 0x89, 0x6, 0x3b, 0x93, 0x2, 0x89, 0x28,
    0x12, 0x92, 0xa6, 0x20, 0x0, 0x0, 0x6a, 0x7a,
    0xb2, 0x0, 0x0, 0x0, 0x0, 0x2, 0x99, 0x0,
    0x0, 0x0, 0x0, 0x0, 0x0, 0x21, 0x0, 0x0,
    0x0,

    /* U+274C "❌" */
    0x3, 0x81, 0x0, 0x0, 0x0, 0x0, 0x28, 0x20,
    0xff, 0xd1, 0x0, 0x0, 0x0, 0x3f, 0xfb, 0xb,
    0xff, 0xd1, 0x0, 0x0, 0x4f, 0xff, 0x80, 0xc,
    0xff, 0xe2, 0x0, 0x4f, 0xff, 0x90, 0x0, 0xb,
    0xff, 0xe2, 0x4f, 0xff, 0x80, 0x0, 0x0, 0xb,
    0xff, 0xef, 0xff, 0x80, 0x0, 0x0, 0x0, 0xb,
    0xff, 0xff, 0x80, 0x0, 0x0, 0x0, 0x0, 0x5f,
    0xff, 0xf2, 0x0, 0x0, 0x0, 0x0, 0x5f, 0xff,
    0xff, 0xe2, 0x0, 0x0, 0x0, 0x5f, 0xff, 0x8b,
    0xff, 0xe3, 0x0, 0x0, 0x6f, 0xff, 0x70, 0xa,
    0xff, 0xf3, 0x0, 0x6f, 0xff, 0x60, 0x0, 0xa,
    0xff, 0xf3, 0xf, 0xff, 0x60, 0x0, 0x0, 0x9,
    0xff, 0xc0, 0xae, 0x50, 0x0, 0x0, 0x0, 0x8,
    0xf6,

    /* U+2753 "❓" */
    0x0, 0x3a, 0xdd, 0xa3, 0x0, 0x5f, 0xfe, 0xef,
    0xf3, 0xe, 0xf7, 0x0, 0x9f, 0xb1, 0xba, 0x0,
    0x2, 0xfe, 0x0, 0x0, 0x0, 0x4f, 0xd0, 0x0,
    0x0, 0x1d, 0xf7, 0x0, 0x0, 0x1d, 0xfa, 0x0,
    0x0, 0xc, 0xf9, 0x0, 0x0, 0x2, 0xfd, 0x0,
    0x0, 0x0, 0x29, 0x60, 0x0, 0x0, 0x0, 0x0,
    0x0, 0x0, 0x0, 0x4c, 0x90, 0x0, 0x0, 0xd,
    0xff, 0x20, 0x0, 0x0, 0x9f, 0xe0, 0x0, 0x0,
    0x0, 0x31, 0x0, 0x0,

    /* U+2757 "❗" */
    0x4f, 0xf1, 0x4f, 0xf0, 0x4f, 0xf0, 0x3f, 0xf0,
    0x3f, 0xf0, 0x3f, 0xf0, 0x2f, 0xe0, 0x2f, 0xe0,
    0x1f, 0xe0, 0x8, 0x70, 0x0, 0x0, 0x2c, 0xb0,
    0xaf, 0xf6, 0x6f, 0xf3, 0x2, 0x10,

    /* U+2764 "❤" */
    0x1, 0x88, 0xb8, 0x10, 0x4, 0x9b, 0x96, 0x0,
    0xa, 0x80, 0x88, 0x91, 0x7c, 0x8, 0xa, 0x80,
    0x72, 0x80, 0x88, 0x1b, 0x58, 0x8, 0x8, 0x53,
    0x80, 0x80, 0x88, 0x8, 0x8, 0x8, 0x8, 0x8,
    0x80, 0x80, 0x88, 0x8, 0x8, 0x8, 0x8, 0x8,
    0x80, 0x80, 0x88, 0x8, 0x8, 0x8, 0x8, 0x17,
    0x53, 0x80, 0x88, 0x8, 0x8, 0x8, 0x8, 0x72,
    0x9, 0x80, 0x88, 0x8, 0x8, 0x8, 0x9, 0x90,
    0x3, 0x90, 0x88, 0x8, 0x8, 0x8, 0xa, 0x10,
    0x0, 0x64, 0x88, 0x8, 0x8, 0x8, 0x73, 0x0,
    0x0, 0x7, 0x98, 0x8, 0x8, 0xa, 0x50, 0x0,
    0x0, 0x0, 0x7c, 0x8, 0x8, 0x74, 0x0, 0x0,
    0x0, 0x0, 0x6, 0x78, 0xa, 0x30, 0x0, 0x0,
    0x0, 0x0, 0x0, 0x3d, 0x92, 0x0, 0x0, 0x0,
    0x0, 0x0, 0x0, 0x1, 0x0, 0x0, 0x0, 0x0,

    /* U+2B50 "⭐" */
    0x0, 0x0, 0x0, 0x8, 0x80, 0x0, 0x0, 0x0,
    0x0, 0x0, 0x0, 0x27, 0x72, 0x0, 0x0, 0x0,
    0x0, 0x0, 0x0, 0x80, 0x8, 0x0, 0x0, 0x0,
    0x0, 0x0, 0x1, 0x80, 0x8, 0x10, 0x0, 0x0,
    0x0, 0x24, 0x6a, 0x10, 0x1, 0xa6, 0x42, 0x0,
    0x68, 0x64, 0x20, 0x0, 0x0, 0x2, 0x46, 0x86,
    0x39, 0x0, 0x0, 0x0, 0x0, 0x0, 0x0, 0x92,
    0x2, 0x90, 0x0, 0x0, 0x0, 0x0, 0x9, 0x20,
    0x0, 0x2a, 0x10, 0x0, 0x0, 0x1, 0xa2, 0x0,
    0x0, 0x3, 0x60, 0x0, 0x0, 0x6, 0x30, 0x0,
    0x0, 0x5, 0x30, 0x0, 0x0, 0x3, 0x50, 0x0,
    0x0, 0x8, 0x0, 0x1, 0x10, 0x0, 0x80, 0x0,
    0x0, 0x9, 0x0, 0x78, 0x87, 0x0, 0x90, 0x0,
    0x0, 0x9, 0x59, 0x20, 0x2, 0x95, 0x90, 0x0,
    0x0, 0x6, 0x30, 0x0, 0x0, 0x4, 0x60, 0x0,

    /* U+1F31F "🌟" */
    0x0, 0x0, 0x0, 0x86, 0x0, 0x0, 0x0, 0x0,
    0x13, 0x3, 0x58, 0x0, 0x40, 0x0, 0x0, 0x8b,
    0x9, 0x2, 0x71, 0xe4, 0x0, 0x0, 0x5, 0x26,
    0x0, 0x92, 0x30, 0x0, 0x58, 0x88, 0x80, 0x0,
    0x28, 0x88, 0x83, 0x81, 0x0, 0x0, 0x0, 0x0,
    0x0, 0x46, 0x9, 0x20, 0x0, 0x0, 0x0, 0x5,
    0x70, 0x0, 0x83, 0x0, 0x0, 0x0, 0x66, 0x0,
    0x35, 0x19, 0x0, 0x0, 0x0, 0x92, 0x52, 0xb8,
    0x17, 0x0, 0x0, 0x0, 0x81, 0xa7, 0x0, 0x44,
    0x0, 0x75, 0x0, 0x80, 0x0, 0x0, 0x71, 0x68,
    0x24, 0x93, 0x53, 0x0, 0x0, 0x69, 0x30, 0x62,
    0x5, 0x92, 0x0, 0x0, 0x0, 0x0, 0xa7, 0x0,
    0x0, 0x0, 0x0, 0x0, 0x0, 0x21, 0x0, 0x0,
    0x0,

    /* U+1F355 "🍕" */
    0x0, 0x0, 0x6, 0x88, 0x88, 0x50, 0x0, 0x7,
    0x83, 0x0, 0x0, 0x90, 0x1, 0xa3, 0x0, 0x13,
    0x89, 0xa0, 0xa, 0x10, 0x9, 0x86, 0x45, 0x70,
    0x72, 0x0, 0x92, 0x0, 0xdf, 0x90, 0x90, 0x59,
    0x20, 0x0, 0x8b, 0x90, 0x80, 0xc1, 0xdb, 0x1c,
    0x70, 0xa0, 0x7a, 0x99, 0xdb, 0x1b, 0x68, 0xf2,
    0x0, 0x66, 0x81, 0x42, 0x7, 0xf5, 0x0, 0x7,
    0x57, 0xe9, 0x1, 0x28, 0x0, 0x0, 0x66, 0x81,
    0xf, 0x59, 0x0, 0x0, 0x6, 0x62, 0x85, 0x19,
    0x0, 0x0, 0x0, 0x65, 0x68, 0x6a, 0x0, 0x0,
    0x0, 0x78, 0x79, 0x4b, 0x0, 0x0, 0x0, 0x45,
    0x0, 0x64,

    /* U+1F37B "🍻" */
    0x0, 0x0, 0x0, 0x0, 0x0, 0x0, 0x0, 0x0,
    0x0, 0x0, 0x0, 0x5, 0x6, 0x0, 0x0, 0x0,
    0x0, 0x0, 0x0, 0x3, 0x25, 0x32, 0x99, 0x82,
    0x0, 0x0, 0x0, 0x0, 0x5, 0x1a, 0x70, 0x0,
    0x90, 0x0, 0x0, 0x2, 0x89, 0x9c, 0x30, 0x0,
    0x1a, 0x10, 0x0, 0x0, 0x90, 0x0, 0xa, 0x72,
    0xbb, 0xb6, 0x81, 0x1, 0x6b, 0x87, 0x60, 0x1,
    0xef, 0xb7, 0x85, 0x70, 0x75, 0xb1, 0x59, 0x8,
    0x8f, 0xdc, 0x36, 0x77, 0x15, 0x68, 0x6f, 0xe4,
    0x5d, 0xff, 0xf5, 0x97, 0x75, 0x44, 0x79, 0xe9,
    0x73, 0x7e, 0xee, 0xa8, 0x82, 0x64, 0x96, 0xdf,
    0xcb, 0x69, 0x9f, 0xed, 0x3b, 0x0, 0x79, 0x4f,
    0xaf, 0x99, 0x84, 0xfd, 0x60, 0x80, 0x0, 0x71,
    0x8a, 0xe5, 0x97, 0x11, 0x0, 0x65, 0x0, 0xc,
    0xa8, 0x51, 0x8, 0x49, 0x88, 0x82, 0x0, 0x0,
    0x4c, 0xff, 0xfb, 0x90, 0x0, 0x0, 0x0, 0x0,
    0x0, 0x1, 0x35, 0x40, 0x0, 0x0, 0x0, 0x0,

    /* U+1F381 "🎁" */
    0x0, 0x99, 0x70, 0x0, 0x19, 0x86, 0x0, 0x5,
    0x30, 0x2a, 0x88, 0xa0, 0x8, 0x0, 0x6, 0x10,
    0x8, 0x2, 0x80, 0x7, 0x10, 0x4c, 0x11, 0x6a,
    0x1, 0xc5, 0x7, 0x91, 0xaa, 0x52, 0x7f, 0xce,
    0xe7, 0xa, 0x95, 0x80, 0xba, 0xf6, 0x0, 0xbf,
    0xb6, 0x35, 0x96, 0x90, 0x95, 0x99, 0x47, 0x37,
    0xa4, 0x65, 0xa9, 0x90, 0x80, 0xa, 0xc7, 0x90,
    0x62, 0x54, 0xba, 0xc9, 0xaa, 0x80, 0x80, 0x62,
    0x53, 0x80, 0xa2, 0x8, 0x80, 0x80, 0x62, 0x53,
    0x80, 0x80, 0x8, 0x80, 0x80, 0x39, 0x83, 0x80,
    0x80, 0x8, 0x87, 0x90, 0x0, 0x59, 0xb0, 0x80,
    0x1c, 0x92, 0x0, 0x0, 0x0, 0x48, 0xb8, 0x82,
    0x0, 0x0, 0x0, 0x0, 0x0, 0x31, 0x0, 0x0,
    0x0,

    /* U+1F382 "🎂" */
    0x0, 0x3, 0x0, 0x3, 0x0, 0x0, 0x0, 0xd,
    0x6, 0xa, 0x30, 0x0, 0x0, 0x5, 0xc, 0x14,
    0x10, 0x0, 0x0, 0xe, 0x5, 0xa, 0x30, 0x0,
    0x0, 0xe, 0x5d, 0x7c, 0x40, 0x0, 0x5, 0x8f,
    0x1c, 0x2b, 0x88, 0x30, 0x65, 0x24, 0xc, 0x13,
    0x31, 0x83, 0x90, 0xc5, 0x6, 0x10, 0xca, 0x8,
    0x80, 0xa4, 0x2c, 0x70, 0xa8, 0x8, 0xa0, 0x0,
    0x19, 0x30, 0x0, 0x29, 0xc7, 0x2, 0x50, 0x7,
    0x0, 0xb8, 0xaf, 0x7c, 0xf1, 0x4f, 0xa8, 0xf6,
    0x3f, 0xff, 0xff, 0xff, 0xff, 0xe1, 0x3, 0xaf,
    0xff, 0xff, 0xe9, 0x10, 0x0, 0x0, 0x12, 0x21,
    0x0, 0x0,

    /* U+1F389 "🎉" */
    0x0, 0x0, 0x4, 0x60, 0x0, 0x80, 0x0, 0x6,
    0x10, 0x75, 0x0, 0x60, 0x0, 0x81, 0x20, 0x0,
    0x82, 0x60, 0x20, 0x0, 0x27, 0x51, 0x0, 0xa9,
    0x38, 0x18, 0x60, 0x8, 0x0, 0x80, 0x4b, 0x95,
    0x71, 0x39, 0x93, 0x0, 0x6, 0x9b, 0x30, 0x36,
    0x3, 0x0, 0x0, 0x55, 0x9, 0x77, 0x75, 0x5,
    0x0, 0x0, 0xb0, 0x45, 0x6a, 0x60, 0x40, 0x84,
    0x1, 0xd3, 0x30, 0x60, 0x90, 0x34, 0x40, 0x7,
    0x49, 0x0, 0x47, 0xd5, 0x8, 0x0, 0xa, 0x83,
    0x92, 0x41, 0x95, 0x97, 0x0, 0x49, 0x48, 0x28,
    0xdb, 0x20, 0x0, 0x5, 0x97, 0x54, 0xe9, 0x20,
    0x0, 0x80, 0x0, 0x93, 0xc7, 0x10, 0x0, 0x0,
    0x10, 0x25, 0x65, 0x0, 0x0, 0x0, 0x0, 0x0,
    0x0,

    /* U+1F38A "🎊" */
    0x2, 0x98, 0x95, 0x0, 0x39, 0x99, 0x30, 0x1a,
    0x1, 0x64, 0x64, 0x82, 0x91, 0x82, 0x63, 0x1,
    0x9f, 0x96, 0xfb, 0x30, 0x8, 0x62, 0x2e, 0xfc,
    0x26, 0xaf, 0xf5, 0x8, 0x28, 0xcf, 0x93, 0x10,
    0x29, 0xff, 0x65, 0x7, 0xb4, 0x41, 0xa0, 0x74,
    0x5a, 0x90, 0x0, 0x76, 0x90, 0x91, 0x2b, 0x70,
    0x10, 0x8, 0x50, 0xa0, 0xa3, 0x38, 0x90, 0x50,
    0x5, 0x61, 0x92, 0x70, 0x15, 0xa9, 0x0, 0x9,
    0x56, 0x43, 0x60, 0x24, 0x56, 0x60, 0x4, 0xb,
    0x42, 0xa0, 0x71, 0x80, 0x90, 0x70, 0x83, 0x10,
    0x64, 0x0, 0x90, 0x0, 0x7, 0x60, 0x60, 0x64,
    0x0, 0x29, 0x0, 0x55, 0x0, 0x20, 0x30, 0x80,
    0x5, 0x20, 0x0, 0x0, 0x0, 0x0, 0x0, 0x0,
    0x0,

    /* U+1F3E0 "🏠" */
    0x0, 0x2, 0x10, 0x19, 0x80, 0x0, 0x0, 0x0,
    0x0, 0x4f, 0x61, 0xa3, 0x49, 0x0, 0x0, 0x0,
    0x0, 0x2f, 0x5a, 0x39, 0x94, 0x90, 0x0, 0x0,
    0x0, 0x1f, 0xb3, 0x90, 0x9, 0x39, 0x0, 0x0,
    0x0, 0x2c, 0x39, 0x0, 0x0, 0x93, 0x90, 0x0,
    0x1, 0xa3, 0x90, 0x0, 0x0, 0x19, 0x39, 0x0,
    0x1a, 0x39, 0x0, 0x0, 0x0, 0x1, 0x93, 0x90,
    0x28, 0xb0, 0x0, 0x7, 0x60, 0x0, 0x1d, 0x80,
    0x0, 0x86, 0x7c, 0x5f, 0xf7, 0x8c, 0x19, 0x0,
    0x0, 0x86, 0x6c, 0x5f, 0xc7, 0x8b, 0x19, 0x0,
    0x0, 0x81, 0x23, 0x5f, 0xf5, 0x23, 0x9, 0x0,
    0x0, 0xc9, 0xa6, 0x5f, 0xf5, 0x89, 0xaa, 0x0,
    0x0, 0xff, 0xff, 0xb9, 0x9c, 0xff, 0xfc, 0x0,
    0x0, 0x23, 0x49, 0x87, 0x7a, 0x54, 0x31, 0x0,
    0x0, 0x0, 0x3, 0x88, 0x88, 0x10, 0x0, 0x0,

    /* U+1F41D "🐝" */
    0x43, 0x5, 0x70, 0x5, 0x98, 0x80, 0x0, 0x0,
    0x26, 0x70, 0x55, 0x64, 0x0, 0x48, 0x81, 0x0,
    0x0, 0x71, 0x8, 0x80, 0x0, 0x95, 0x19, 0x0,
    0x0, 0x8a, 0x8b, 0x80, 0x4, 0x60, 0x7, 0x10,
    0x29, 0x20, 0x3, 0xe0, 0x28, 0x0, 0x5, 0x30,
    0xc5, 0x8, 0x90, 0x64, 0x90, 0x0, 0x9, 0x0,
    0x90, 0xf, 0xf1, 0x2d, 0x10, 0x3, 0xb6, 0x0,
    0x80, 0x3, 0x40, 0x29, 0x47, 0x9f, 0x47, 0xb3,
    0x5a, 0x20, 0x0, 0x88, 0x8f, 0x19, 0xd0, 0xc0,
    0x9, 0x20, 0x6, 0xfa, 0xe, 0x72, 0xf3, 0x80,
    0x0, 0x79, 0xef, 0xff, 0x9, 0xb0, 0xda, 0x50,
    0x0, 0x98, 0x6f, 0xff, 0x66, 0xe0, 0xca, 0x0,
    0x0, 0x5, 0x91, 0xa7, 0x79, 0xa8, 0x40, 0x0,
    0x0, 0x2, 0x6, 0x35, 0x30, 0x0, 0x0, 0x0,
    0x0, 0x0, 0x1, 0x1, 0x10, 0x0, 0x0, 0x0,

    /* U+1F427 "🐧" */
    0x1, 0x4a, 0xdc, 0x40, 0x0, 0x67, 0x5f, 0x8f,
    0xf1, 0x0, 0x67, 0xcf, 0xcc, 0xa7, 0x0, 0x2,
    0xff, 0xf2, 0x7, 0x0, 0x9, 0x16, 0x30, 0x1c,
    0x0, 0x9, 0x0, 0xb, 0xff, 0x60, 0x27, 0x0,
    0xe, 0xff, 0xb0, 0x47, 0x0, 0xf, 0xff, 0xf0,
    0x59, 0x0, 0xd, 0xff, 0xf2, 0x3d, 0x0, 0x9,
    0xff, 0xf4, 0xe, 0x50, 0x2, 0xdf, 0xf5, 0x0,
    0x84, 0x0, 0xa, 0xf6, 0x0, 0xa, 0xb8, 0x99,
    0x85, 0x0, 0x4d, 0x6a, 0xf2, 0x0, 0x0, 0x0,
    0x1, 0x10, 0x0,

    /* U+1F431 "🐱" */
    0x0, 0x73, 0x0, 0x0, 0x0, 0x0, 0x64, 0x0,
    0x7, 0x26, 0x70, 0x0, 0x0, 0x19, 0x28, 0x10,
    0x8, 0x23, 0x57, 0x78, 0x85, 0x91, 0x54, 0x30,
    0x8, 0x4f, 0x34, 0xf9, 0xdd, 0x18, 0xe4, 0x40,
    0x8, 0x2a, 0x0, 0xa7, 0xa6, 0x2, 0xa5, 0x30,
    0x6, 0x20, 0x0, 0x0, 0x0, 0x0, 0x8, 0x0,
    0x4, 0x40, 0x0, 0x0, 0x0, 0x0, 0x8, 0x0,
    0x6, 0x10, 0xe7, 0x0, 0x0, 0xb8, 0x8, 0x0,
    0x7c, 0x70, 0xe7, 0x2, 0x20, 0xb8, 0x1c, 0x94,
    0x19, 0x60, 0x0, 0x1f, 0xd0, 0x0, 0x1b, 0x30,
    0x65, 0xa0, 0x1, 0x38, 0x53, 0x0, 0x2a, 0x63,
    0x7, 0xc6, 0x0, 0x64, 0x65, 0x0, 0xc9, 0x30,
    0x2, 0x8, 0x60, 0x0, 0x0, 0x29, 0x30, 0x30,
    0x0, 0x0, 0x38, 0x88, 0x89, 0x71, 0x0, 0x0,

    /* U+1F436 "🐶" */
    0x0, 0x3, 0x52, 0x26, 0x88, 0x62, 0x15, 0x30,
    0x0, 0x3, 0xdf, 0xff, 0x72, 0x0, 0x26, 0xdf,
    0xfd, 0x30, 0xe, 0xff, 0xf8, 0x0, 0x0, 0x0,
    0x5f, 0xff, 0xe0, 0xf, 0xff, 0xf4, 0x0, 0x0,
    0x0, 0x1f, 0xff, 0xf0, 0xf, 0xff, 0xf2, 0x0,
    0x0, 0x1, 0x2f, 0xff, 0xf0, 0xe, 0xff, 0xe0,
    0x0, 0x0, 0x7f, 0xff, 0xff, 0xe0, 0xc, 0xff,
    0xa0, 0x20, 0x0, 0xe7, 0x9f, 0xff, 0xc0, 0x7,
    0xff, 0x45, 0xf2, 0x0, 0x9e, 0x9f, 0xff, 0x80,
    0x0, 0xbc, 0x2, 0xb0, 0x34, 0x9a, 0x9d, 0xab,
    0x10, 0x0, 0x8, 0x0, 0x0, 0xad, 0x27, 0x71,
    0x80, 0x0, 0x0, 0x4, 0x50, 0x8, 0xbc, 0x82,
    0x2, 0x60, 0x0, 0x0, 0x0, 0x91, 0x0, 0xdf,
    0x10, 0x9, 0x0, 0x0, 0x0, 0x0, 0x1a, 0x30,
    0x58, 0x2, 0x92, 0x0, 0x0, 0x0, 0x0, 0x0,
    0x69, 0x98, 0x97, 0x0, 0x0, 0x0,

    /* U+1F438 "🐸" */
    0x0, 0x48, 0x71, 0x0, 0x0, 0x37, 0x72, 0x0,
    0x6, 0x50, 0x29, 0x30, 0x6, 0x60, 0x19, 0x20,
    0x8, 0x1, 0x10, 0x98, 0x86, 0x3, 0x0, 0x90,
    0x8, 0xe, 0xc0, 0x0, 0x0, 0x5f, 0x50, 0x90,
    0x8, 0xa, 0x90, 0x0, 0x0, 0x3e, 0x30, 0x90,
    0x54, 0x0, 0x0, 0x0, 0x1, 0x0, 0x0, 0x81,
    0x90, 0x0, 0x6, 0x40, 0xa, 0x0, 0x0, 0x17,
    0x80, 0x59, 0x40, 0x0, 0x0, 0x26, 0x90, 0x9,
    0x80, 0xae, 0x58, 0x88, 0x88, 0x69, 0xf2, 0x8,
    0x90, 0x8, 0x72, 0x0, 0x0, 0x48, 0x40, 0x17,
    0x46, 0x0, 0x16, 0x88, 0x88, 0x30, 0x0, 0x81,
    0x7, 0x50, 0x0, 0x0, 0x0, 0x0, 0x7, 0x40,
    0x0, 0x59, 0x30, 0x0, 0x0, 0x4, 0x93, 0x0,
    0x0, 0x0, 0x68, 0x88, 0x88, 0x84, 0x0, 0x0,

    /* U+1F43B "🐻" */
    0x0, 0x47, 0x20, 0x2, 0x20, 0x3, 0x73, 0x0,
    0x8, 0xa6, 0xdb, 0xff, 0xff, 0xbc, 0x5c, 0x40,
    0xd, 0x8, 0xff, 0xff, 0xff, 0xff, 0x52, 0xb0,
    0xc, 0x9f, 0xff, 0xff, 0xff, 0xff, 0xf9, 0x90,
    0x6, 0xff, 0xff, 0xff, 0xff, 0xff, 0xff, 0x20,
    0xa, 0xff, 0xff, 0xff, 0xff, 0xef, 0xff, 0x70,
    0xf, 0xff, 0x46, 0xfe, 0xff, 0x28, 0xff, 0xc0,
    0x3f, 0xff, 0xbb, 0x40, 0x7, 0x9d, 0xff, 0xf0,
    0x4f, 0xff, 0xf5, 0x2f, 0xe0, 0x9f, 0xff, 0xf0,
    0x3f, 0xff, 0xf0, 0x1a, 0x90, 0x3f, 0xff, 0xf0,
    0xe, 0xff, 0xf0, 0x53, 0x43, 0x3f, 0xff, 0xb0,
    0x6, 0xff, 0xf8, 0x5, 0x41, 0xbf, 0xff, 0x30,
    0x0, 0x7f, 0xff, 0xec, 0xcf, 0xff, 0xe4, 0x0,
    0x0, 0x2, 0x8c, 0xef, 0xfe, 0xb7, 0x10, 0x0,

    /* U+1F44A "👊" */
    0x0, 0x0, 0x0, 0x0, 0x20, 0x0, 0x0, 0x0,
    0x0, 0x0, 0x36, 0x49, 0x68, 0x68, 0x30, 0x0,
    0x0, 0x89, 0x72, 0x50, 0x0, 0x20, 0x73, 0x0,
    0x7, 0x30, 0x0, 0x0, 0x0, 0x0, 0x8, 0x0,
    0x9, 0x0, 0x0, 0x0, 0x2, 0x0, 0x8, 0x0,
    0x35, 0x5, 0x0, 0x60, 0x6, 0x20, 0x4, 0x40,
    0x62, 0x8, 0x0, 0x80, 0x3, 0x50, 0x0, 0x80,
    0x80, 0x8, 0x0, 0x80, 0x1, 0x70, 0x7, 0x80,
    0x70, 0x8, 0x0, 0x80, 0x0, 0x80, 0x8, 0x71,
    0x37, 0x29, 0x0, 0x80, 0x0, 0x90, 0x8, 0x53,
    0x3, 0x69, 0x67, 0xc0, 0x1, 0xc0, 0x9, 0x62,
    0x0, 0x0, 0x21, 0x4b, 0x89, 0x38, 0x81, 0x90,
    0x0, 0x0, 0x0, 0x19, 0x1, 0x67, 0x36, 0x50,
    0x0, 0x0, 0x0, 0x2, 0x88, 0x31, 0x53, 0x0,

    /* U+1F44B "👋" */
    0x0, 0x0, 0x0, 0x0, 0x19, 0x30, 0x0, 0x0,
    0x0, 0x0, 0x3, 0x4, 0x35, 0x0, 0x0, 0x0,
    0x7, 0x9b, 0x79, 0x4, 0x4, 0x70, 0x0, 0x0,
    0x90, 0x86, 0x19, 0x2, 0x77, 0x10, 0x0, 0xa,
    0xa0, 0x85, 0x19, 0x63, 0x80, 0x0, 0x2, 0x62,
    0x90, 0x84, 0x1c, 0x45, 0x30, 0x0, 0xc, 0x22,
    0x90, 0x60, 0x64, 0x8, 0x0, 0x7, 0x48, 0x32,
    0x80, 0x8, 0x0, 0x80, 0x0, 0x55, 0x8, 0x30,
    0x0, 0x80, 0x2, 0x60, 0x3, 0x65, 0x2, 0x0,
    0x8, 0x0, 0x8, 0x24, 0x72, 0x66, 0x0, 0x0,
    0x23, 0x0, 0x80, 0x94, 0x0, 0x66, 0x0, 0x0,
    0x0, 0x17, 0x0, 0x10, 0x0, 0x66, 0x0, 0x0,
    0x9, 0x10, 0x0, 0x0, 0x0, 0x49, 0x30, 0x29,
    0x40, 0x0, 0x0, 0x0, 0x0, 0x5, 0x86, 0x10,
    0x0,

    /* U+1F44C "👌" */
    0x0, 0x39, 0x70, 0x0, 0x0, 0x0, 0x71, 0x29,
    0x10, 0x0, 0x0, 0x9a, 0x20, 0x94, 0x0, 0x0,
    0x90, 0x95, 0x7, 0x30, 0x0, 0x56, 0x8, 0x20,
    0x90, 0x0, 0x7a, 0x89, 0xb2, 0x44, 0x39, 0x13,
    0x84, 0x9, 0x18, 0x92, 0x77, 0x7, 0x31, 0x88,
    0x6e, 0x20, 0x0, 0x80, 0x18, 0x92, 0x70, 0x1,
    0x80, 0x8, 0x80, 0x74, 0x8, 0x20, 0x9, 0x90,
    0x5, 0x82, 0x0, 0x17, 0x29, 0x0, 0x0, 0x0,
    0x81, 0x3, 0xa4, 0x0, 0x39, 0x40, 0x0, 0x4,
    0x77, 0x50, 0x0,

    /* U+1F44D "👍" */
    0x0, 0x0, 0x0, 0x9, 0x90, 0x0, 0x0, 0x0,
    0x0, 0x0, 0x8, 0x26, 0x0, 0x0, 0x0, 0x0,
    0x0, 0x17, 0x8, 0x0, 0x0, 0x0, 0x0, 0x0,
    0x63, 0x27, 0x0, 0x0, 0x0, 0x0, 0x6, 0x60,
    0x73, 0x23, 0x0, 0x0, 0x0, 0x93, 0x0, 0xc8,
    0x66, 0x70, 0x0, 0x18, 0x10, 0x2, 0x60, 0x0,
    0x80, 0x88, 0x74, 0x0, 0x0, 0xeb, 0xab, 0xa1,
    0x80, 0x0, 0x0, 0x6, 0xf1, 0x0, 0x44, 0x80,
    0x0, 0x0, 0x86, 0x7b, 0x99, 0xb1, 0x80, 0x0,
    0x0, 0x0, 0x94, 0x0, 0x81, 0x80, 0x0, 0x0,
    0x0, 0x69, 0x42, 0x90, 0x67, 0x77, 0x30, 0x0,
    0x88, 0x5c, 0x30, 0x0, 0x0, 0x58, 0x88, 0xd6,
    0x18, 0x0, 0x0, 0x0, 0x0, 0x0, 0x1, 0x32,
    0x0,

    /* U+1F44E "👎" */
    0x0, 0x0, 0x6, 0x88, 0xaa, 0x88, 0x0, 0x13,
    0x36, 0x93, 0x0, 0xb0, 0x9, 0x0, 0x85, 0x52,
    0x0, 0x0, 0x6c, 0x98, 0x90, 0x80, 0x0, 0x0,
    0x0, 0x92, 0x0, 0x61, 0x80, 0x0, 0x0, 0x71,
    0x6d, 0xbb, 0xc0, 0x80, 0x0, 0x0, 0x1a, 0xc1,
    0x0, 0x53, 0x80, 0x0, 0x0, 0x1, 0xf9, 0x64,
    0x82, 0x58, 0x87, 0x0, 0x1, 0xa3, 0x47, 0x90,
    0x0, 0x5, 0x40, 0x1, 0xa2, 0x0, 0x80, 0x0,
    0x0, 0x58, 0x0, 0xa7, 0x88, 0x20, 0x0, 0x0,
    0x1, 0x90, 0x54, 0x0, 0x0, 0x0, 0x0, 0x0,
    0x45, 0x7, 0x0, 0x0, 0x0, 0x0, 0x0, 0x7,
    0x8, 0x0, 0x0, 0x0, 0x0, 0x0, 0x8, 0x64,
    0x0, 0x0, 0x0, 0x0, 0x0, 0x5, 0x50, 0x0,
    0x0,

    /* U+1F44F "👏" */
    0x0, 0x0, 0x0, 0x0, 0x6, 0x4, 0x0, 0x0,
    0x0, 0x58, 0x13, 0x7, 0x16, 0x0, 0x5, 0x78,
    0xb4, 0xd6, 0x60, 0x1, 0x92, 0x9, 0x5c, 0x8,
    0xc1, 0xb9, 0x60, 0x0, 0xd, 0x34, 0xa0, 0x98,
    0x90, 0x86, 0x74, 0x64, 0x91, 0x2a, 0x8, 0xc0,
    0xa7, 0x64, 0x3c, 0x19, 0x11, 0x40, 0x30, 0x94,
    0x90, 0x92, 0x91, 0x91, 0x0, 0x0, 0x35, 0x80,
    0x56, 0x1a, 0x11, 0x0, 0x0, 0x8, 0x80, 0x7,
    0x61, 0x0, 0x0, 0x0, 0x8, 0x80, 0x0, 0x75,
    0x0, 0x0, 0x0, 0x8, 0x80, 0x0, 0x7, 0x50,
    0x0, 0x0, 0x18, 0x90, 0x0, 0x0, 0x75, 0x0,
    0x0, 0x9a, 0x20, 0x0, 0x0, 0x7, 0x60, 0x3c,
    0xb2, 0x0, 0x0, 0x0, 0x0, 0x38, 0x73, 0x0,
    0x0,

    /* U+1F494 "💔" */
    0x1, 0x88, 0x88, 0x20, 0x3, 0x88, 0x97, 0x0,
    0x1a, 0x10, 0x0, 0x93, 0x18, 0x0, 0x2, 0x90,
    0x81, 0x0, 0x0, 0x44, 0x71, 0x0, 0x0, 0x54,
    0x80, 0x0, 0x0, 0x90, 0x90, 0x0, 0x0, 0x8,
    0x80, 0x0, 0x1, 0x74, 0x40, 0x0, 0x0, 0x8,
    0x80, 0x0, 0x5, 0x47, 0x30, 0x0, 0x0, 0x26,
    0x54, 0x0, 0x0, 0x90, 0x90, 0x0, 0x0, 0x71,
    0x9, 0x0, 0x0, 0x28, 0x28, 0x0, 0x1, 0x80,
    0x3, 0x70, 0x0, 0x27, 0x37, 0x0, 0x9, 0x10,
    0x0, 0x74, 0x0, 0x90, 0x90, 0x0, 0x74, 0x0,
    0x0, 0x8, 0x30, 0x91, 0x70, 0x6, 0x50, 0x0,
    0x0, 0x0, 0x84, 0x80, 0x90, 0x75, 0x0, 0x0,
    0x0, 0x0, 0x7, 0xa3, 0x88, 0x40, 0x0, 0x0,
    0x0, 0x0, 0x0, 0x57, 0x43, 0x0, 0x0, 0x0,
    0x0, 0x0, 0x0, 0x0, 0x0, 0x0, 0x0, 0x0,

    /* U+1F495 "💕" */
    0x0, 0x0, 0x0, 0x0, 0x0, 0x7, 0x73, 0x0,
    0x0, 0x0, 0x3, 0x77, 0xa1, 0x8, 0x0, 0x0,
    0x0, 0x7, 0x0, 0x10, 0x7, 0x0, 0x0, 0x0,
    0x8, 0x0, 0x0, 0x8, 0x7, 0x98, 0x80, 0x2,
    0x70, 0x0, 0x35, 0x73, 0x0, 0x18, 0x0, 0x28,
    0x10, 0x80, 0x90, 0x0, 0x8, 0x58, 0x61, 0x69,
    0x20, 0x80, 0x0, 0x4, 0x30, 0x2a, 0x0, 0x0,
    0x80, 0x0, 0x0, 0x0, 0x2, 0x60, 0x0, 0x80,
    0x0, 0x0, 0x0, 0x0, 0x80, 0x0, 0x80, 0x0,
    0x0, 0x0, 0x5, 0x40, 0x0, 0x53, 0x0, 0x0,
    0x0, 0x58, 0x0, 0x0, 0x18, 0x0, 0x1, 0x69,
    0x50, 0x0, 0x0, 0x9, 0x78, 0x87, 0x30, 0x0,
    0x0, 0x0, 0x1, 0x10, 0x0, 0x0, 0x0, 0x0,
    0x0,

    /* U+1F499 "💙" */
    0x1, 0x99, 0x89, 0x30, 0x5, 0x98, 0x98, 0x0,
    0x1d, 0x98, 0x89, 0xe4, 0x7d, 0x88, 0x8a, 0xb0,
    0x71, 0x0, 0x0, 0x9, 0x70, 0x0, 0x0, 0x44,
    0xb8, 0x88, 0x88, 0x8a, 0x98, 0x88, 0x88, 0x98,
    0x80, 0x0, 0x0, 0x0, 0x0, 0x0, 0x0, 0x8,
    0x98, 0x88, 0x88, 0x88, 0x88, 0x88, 0x88, 0x96,
    0x44, 0x0, 0x0, 0x0, 0x0, 0x0, 0x0, 0x71,
    0xc, 0x98, 0x88, 0x88, 0x88, 0x88, 0x8a, 0x90,
    0x2, 0x70, 0x0, 0x0, 0x0, 0x0, 0x9, 0x0,
    0x0, 0x5d, 0x88, 0x88, 0x88, 0x88, 0xe2, 0x0,
    0x0, 0x6, 0x50, 0x0, 0x0, 0x8, 0x30, 0x0,
    0x0, 0x0, 0x6d, 0x88, 0x89, 0xe3, 0x0, 0x0,
    0x0, 0x0, 0x4, 0x98, 0x8a, 0x20, 0x0, 0x0,
    0x0, 0x0, 0x0, 0x29, 0x91, 0x0, 0x0, 0x0,
    0x0, 0x0, 0x0, 0x0, 0x0, 0x0, 0x0, 0x0,

    /* U+1F49A "💚" */
    0x1, 0x89, 0xc8, 0x20, 0x3, 0x9b, 0xa7, 0x0,
    0x9, 0x75, 0x2a, 0x93, 0x68, 0x90, 0x95, 0x80,
    0x7a, 0x26, 0x61, 0xaa, 0xc4, 0x29, 0x9, 0x84,
    0xa0, 0x92, 0x47, 0x1c, 0x27, 0x51, 0x91, 0x88,
    0xa9, 0x9, 0x34, 0x80, 0x92, 0x66, 0x19, 0x19,
    0x81, 0x91, 0x84, 0x39, 0x9, 0x35, 0x70, 0xa7,
    0x57, 0x19, 0x17, 0x52, 0x90, 0x83, 0x48, 0x72,
    0xd, 0x80, 0x92, 0x66, 0x1a, 0x17, 0x44, 0xa0,
    0x3, 0xa8, 0x9, 0x25, 0x71, 0xa1, 0x6b, 0x10,
    0x0, 0x67, 0x90, 0x83, 0x48, 0x9, 0x83, 0x0,
    0x0, 0x7, 0x69, 0x17, 0x43, 0x97, 0x50, 0x0,
    0x0, 0x0, 0x76, 0x91, 0x75, 0x94, 0x0, 0x0,
    0x0, 0x0, 0x5, 0x79, 0x2b, 0x30, 0x0, 0x0,
    0x0, 0x0, 0x0, 0x39, 0xc2, 0x0, 0x0, 0x0,
    0x0, 0x0, 0x0, 0x1, 0x0, 0x0, 0x0, 0x0,

    /* U+1F49B "💛" */
    0x1, 0x89, 0x88, 0x10, 0x3, 0x88, 0x97, 0x0,
    0xa, 0x60, 0x43, 0x93, 0x5a, 0x4, 0x7, 0x80,
    0x74, 0x2, 0x2, 0x19, 0x80, 0x20, 0x20, 0x74,
    0x91, 0x1, 0x1, 0x2, 0x10, 0x10, 0x0, 0x18,
    0xb1, 0x42, 0x14, 0x3, 0x30, 0x33, 0x4, 0x29,
    0x84, 0x15, 0x40, 0x53, 0x15, 0x32, 0x53, 0x47,
    0x53, 0x0, 0x0, 0x0, 0x0, 0x0, 0x0, 0x72,
    0x9, 0x52, 0x25, 0x4, 0x40, 0x44, 0x6, 0x90,
    0x3, 0x64, 0x31, 0x42, 0x14, 0x31, 0x49, 0x10,
    0x0, 0x64, 0x0, 0x0, 0x0, 0x10, 0x73, 0x0,
    0x0, 0x8, 0x74, 0x3, 0x30, 0x39, 0x50, 0x0,
    0x0, 0x0, 0x75, 0x53, 0x23, 0x74, 0x0, 0x0,
    0x0, 0x0, 0x5, 0x61, 0x18, 0x30, 0x0, 0x0,
    0x0, 0x0, 0x0, 0x3a, 0xa2, 0x0, 0x0, 0x0,
    0x0, 0x0, 0x0, 0x1, 0x0, 0x0, 0x0, 0x0,

    /* U+1F49C "💜" */
    0x1, 0x8c, 0x98, 0x20, 0x3, 0xaa, 0x97, 0x0,
    0x9, 0x65, 0x19, 0x83, 0x69, 0x80, 0x85, 0x90,
    0x78, 0x42, 0x80, 0x7a, 0xb7, 0x8, 0x15, 0xa4,
    0xb4, 0x38, 0x8, 0x26, 0x71, 0x81, 0x65, 0x28,
    0x84, 0x70, 0x82, 0x55, 0x18, 0x7, 0x42, 0x89,
    0xa6, 0x8, 0x16, 0x52, 0x80, 0x73, 0x37, 0x27,
    0x55, 0x91, 0x74, 0x28, 0x8, 0x24, 0x70, 0xb2,
    0xc, 0x8, 0x33, 0x70, 0x82, 0x56, 0x1a, 0xa0,
    0x3, 0xb2, 0x47, 0x9, 0x16, 0x51, 0x8a, 0x10,
    0x0, 0x68, 0x61, 0x91, 0x74, 0x28, 0x73, 0x0,
    0x0, 0x7, 0x68, 0x7, 0x33, 0x77, 0x50, 0x0,
    0x0, 0x0, 0x75, 0x82, 0x47, 0x74, 0x0, 0x0,
    0x0, 0x0, 0x6, 0x85, 0x68, 0x30, 0x0, 0x0,
    0x0, 0x0, 0x0, 0x4b, 0x92, 0x0, 0x0, 0x0,
    0x0, 0x0, 0x0, 0x1, 0x0, 0x0, 0x0, 0x0,

    /* U+1F4A1 "💡" */
    0x0, 0x49, 0x88, 0x82, 0x0, 0x7, 0x50, 0x0,
    0x7, 0x50, 0x46, 0x0, 0x0, 0x0, 0x81, 0x80,
    0x8, 0x56, 0x70, 0x27, 0x80, 0xa, 0x58, 0x70,
    0x8, 0x81, 0x7, 0x64, 0x70, 0x36, 0x28, 0x7,
    0x67, 0x60, 0x90, 0x7, 0x25, 0x12, 0x44, 0x60,
    0x0, 0x80, 0x55, 0x8, 0x0, 0x0, 0xb2, 0x45,
    0x2b, 0x0, 0x0, 0x9a, 0xee, 0xc9, 0x0, 0x0,
    0x48, 0x56, 0x93, 0x0, 0x0, 0x1a, 0x26, 0xb0,
    0x0, 0x0, 0x7, 0xcc, 0x50, 0x0, 0x0, 0x0,
    0x43, 0x0, 0x0,

    /* U+1F4A4 "💤" */
    0x0, 0x0, 0x0, 0x0, 0x10, 0x0, 0x0, 0x0,
    0x0, 0x8, 0x88, 0xb0, 0x0, 0x0, 0x0, 0x0,
    0x0, 0x6, 0x40, 0x0, 0x0, 0x0, 0x0, 0x0,
    0x9, 0x0, 0x0, 0x0, 0x0, 0x0, 0x0, 0x54,
    0x0, 0x6, 0x85, 0x3, 0x8b, 0x0, 0x90, 0x0,
    0x0, 0x80, 0x65, 0x8, 0x4, 0xb8, 0x85, 0x5,
    0x20, 0x0, 0x44, 0x0, 0x0, 0x0, 0xa, 0x63,
    0x0, 0x80, 0x0, 0x0, 0x0, 0x0, 0x0, 0x0,
    0x90, 0x1, 0x0, 0x0, 0x0, 0x0, 0x1, 0x97,
    0x83, 0x0, 0x0, 0x0, 0x0, 0x2, 0x50, 0x0,
    0x0, 0x0, 0x0, 0x0,

    /* U+1F4A5 "💥" */
    0x1, 0x0, 0x0, 0x3, 0x10, 0x0, 0x1, 0x0,
    0x6, 0x81, 0x0, 0x6, 0x60, 0x0, 0x3a, 0x0,
    0x0, 0x76, 0x50, 0x6, 0x33, 0x5, 0x46, 0x0,
    0x0, 0x42, 0x27, 0x36, 0x7, 0x72, 0x42, 0x0,
    0x0, 0x7, 0x1, 0x45, 0x31, 0x11, 0x60, 0x10,
    0x0, 0x2, 0x46, 0x70, 0xb5, 0xa0, 0x97, 0x90,
    0x19, 0x66, 0x60, 0xdd, 0xff, 0x80, 0x7, 0x0,
    0x1, 0x60, 0x5, 0xaf, 0xff, 0xe3, 0x53, 0x0,
    0x0, 0x6, 0x21, 0xcf, 0xff, 0x60, 0x76, 0x20,
    0x0, 0x7, 0x23, 0x7c, 0xcd, 0x70, 0x26, 0x60,
    0x0, 0x71, 0x11, 0x1, 0x11, 0x0, 0x80, 0x0,
    0x5, 0x66, 0x56, 0x6, 0x40, 0x71, 0x43, 0x0,
    0x0, 0x0, 0x38, 0x60, 0x75, 0x25, 0x6a, 0x0,
    0x0, 0x0, 0x21, 0x0, 0x29, 0x0, 0x2, 0x0,
    0x0, 0x0, 0x0, 0x0, 0x0, 0x0, 0x0, 0x0,

    /* U+1F4A9 "💩" */
    0x0, 0x0, 0x0, 0x4a, 0x0, 0x0, 0x0, 0x0,
    0x0, 0x0, 0x7f, 0xf1, 0x0, 0x0, 0x0, 0x0,
    0x0, 0xf, 0xff, 0xea, 0x50, 0x0, 0x0, 0x0,
    0x2, 0xff, 0xff, 0xff, 0x80, 0x0, 0x0, 0x4,
    0xff, 0xff, 0xff, 0xfc, 0x0, 0x0, 0x0, 0xdf,
    0xff, 0xff, 0xff, 0xf5, 0x0, 0x0, 0xf, 0xe6,
    0x7f, 0xe6, 0x8f, 0xf0, 0x0, 0x2b, 0xf7, 0x86,
    0xa5, 0xa5, 0xbf, 0xa0, 0xc, 0xff, 0x95, 0x3c,
    0x76, 0x3d, 0xff, 0x80, 0xff, 0xff, 0xcd, 0xff,
    0xbd, 0xff, 0xfd, 0xf, 0xff, 0xf6, 0x45, 0x43,
    0xaf, 0xff, 0xb0, 0x7f, 0xff, 0xc0, 0x0, 0x2e,
    0xff, 0xf4, 0x0, 0x9f, 0xff, 0xea, 0xbf, 0xff,
    0xf6, 0x0, 0x0, 0x39, 0xef, 0xff, 0xfd, 0x81,
    0x0, 0x0, 0x0, 0x0, 0x2, 0x10, 0x0, 0x0,
    0x0,

    /* U+1F4AA "💪" */
    0x0, 0x0, 0x18, 0x89, 0x0, 0x0, 0x0, 0x0,
    0x3, 0x91, 0x4, 0x60, 0x0, 0x0, 0x0, 0x29,
    0x6, 0x80, 0x90, 0x0, 0x0, 0x0, 0xa0, 0x63,
    0x8c, 0x40, 0x0, 0x0, 0x6, 0x30, 0x77, 0x85,
    0x0, 0x0, 0x0, 0x9, 0x0, 0x80, 0x0, 0x0,
    0x0, 0x0, 0x35, 0x0, 0x80, 0x0, 0x0, 0x0,
    0x0, 0x80, 0x0, 0x80, 0x7, 0x98, 0x98, 0x20,
    0x90, 0x0, 0x80, 0x92, 0x0, 0x0, 0x93, 0x80,
    0x3, 0xc8, 0x10, 0x0, 0x0, 0x9, 0x80, 0x9,
    0x2, 0x20, 0x0, 0x0, 0x8, 0x80, 0x8, 0x0,
    0xa1, 0x0, 0x8, 0x8, 0x90, 0x1, 0x0, 0x18,
    0x88, 0x82, 0x18, 0x2a, 0x52, 0x10, 0x0, 0x0,
    0x26, 0x90, 0x0, 0x36, 0x78, 0x88, 0x88, 0x62,
    0x0,

    /* U+1F4AC "💬" */
    0x0, 0x0, 0x36, 0x88, 0x63, 0x0, 0x0, 0x3,
    0x96, 0x20, 0x1, 0x59, 0x30, 0x2, 0x90, 0x0,
    0x0, 0x0, 0x8, 0x20, 0x90, 0x0, 0x0, 0x0,
    0x0, 0x9, 0x8, 0x2, 0x30, 0x13, 0x1, 0x40,
    0x80, 0x80, 0x8a, 0x6, 0xb0, 0x5d, 0x8, 0x9,
    0x0, 0x0, 0x0, 0x0, 0x0, 0x90, 0x74, 0x0,
    0x0, 0x0, 0x0, 0x36, 0x0, 0x75, 0x0, 0x0,
    0x0, 0x58, 0x0, 0x0, 0x90, 0x28, 0x88, 0x94,
    0x0, 0x0, 0x9, 0x19, 0x0, 0x0, 0x0, 0x0,
    0x0, 0xa7, 0x0, 0x0, 0x0, 0x0,

    /* U+1F4AF "💯" */
    0x0, 0x0, 0x64, 0x0, 0x0, 0x3, 0x41, 0x0,
    0x0, 0x6e, 0xf1, 0x69, 0x5c, 0xdd, 0xee, 0x40,
    0x1d, 0x87, 0xb4, 0xb0, 0xb6, 0x2c, 0x5, 0xa0,
    0x0, 0xc, 0x4d, 0x20, 0xa5, 0x95, 0x4, 0xb0,
    0x0, 0x2d, 0x3c, 0x0, 0xb3, 0xe1, 0x5, 0x90,
    0x0, 0x77, 0x68, 0x0, 0xe2, 0xe0, 0x9, 0x60,
    0x0, 0xd1, 0x78, 0x4, 0xc1, 0xd0, 0xe, 0x10,
    0x2, 0xb0, 0x4c, 0x3d, 0x30, 0xe3, 0x98, 0x0,
    0x6, 0x50, 0x7, 0xa4, 0x0, 0x4b, 0x80, 0x0,
    0x7, 0x0, 0x0, 0x1, 0x35, 0x67, 0x40, 0x0,
    0x0, 0x4, 0x9c, 0xeb, 0x85, 0x20, 0x2, 0x40,
    0x0, 0x6, 0x62, 0x0, 0x36, 0x98, 0x74, 0x20,
    0x0, 0x1, 0x48, 0xcb, 0x73, 0x0, 0x0, 0x0,
    0x18, 0xde, 0x95, 0x0, 0x0, 0x0, 0x0, 0x0,
    0x37, 0x30, 0x0, 0x0, 0x0, 0x0, 0x0, 0x0,

    /* U+1F4BB "💻" */
    0x0, 0xb8, 0x88, 0x88, 0x88, 0x88, 0x8b, 0x0,
    0x0, 0x83, 0x66, 0x66, 0x66, 0x66, 0x38, 0x0,
    0x0, 0x89, 0xff, 0xff, 0xff, 0xff, 0x88, 0x0,
    0x0, 0x89, 0xff, 0xff, 0xff, 0xff, 0x88, 0x0,
    0x0, 0x89, 0xff, 0xff, 0xff, 0xff, 0x88, 0x0,
    0x0, 0x89, 0xff, 0xff, 0xff, 0xff, 0x88, 0x0,
    0x0, 0x88, 0xff, 0xff, 0xff, 0xff, 0x78, 0x0,
    0x0, 0xa2, 0x22, 0x22, 0x22, 0x22, 0x29, 0x0,
    0x6, 0x87, 0x78, 0x87, 0x77, 0x77, 0x89, 0x50,
    0x19, 0x87, 0x63, 0x56, 0x45, 0x66, 0x67, 0x90,
    0x99, 0xa7, 0x89, 0xbb, 0xbb, 0x98, 0x7b, 0x97,
    0xa5, 0x55, 0x55, 0x55, 0x55, 0x55, 0x55, 0x59,
    0x68, 0x88, 0x88, 0x88, 0x88, 0x88, 0x88, 0x84,

    /* U+1F4C5 "📅" */
    0xde, 0xbf, 0xff, 0xff, 0xff, 0xf4, 0xfa, 0xe9,
    0x4f, 0xcf, 0xfb, 0xff, 0xb0, 0xda, 0xef, 0xdf,
    0x9a, 0xa9, 0xaa, 0xfc, 0xfa, 0xef, 0xfb, 0x87,
    0x79, 0xba, 0xff, 0xfa, 0xef, 0xfd, 0xed, 0xee,
    0x9d, 0xff, 0xfa, 0xde, 0xee, 0xee, 0xee, 0xee,
    0xee, 0xea, 0x80, 0x0, 0x0, 0x0, 0x0, 0x0,
    0x8, 0x80, 0x2, 0xa3, 0x8, 0xab, 0x30, 0x8,
    0x80, 0x1, 0x94, 0x0, 0xa, 0x0, 0x8, 0x80,
    0x0, 0x74, 0x0, 0x65, 0x0, 0x8, 0x80, 0x0,
    0x74, 0x0, 0xa1, 0x0, 0x8, 0x80, 0x5, 0xcb,
    0x20, 0xc0, 0x0, 0x8, 0x80, 0x0, 0x0, 0x0,
    0x0, 0x0, 0x8, 0x80, 0x0, 0x0, 0x0, 0x0,
    0x0, 0x8, 0x78, 0x88, 0x88, 0x88, 0x88, 0x88,
    0x85,

    /* U+1F4CC "📌" */
    0x0, 0x0, 0x0, 0x0, 0x8, 0x96, 0x0, 0x0,
    0x0, 0x0, 0x0, 0x8, 0xa0, 0x39, 0x0, 0x0,
    0x0, 0x0, 0x0, 0x83, 0x60, 0x29, 0x0, 0x0,
    0x0, 0x0, 0xa, 0x17, 0x40, 0x45, 0x0, 0x1,
    0x98, 0x88, 0x69, 0x7, 0x60, 0x90, 0x0, 0x71,
    0x0, 0x30, 0x29, 0x13, 0xc6, 0x0, 0x4, 0x40,
    0x0, 0x0, 0x79, 0x97, 0x0, 0x0, 0xa, 0x0,
    0x0, 0x47, 0x0, 0x0, 0x0, 0x0, 0x3a, 0x0,
    0x1, 0x70, 0x0, 0x0, 0x0, 0xa, 0x69, 0x0,
    0x8, 0x0, 0x0, 0x0, 0xa, 0x3a, 0x39, 0x31,
    0x80, 0x0, 0x0, 0xa, 0x3a, 0x10, 0x5, 0x81,
    0x0, 0x0, 0x7, 0x5a, 0x10, 0x0, 0x0, 0x0,
    0x0, 0x3, 0xc8, 0x0, 0x0, 0x0, 0x0, 0x0,
    0x0, 0x3, 0x0, 0x0, 0x0, 0x0, 0x0, 0x0,
    0x0,

    /* U+1F4CD "📍" */
    0x1, 0xad, 0xd7, 0x0, 0x1e, 0xac, 0xff, 0xa0,
    0x98, 0xdf, 0xff, 0xf3, 0xb8, 0xff, 0xff, 0xf6,
    0xaf, 0xff, 0xff, 0xf4, 0x3f, 0xff, 0xff, 0xd0,
    0x4, 0xef, 0xfb, 0x10, 0x0, 0x18, 0x90, 0x0,
    0x0, 0x17, 0x80, 0x0, 0x0, 0x17, 0x80, 0x0,
    0x0, 0x17, 0x80, 0x0, 0x0, 0x17, 0x80, 0x0,
    0x0, 0x9, 0x80, 0x0, 0x0, 0xb, 0x60, 0x0,
    0x0, 0x2, 0x10, 0x0,

    /* U+1F4E1 "📡" */
    0x49, 0x88, 0x50, 0x0, 0x0, 0x44, 0x0, 0x90,
    0x0, 0x39, 0x50, 0x5, 0xf4, 0x0, 0xa0, 0x0,
    0x0, 0x4c, 0xac, 0xa0, 0x0, 0x78, 0x0, 0x17,
    0x93, 0xb9, 0x80, 0x0, 0x2d, 0x68, 0x81, 0x3,
    0x77, 0x90, 0x0, 0x8, 0x85, 0x0, 0x6, 0x4,
    0x97, 0x0, 0x3, 0x57, 0x50, 0x0, 0x6, 0x26,
    0x50, 0x0, 0x81, 0x68, 0x0, 0x8, 0x0, 0x91,
    0x0, 0xa, 0x96, 0x94, 0x8, 0x0, 0x26, 0x0,
    0x8, 0x4a, 0x16, 0x9a, 0x0, 0x8, 0x0, 0x8,
    0x9, 0x7c, 0x9c, 0xec, 0xa1, 0x0, 0x9, 0x8,
    0xcf, 0xc1, 0x10, 0x0, 0x1, 0xa8, 0x8c, 0xfd,
    0x9a, 0x20, 0x0, 0x4, 0x94, 0x10, 0x11, 0x38,
    0x60, 0x0, 0x0, 0x4, 0x78, 0x87, 0x51, 0x0,
    0x0,

    /* U+1F4E7 "📧" */
    0xbd, 0x88, 0x88, 0x88, 0x88, 0x88, 0x88, 0xd8,
    0x86, 0x60, 0x0, 0x0, 0x0, 0x0, 0x8, 0x48,
    0x80, 0x57, 0x0, 0x69, 0x93, 0x0, 0x93, 0x8,
    0x80, 0x5, 0x90, 0xb0, 0x0, 0xa, 0x30, 0x8,
    0x80, 0x0, 0xb7, 0xb0, 0x0, 0x9a, 0x0, 0x8,
    0x80, 0x8, 0x10, 0xba, 0xa0, 0x4, 0x60, 0x8,
    0x80, 0x46, 0x0, 0xb0, 0x0, 0x0, 0x81, 0x8,
    0x80, 0x90, 0x0, 0xb9, 0x94, 0x0, 0x9, 0x8,
    0x88, 0x20, 0x0, 0x0, 0x0, 0x0, 0x4, 0x68,
    0xa6, 0x0, 0x0, 0x0, 0x0, 0x0, 0x0, 0x88,
    0x78, 0x88, 0x88, 0x88, 0x88, 0x88, 0x88, 0x85,

    /* U+1F4F1 "📱" */
    0x2d, 0xea, 0x88, 0xde, 0x78, 0xec, 0x98, 0x8c,
    0xce, 0x81, 0x0, 0x0, 0x0, 0x98, 0xb, 0x77,
    0xb9, 0x28, 0x80, 0xb7, 0x7b, 0x92, 0x88, 0x7,
    0x45, 0x76, 0x28, 0x80, 0x95, 0x59, 0x72, 0x88,
    0xc, 0x87, 0x0, 0x8, 0x80, 0x0, 0x0, 0x0,
    0x88, 0x0, 0x0, 0x0, 0x8, 0x80, 0x0, 0x0,
    0x0, 0x88, 0x9, 0x66, 0x98, 0x28, 0x80, 0x32,
    0x23, 0x20, 0x87, 0x30, 0x0, 0x0, 0xa, 0x7,
    0x88, 0x88, 0x88, 0x30,

    /* U+1F4F7 "📷" */
    0x0, 0x45, 0x30, 0x0, 0x0, 0x0, 0x0, 0x0,
    0x18, 0xff, 0xe5, 0x55, 0x55, 0x55, 0x55, 0x50,
    0x93, 0x33, 0x33, 0x33, 0x45, 0x33, 0x55, 0x38,
    0x80, 0x0, 0x0, 0x0, 0xdf, 0x13, 0xff, 0x18,
    0x80, 0x0, 0x0, 0x0, 0x56, 0x1, 0x88, 0x8,
    0xb8, 0x88, 0x88, 0xad, 0xcb, 0xdb, 0x88, 0x8a,
    0x80, 0x0, 0x3, 0xd2, 0x34, 0x1b, 0x50, 0x8,
    0x80, 0x0, 0xb, 0x38, 0xff, 0xd1, 0xd0, 0x8,
    0x80, 0x0, 0xd, 0x1f, 0xff, 0xf6, 0x94, 0x8,
    0x80, 0x0, 0xd, 0x1f, 0xff, 0xf6, 0x84, 0x8,
    0x80, 0x0, 0xc, 0x28, 0xff, 0xc1, 0xd1, 0x8,
    0xb8, 0x88, 0x8b, 0xd1, 0x33, 0x9, 0xd8, 0x8a,
    0x90, 0x0, 0x0, 0x4d, 0xba, 0xd7, 0x0, 0x9,
    0x58, 0x88, 0x88, 0x88, 0xaa, 0x98, 0x88, 0x83,

    /* U+1F50B "🔋" */
    0x5, 0xbb, 0xc9, 0x30, 0x75, 0xa1, 0x92, 0x84,
    0x90, 0x49, 0x70, 0x9, 0xb8, 0x20, 0x3, 0x99,
    0x81, 0x68, 0x85, 0x8, 0x80, 0x5, 0x0, 0x8,
    0x80, 0x7c, 0x81, 0x8, 0x80, 0x8, 0x0, 0x8,
    0x80, 0x1, 0x0, 0x8, 0x80, 0x0, 0x0, 0x8,
    0x80, 0x0, 0x0, 0x8, 0x80, 0x20, 0x20, 0x8,
    0x80, 0x58, 0x70, 0x8, 0x58, 0x30, 0x3, 0x93,
    0x1, 0x68, 0x75, 0x0,

    /* U+1F511 "🔑" */
    0x0, 0x0, 0x0, 0x2, 0x88, 0x89, 0x30, 0x0,
    0x0, 0x0, 0x4, 0x90, 0x0, 0x6, 0x70, 0x0,
    0x0, 0x0, 0x90, 0x0, 0x66, 0x7, 0x30, 0x0,
    0x0, 0x63, 0x0, 0x63, 0x36, 0x8, 0x0, 0x0,
    0x8, 0x0, 0x6, 0x33, 0x60, 0x80, 0x0, 0x0,
    0x71, 0x0, 0x6, 0x60, 0x8, 0x0, 0x0, 0x9,
    0x20, 0x0, 0x0, 0x1, 0x80, 0x0, 0x8, 0x33,
    0x40, 0x0, 0x0, 0x91, 0x0, 0x8, 0x33, 0x60,
    0x31, 0x3, 0x93, 0x0, 0x7, 0x43, 0x60, 0x68,
    0x78, 0x50, 0x0, 0x7, 0x42, 0x66, 0x84, 0x0,
    0x0, 0x0, 0x5, 0x42, 0x69, 0x90, 0x0, 0x0,
    0x0, 0x0, 0x83, 0x60, 0x80, 0x0, 0x0, 0x0,
    0x0, 0x8, 0x70, 0x46, 0x0, 0x0, 0x0, 0x0,
    0x0, 0x48, 0x87, 0x0, 0x0, 0x0, 0x0, 0x0,
    0x0,

    /* U+1F512 "🔒" */
    0x0, 0x19, 0xdd, 0x80, 0x0, 0x0, 0xbc, 0x55,
    0xd9, 0x0, 0x2, 0xf1, 0x0, 0x4f, 0x0, 0x4,
    0xe0, 0x0, 0x1f, 0x20, 0x4, 0xe0, 0x0, 0x1f,
    0x20, 0x8, 0xf8, 0x88, 0x9f, 0x60, 0xa5, 0xb0,
    0x0, 0x1c, 0x59, 0xc8, 0x86, 0x55, 0x68, 0x8b,
    0x80, 0x2, 0x22, 0x20, 0x8, 0x80, 0x0, 0xc9,
    0x0, 0x8, 0x80, 0x0, 0xb9, 0x0, 0x8, 0x80,
    0x0, 0xda, 0x0, 0x8, 0x80, 0x0, 0x54, 0x0,
    0x8, 0x77, 0x31, 0x0, 0x13, 0x86, 0x1, 0x57,
    0x88, 0x75, 0x10,

    /* U+1F525 "🔥" */
    0x0, 0x0, 0x1, 0x0, 0x0, 0x0, 0x0, 0x0,
    0x3f, 0xc1, 0x0, 0x0, 0x0, 0x0, 0xd, 0xfc,
    0x0, 0x0, 0x0, 0x0, 0xe, 0xff, 0x30, 0x0,
    0x0, 0x0, 0x5f, 0xff, 0x70, 0x0, 0x3, 0x32,
    0xff, 0xcf, 0x70, 0x0, 0xe, 0x3b, 0xf8, 0x5f,
    0x50, 0x0, 0x5f, 0x8f, 0xb0, 0x7f, 0x40, 0x20,
    0x9f, 0xff, 0x50, 0x5f, 0xec, 0xe0, 0xaf, 0xff,
    0x40, 0xc, 0xff, 0xf3, 0x8f, 0xf6, 0x90, 0x1,
    0xef, 0xf4, 0x4f, 0xe0, 0x0, 0x0, 0x7f, 0xf1,
    0xd, 0xf0, 0x0, 0x0, 0x7f, 0xa0, 0x2, 0xe8,
    0x0, 0x2, 0xec, 0x10, 0x0, 0x19, 0xca, 0xbd,
    0x70, 0x0, 0x0, 0x0, 0x1, 0x0, 0x0, 0x0,

    /* U+1F600 "😀" */
    0x0, 0x0, 0x68, 0x88, 0x86, 0x0, 0x0, 0x0,
    0x39, 0x20, 0x0, 0x2, 0x93, 0x0, 0x4, 0x70,
    0x0, 0x0, 0x0, 0x7, 0x30, 0x9, 0x0, 0x0,
    0x0, 0x0, 0x0, 0x90, 0x72, 0x0, 0x10, 0x0,
    0x2, 0x0, 0x27, 0x90, 0x1, 0xf8, 0x0, 0x2f,
    0x60, 0x8, 0x80, 0x0, 0xc5, 0x0, 0x1c, 0x30,
    0x8, 0x80, 0x0, 0x0, 0x0, 0x0, 0x0, 0x8,
    0x80, 0x55, 0x55, 0x66, 0x55, 0x66, 0x8, 0x90,
    0x5c, 0x97, 0x76, 0x79, 0xc8, 0x9, 0x45, 0x9,
    0xff, 0xdc, 0xff, 0xc0, 0x54, 0x9, 0x10, 0x49,
    0x65, 0x66, 0x1, 0x90, 0x1, 0x91, 0x0, 0x0,
    0x0, 0x19, 0x10, 0x0, 0x7, 0x73, 0x0, 0x37,
    0x70, 0x0, 0x0, 0x0, 0x15, 0x77, 0x51, 0x0,
    0x0,

    /* U+1F601 "😁" */
    0x0, 0x0, 0x69, 0x88, 0x96, 0x0, 0x0, 0x0,
    0x39, 0x20, 0x0, 0x2, 0x93, 0x0, 0x3, 0x80,
    0x0, 0x0, 0x0, 0x8, 0x30, 0x9, 0x0, 0x0,
    0x0, 0x0, 0x0, 0x90, 0x72, 0x0, 0x0, 0x0,
    0x0, 0x0, 0x26, 0x90, 0x1, 0x97, 0x0, 0x68,
    0x30, 0x9, 0x80, 0x3, 0x3, 0x0, 0x40, 0x40,
    0x8, 0x80, 0x0, 0x0, 0x0, 0x0, 0x0, 0x8,
    0x80, 0xa7, 0x88, 0x78, 0x79, 0x78, 0x8, 0x90,
    0xa8, 0x62, 0x32, 0x8, 0x79, 0x9, 0x45, 0x2b,
    0x78, 0x88, 0x68, 0x92, 0x54, 0x9, 0x13, 0xc8,
    0x55, 0x5c, 0x31, 0x90, 0x1, 0x92, 0x4, 0x88,
    0x40, 0x29, 0x0, 0x0, 0x8, 0x83, 0x0, 0x38,
    0x80, 0x0, 0x0, 0x0, 0x15, 0x88, 0x51, 0x0,
    0x0,

    /* U+1F602 "😂" */
    0x0, 0x0, 0x1, 0x79, 0x88, 0x96, 0x0, 0x0,
    0x0, 0x0, 0x0, 0x59, 0x20, 0x0, 0x3, 0x93,
    0x0, 0x0, 0x0, 0x6, 0x50, 0x0, 0x0, 0x0,
    0x8, 0x30, 0x0, 0x0, 0x37, 0x37, 0x0, 0x0,
    0x1, 0x81, 0x90, 0x0, 0x0, 0x91, 0x70, 0x0,
    0x0, 0x0, 0x8, 0x27, 0x0, 0x0, 0x80, 0x28,
    0x83, 0x0, 0x58, 0x80, 0x9, 0x0, 0x3, 0x86,
    0x10, 0x1, 0x0, 0x10, 0x1, 0x5a, 0x0, 0x18,
    0x48, 0x0, 0x0, 0x0, 0x0, 0x0, 0x85, 0x80,
    0x70, 0x7, 0x76, 0x65, 0x66, 0x56, 0x65, 0x80,
    0x34, 0x75, 0x91, 0x8c, 0x97, 0x67, 0x79, 0xc5,
    0x56, 0x73, 0x4, 0x83, 0xc, 0xff, 0xcd, 0xff,
    0x90, 0x75, 0x30, 0x0, 0xa, 0x10, 0x68, 0x66,
    0x84, 0x2, 0x80, 0x0, 0x0, 0x1, 0xa1, 0x0,
    0x0, 0x0, 0x39, 0x0, 0x0, 0x0, 0x0, 0x8,
    0x72, 0x0, 0x38, 0x70, 0x0, 0x0, 0x0, 0x0,
    0x0, 0x16, 0x87, 0x50, 0x0, 0x0, 0x0,

    /* U+1F603 "😃" */
    0x0, 0x0, 0x68, 0x88, 0x86, 0x0, 0x0, 0x0,
    0x39, 0x20, 0x0, 0x2, 0x93, 0x0, 0x4, 0x70,
    0x0, 0x0, 0x0, 0x7, 0x30, 0x9, 0x0, 0x0,
    0x0, 0x0, 0x0, 0x90, 0x72, 0x0, 0xc7, 0x0,
    0x4f, 0x0, 0x27, 0x90, 0x0, 0xfa, 0x0, 0x7f,
    0x30, 0x8, 0x80, 0x0, 0xd8, 0x0, 0x5f, 0x10,
    0x8, 0x80, 0x0, 0x20, 0x0, 0x2, 0x0, 0x8,
    0x80, 0x56, 0x55, 0x66, 0x55, 0x66, 0x8, 0x90,
    0x5c, 0x97, 0x66, 0x79, 0xc7, 0x9, 0x45, 0x9,
    0xff, 0xdc, 0xff, 0xb0, 0x54, 0x9, 0x10, 0x48,
    0x66, 0x75, 0x1, 0x90, 0x1, 0x91, 0x0, 0x0,
    0x0, 0x19, 0x10, 0x0, 0x7, 0x73, 0x0, 0x37,
    0x70, 0x0, 0x0, 0x0, 0x15, 0x77, 0x51, 0x0,
    0x0,

    /* U+1F604 "😄" */
    0x0, 0x0, 0x69, 0x88, 0x96, 0x0, 0x0, 0x0,
    0x39, 0x20, 0x0, 0x2, 0x93, 0x0, 0x3, 0x80,
    0x0, 0x0, 0x0, 0x8, 0x30, 0x9, 0x0, 0x0,
    0x0, 0x0, 0x0, 0x90, 0x72, 0x0, 0x0, 0x0,
    0x0, 0x0, 0x26, 0x90, 0x2, 0x86, 0x0, 0x48,
    0x40, 0x9, 0x80, 0x3, 0x2, 0x10, 0x40, 0x30,
    0x8, 0x80, 0x0, 0x0, 0x0, 0x0, 0x0, 0x8,
    0x80, 0x56, 0x65, 0x66, 0x56, 0x67, 0x8, 0x90,
    0x5c, 0x97, 0x76, 0x79, 0xc8, 0x9, 0x45, 0x9,
    0xff, 0xdc, 0xff, 0xc0, 0x54, 0x9, 0x10, 0x48,
    0x66, 0x86, 0x1, 0x90, 0x1, 0x92, 0x0, 0x0,
    0x0, 0x29, 0x0, 0x0, 0x8, 0x83, 0x0, 0x38,
    0x80, 0x0, 0x0, 0x0, 0x15, 0x88, 0x51, 0x0,
    0x0,

    /* U+1F605 "😅" */
    0x0, 0x0, 0x38, 0x88, 0x88, 0x20, 0x2, 0x0,
    0x0, 0x19, 0x50, 0x0, 0x0, 0x78, 0x3b, 0x20,
    0x0, 0xa1, 0x0, 0x0, 0x0, 0x3, 0xb0, 0x80,
    0x8, 0x10, 0x0, 0x0, 0x0, 0x4, 0x30, 0x43,
    0x27, 0x0, 0x0, 0x0, 0x0, 0x7, 0x0, 0x7,
    0x71, 0x0, 0x65, 0x0, 0x16, 0x34, 0x50, 0x63,
    0x80, 0x5, 0x23, 0x30, 0x61, 0x51, 0x47, 0x80,
    0x80, 0x0, 0x0, 0x0, 0x0, 0x0, 0x0, 0x80,
    0x80, 0x45, 0x55, 0x66, 0x55, 0x58, 0x1, 0x70,
    0x53, 0x4d, 0xa8, 0x76, 0x78, 0xbc, 0x5, 0x30,
    0x9, 0x7, 0xff, 0xec, 0xff, 0xe3, 0x9, 0x0,
    0x5, 0x50, 0x38, 0x66, 0x78, 0x10, 0x64, 0x0,
    0x0, 0x75, 0x0, 0x0, 0x0, 0x6, 0x60, 0x0,
    0x0, 0x5, 0x95, 0x10, 0x15, 0x93, 0x0, 0x0,
    0x0, 0x0, 0x4, 0x78, 0x73, 0x0, 0x0, 0x0,

    /* U+1F606 "😆" */
    0x0, 0x0, 0x69, 0x88, 0x96, 0x0, 0x0, 0x0,
    0x39, 0x20, 0x0, 0x2, 0x93, 0x0, 0x3, 0x80,
    0x0, 0x0, 0x0, 0x8, 0x30, 0x9, 0x0, 0x0,
    0x0, 0x0, 0x0, 0x90, 0x72, 0x15, 0x0, 0x0,
    0x0, 0x43, 0x26, 0x90, 0x3, 0x85, 0x0, 0x58,
    0x40, 0x9, 0x80, 0x17, 0x86, 0x0, 0x68, 0x82,
    0x8, 0x80, 0x1, 0x0, 0x0, 0x0, 0x0, 0x8,
    0x80, 0x66, 0x66, 0x66, 0x66, 0x67, 0x8, 0x90,
    0x5c, 0x97, 0x76, 0x79, 0xc8, 0x9, 0x45, 0x9,
    0xff, 0xdd, 0xff, 0xc0, 0x54, 0x9, 0x10, 0x48,
    0x56, 0x96, 0x1, 0x90, 0x1, 0x92, 0x0, 0x0,
    0x0, 0x29, 0x0, 0x0, 0x8, 0x83, 0x0, 0x38,
    0x80, 0x0, 0x0, 0x0, 0x15, 0x88, 0x51, 0x0,
    0x0,

    /* U+1F609 "😉" */
    0x0, 0x0, 0x69, 0x88, 0x96, 0x0, 0x0, 0x0,
    0x39, 0x20, 0x0, 0x2, 0x93, 0x0, 0x3, 0x80,
    0x0, 0x0, 0x0, 0x8, 0x30, 0x9, 0x7, 0x70,
    0x0, 0x0, 0x0, 0x90, 0x72, 0x23, 0x0, 0x0,
    0x0, 0x0, 0x26, 0x90, 0x0, 0xb4, 0x0, 0x7,
    0x60, 0x9, 0x80, 0x1, 0xf7, 0x0, 0x8b, 0x50,
    0x8, 0x80, 0x0, 0x10, 0x0, 0x0, 0x20, 0x8,
    0x80, 0x0, 0x0, 0x0, 0x0, 0x0, 0x8, 0x90,
    0x0, 0x71, 0x0, 0x17, 0x0, 0x9, 0x45, 0x0,
    0x18, 0x88, 0x82, 0x0, 0x54, 0x9, 0x10, 0x0,
    0x0, 0x0, 0x1, 0x90, 0x1, 0x92, 0x0, 0x0,
    0x0, 0x29, 0x0, 0x0, 0x8, 0x83, 0x0, 0x38,
    0x80, 0x0, 0x0, 0x0, 0x15, 0x88, 0x51, 0x0,
    0x0,

    /* U+1F60A "😊" */
    0x0, 0x0, 0x69, 0x88, 0x96, 0x0, 0x0, 0x0,
    0x39, 0x20, 0x0, 0x2, 0x93, 0x0, 0x3, 0x80,
    0x0, 0x0, 0x0, 0x8, 0x30, 0x9, 0x0, 0x0,
    0x0, 0x0, 0x0, 0x90, 0x72, 0x0, 0x0, 0x0,
    0x0, 0x0, 0x26, 0x90, 0x4, 0x97, 0x0, 0x79,
    0x40, 0x9, 0x80, 0x4, 0x5, 0x0, 0x40, 0x50,
    0x8, 0x80, 0x13, 0x20, 0x0, 0x1, 0x32, 0x8,
    0x80, 0x45, 0x40, 0x0, 0x5, 0x63, 0x8, 0x90,
    0x0, 0x10, 0x0, 0x1, 0x0, 0x9, 0x45, 0x0,
    0x39, 0x88, 0x93, 0x0, 0x54, 0x9, 0x10, 0x0,
    0x0, 0x0, 0x1, 0x90, 0x1, 0x92, 0x0, 0x0,
    0x0, 0x29, 0x0, 0x0, 0x8, 0x83, 0x0, 0x38,
    0x80, 0x0, 0x0, 0x0, 0x15, 0x88, 0x51, 0x0,
    0x0,

    /* U+1F60B "😋" */
    0x0, 0x0, 0x69, 0x88, 0x87, 0x10, 0x0, 0x0,
    0x3, 0x93, 0x0, 0x0, 0x28, 0x50, 0x0, 0x3,
    0x80, 0x0, 0x0, 0x0, 0x5, 0x60, 0x0, 0x90,
    0x0, 0x0, 0x0, 0x0, 0x7, 0x20, 0x72, 0x0,
    0x0, 0x0, 0x0, 0x0, 0x9, 0x9, 0x0, 0x88,
    0x70, 0x5, 0x99, 0x10, 0x80, 0x80, 0x1, 0x1,
    0x0, 0x10, 0x0, 0x6, 0x28, 0x0, 0x0, 0x0,
    0x0, 0x0, 0x0, 0x53, 0x83, 0x60, 0x0, 0x0,
    0x0, 0x2, 0x67, 0x19, 0x8, 0x20, 0x0, 0x0,
    0x0, 0xb6, 0x90, 0x45, 0x8, 0x50, 0x0, 0x3,
    0xa1, 0x77, 0x0, 0x91, 0x4, 0x98, 0x9b, 0x67,
    0x10, 0x80, 0x0, 0x92, 0x0, 0x0, 0x83, 0x0,
    0x9, 0x0, 0x0, 0x78, 0x30, 0x3, 0xd4, 0x8,
    0x30, 0x0, 0x0, 0x15, 0x78, 0x61, 0x58, 0x30,
    0x0,

    /* U+1F60D "😍" */
    0x0, 0x0, 0x69, 0x88, 0x96, 0x0, 0x0, 0x0,
    0x39, 0x20, 0x0, 0x2, 0x93, 0x0, 0x3, 0x80,
    0x0, 0x0, 0x0, 0x8, 0x30, 0x9, 0x0, 0x32,
    0x0, 0x14, 0x0, 0x90, 0x73, 0xcc, 0xff, 0x0,
    0xcf, 0xcc, 0x46, 0x95, 0xff, 0xff, 0x10, 0xef,
    0xff, 0x69, 0x81, 0xef, 0xfc, 0x0, 0x8f, 0xff,
    0x18, 0x80, 0x2a, 0xd1, 0x0, 0xc, 0xa2, 0x8,
    0x80, 0x0, 0x0, 0x0, 0x0, 0x0, 0x8, 0x90,
    0x0, 0x5, 0x65, 0x70, 0x0, 0x9, 0x45, 0x0,
    0xd, 0xff, 0xf4, 0x0, 0x54, 0x9, 0x10, 0x3,
    0xbc, 0x70, 0x1, 0x90, 0x1, 0x92, 0x0, 0x0,
    0x0, 0x29, 0x0, 0x0, 0x8, 0x83, 0x0, 0x38,
    0x80, 0x0, 0x0, 0x0, 0x15, 0x88, 0x51, 0x0,
    0x0,

    /* U+1F60E "😎" */
    0x0, 0x0, 0x17, 0x98, 0x89, 0x60, 0x0, 0x0,
    0x0, 0x5, 0x92, 0x0, 0x0, 0x39, 0x30, 0x0,
    0x0, 0x65, 0x0, 0x0, 0x0, 0x0, 0x83, 0x0,
    0x2, 0x81, 0x0, 0x0, 0x0, 0x1, 0x1a, 0x0,
    0x7f, 0xfe, 0xff, 0xed, 0xef, 0xdf, 0xff, 0xf1,
    0xf, 0xac, 0xff, 0xf6, 0x9e, 0x9f, 0xff, 0xc0,
    0x2f, 0xff, 0xff, 0xd0, 0x1f, 0xff, 0xff, 0xf0,
    0x3e, 0xff, 0xff, 0x70, 0xa, 0xff, 0xff, 0xd0,
    0x17, 0x7a, 0xa5, 0x0, 0x0, 0x7a, 0xa5, 0x80,
    0x9, 0x0, 0x6, 0x0, 0x0, 0x60, 0x0, 0x80,
    0x7, 0x20, 0x4, 0x98, 0x98, 0x20, 0x5, 0x40,
    0x0, 0x90, 0x0, 0x0, 0x0, 0x0, 0x19, 0x0,
    0x0, 0x29, 0x10, 0x0, 0x0, 0x2, 0x90, 0x0,
    0x0, 0x1, 0x87, 0x20, 0x3, 0x87, 0x0, 0x0,
    0x0, 0x0, 0x1, 0x68, 0x75, 0x10, 0x0, 0x0,

    /* U+1F60F "😏" */
    0x0, 0x0, 0x69, 0x88, 0x96, 0x0, 0x0, 0x0,
    0x39, 0x20, 0x0, 0x2, 0x93, 0x0, 0x3, 0x80,
    0x0, 0x0, 0x0, 0x8, 0x30, 0x9, 0x0, 0x0,
    0x0, 0x0, 0x0, 0x90, 0x72, 0x37, 0x20, 0x0,
    0x0, 0x74, 0x26, 0x90, 0x50, 0x0, 0x0, 0x0,
    0x4, 0x19, 0x80, 0x8, 0xb4, 0x0, 0x19, 0xb2,
    0x8, 0x80, 0x0, 0xd6, 0x0, 0x1, 0xe4, 0x8,
    0x80, 0x0, 0x0, 0x0, 0x0, 0x0, 0x8, 0x90,
    0x0, 0x0, 0x0, 0x2, 0x0, 0x9, 0x45, 0x0,
    0x0, 0x0, 0x9, 0x0, 0x54, 0x9, 0x10, 0x8,
    0x88, 0x92, 0x1, 0x90, 0x1, 0x92, 0x0, 0x0,
    0x0, 0x29, 0x0, 0x0, 0x8, 0x83, 0x0, 0x38,
    0x80, 0x0, 0x0, 0x0, 0x15, 0x88, 0x51, 0x0,
    0x0,

    /* U+1F610 "😐" */
    0x0, 0x0, 0x69, 0x88, 0x96, 0x0, 0x0, 0x0,
    0x39, 0x20, 0x0, 0x2, 0x93, 0x0, 0x3, 0x80,
    0x0, 0x0, 0x0, 0x8, 0x30, 0x9, 0x0, 0x0,
    0x0, 0x0, 0x0, 0x90, 0x72, 0x0, 0x0, 0x0,
    0x0, 0x0, 0x26, 0x90, 0x0, 0xc4, 0x0, 0x1c,
    0x30, 0x9, 0x80, 0x1, 0xf7, 0x0, 0x2f, 0x50,
    0x8, 0x80, 0x0, 0x10, 0x0, 0x1, 0x0, 0x8,
    0x80, 0x0, 0x0, 0x0, 0x0, 0x0, 0x8, 0x90,
    0x0, 0x88, 0x88, 0x88, 0x30, 0x9, 0x45, 0x0,
    0x0, 0x0, 0x0, 0x0, 0x54, 0x9, 0x10, 0x0,
    0x0, 0x0, 0x1, 0x90, 0x1, 0x92, 0x0, 0x0,
    0x0, 0x29, 0x0, 0x0, 0x8, 0x83, 0x0, 0x38,
    0x80, 0x0, 0x0, 0x0, 0x15, 0x88, 0x51, 0x0,
    0x0,

    /* U+1F612 "😒" */
    0x0, 0x0, 0x69, 0x88, 0x96, 0x0, 0x0, 0x0,
    0x39, 0x20, 0x0, 0x2, 0x93, 0x0, 0x3, 0x80,
    0x0, 0x0, 0x0, 0x8, 0x30, 0x9, 0x0, 0x0,
    0x0, 0x0, 0x0, 0x90, 0x72, 0x16, 0x40, 0x0,
    0x2, 0x62, 0x26, 0x90, 0x61, 0x0, 0x0, 0x0,
    0x16, 0x9, 0x80, 0x18, 0xc4, 0x0, 0x18, 0xc4,
    0x8, 0x80, 0x1, 0xd5, 0x0, 0x1, 0xd5, 0x8,
    0x80, 0x0, 0x0, 0x0, 0x0, 0x0, 0x8, 0x90,
    0x0, 0x0, 0x0, 0x0, 0x0, 0x9, 0x45, 0x0,
    0x7, 0x88, 0x81, 0x0, 0x54, 0x9, 0x10, 0x1,
    0x0, 0x1, 0x1, 0x90, 0x1, 0x92, 0x0, 0x0,
    0x0, 0x29, 0x0, 0x0, 0x8, 0x83, 0x0, 0x38,
    0x80, 0x0, 0x0, 0x0, 0x15, 0x88, 0x51, 0x0,
    0x0,

    /* U+1F614 "😔" */
    0x0, 0x0, 0x69, 0x88, 0x96, 0x0, 0x0, 0x0,
    0x39, 0x20, 0x0, 0x2, 0x93, 0x0, 0x3, 0x80,
    0x0, 0x0, 0x0, 0x8, 0x30, 0x9, 0x0, 0x0,
    0x0, 0x0, 0x0, 0x90, 0x72, 0x7, 0x30, 0x0,
    0x1, 0x80, 0x26, 0x90, 0x72, 0x0, 0x0, 0x0,
    0x18, 0x9, 0x80, 0x0, 0x0, 0x0, 0x0, 0x0,
    0x8, 0x80, 0x14, 0x5, 0x0, 0x41, 0x22, 0x8,
    0x80, 0x6, 0x82, 0x0, 0x18, 0x60, 0x8, 0x90,
    0x0, 0x0, 0x0, 0x0, 0x0, 0x9, 0x45, 0x0,
    0x0, 0x0, 0x0, 0x0, 0x54, 0x9, 0x10, 0x6,
    0x88, 0x80, 0x1, 0x90, 0x1, 0x92, 0x0, 0x0,
    0x0, 0x29, 0x0, 0x0, 0x8, 0x83, 0x0, 0x38,
    0x80, 0x0, 0x0, 0x0, 0x15, 0x88, 0x51, 0x0,
    0x0,

    /* U+1F618 "😘" */
    0x0, 0x0, 0x69, 0x88, 0x96, 0x0, 0x0, 0x0,
    0x3, 0x92, 0x0, 0x0, 0x29, 0x30, 0x0, 0x3,
    0x80, 0x0, 0x0, 0x0, 0x8, 0x40, 0x0, 0x90,
    0x96, 0x0, 0x0, 0x0, 0x9, 0x0, 0x72, 0x42,
    0x20, 0x0, 0x0, 0x50, 0x27, 0x9, 0x0, 0x2f,
    0x60, 0x2, 0x92, 0x0, 0x90, 0x80, 0x1, 0xc3,
    0x0, 0x58, 0x80, 0x8, 0x8, 0x0, 0x0, 0x0,
    0x0, 0x1, 0x30, 0x80, 0x80, 0x0, 0x0, 0x8,
    0x30, 0xdf, 0x76, 0x9, 0x0, 0x0, 0x0, 0x75,
    0xf, 0xff, 0xf1, 0x45, 0x0, 0x0, 0x2, 0x80,
    0xdf, 0xff, 0x0, 0x91, 0x0, 0x0, 0x91, 0xa,
    0xca, 0x30, 0x0, 0x92, 0x0, 0x0, 0x0, 0x16,
    0x0, 0x0, 0x0, 0x78, 0x30, 0x3, 0x88, 0x0,
    0x0, 0x0, 0x0, 0x15, 0x78, 0x61, 0x0, 0x0,
    0x0,

    /* U+1F61C "😜" */
    0x0, 0x0, 0x69, 0x88, 0x96, 0x0, 0x0, 0x0,
    0x49, 0x20, 0x0, 0x2, 0x93, 0x0, 0x4, 0x70,
    0x0, 0x0, 0x0, 0x8, 0x40, 0x9, 0x0, 0x0,
    0x0, 0x0, 0x0, 0x90, 0x72, 0x0, 0x0, 0x0,
    0x76, 0x71, 0x27, 0x90, 0x17, 0x60, 0x5, 0x29,
    0x17, 0x9, 0x80, 0x38, 0x97, 0x5, 0x29, 0x16,
    0x8, 0x80, 0x10, 0x0, 0x0, 0x76, 0x71, 0x8,
    0x90, 0x1, 0x0, 0x0, 0x0, 0x11, 0x8, 0x80,
    0x8f, 0xf8, 0x9a, 0x8d, 0xfb, 0x9, 0x36, 0x3f,
    0xf0, 0x6, 0xc, 0xf6, 0x63, 0x8, 0x35, 0xf0,
    0x6, 0xc, 0x72, 0x80, 0x0, 0x85, 0x80, 0x3,
    0x8, 0x39, 0x0, 0x0, 0x5, 0xb7, 0x0, 0x4d,
    0x60, 0x0, 0x0, 0x0, 0x4, 0x88, 0x60, 0x0,
    0x0,

    /* U+1F61E "😞" */
    0x0, 0x0, 0x69, 0x88, 0x96, 0x0, 0x0, 0x0,
    0x39, 0x20, 0x0, 0x2, 0x93, 0x0, 0x3, 0x80,
    0x0, 0x0, 0x0, 0x8, 0x30, 0x9, 0x0, 0x0,
    0x0, 0x0, 0x0, 0x90, 0x72, 0x0, 0x0, 0x0,
    0x0, 0x0, 0x26, 0x90, 0x0, 0x0, 0x0, 0x0,
    0x0, 0x9, 0x80, 0x0, 0x0, 0x0, 0x0, 0x0,
    0x8, 0x80, 0x0, 0x2, 0x0, 0x20, 0x0, 0x8,
    0x80, 0x8, 0x97, 0x0, 0x39, 0x84, 0x8, 0x90,
    0x0, 0x0, 0x0, 0x0, 0x0, 0x9, 0x45, 0x0,
    0x1, 0x78, 0x40, 0x0, 0x54, 0x9, 0x10, 0x7,
    0x20, 0x54, 0x1, 0x90, 0x1, 0x92, 0x0, 0x0,
    0x0, 0x29, 0x0, 0x0, 0x8, 0x83, 0x0, 0x38,
    0x80, 0x0, 0x0, 0x0, 0x15, 0x88, 0x51, 0x0,
    0x0,

    /* U+1F620 "😠" */
    0x0, 0x0, 0x69, 0x88, 0x96, 0x0, 0x0, 0x0,
    0x39, 0x20, 0x0, 0x2, 0x93, 0x0, 0x3, 0x80,
    0x0, 0x0, 0x0, 0x8, 0x30, 0x9, 0x0, 0x0,
    0x0, 0x0, 0x0, 0x90, 0x72, 0x0, 0x0, 0x0,
    0x0, 0x0, 0x26, 0x90, 0x0, 0x0, 0x0, 0x0,
    0x0, 0x9, 0x80, 0x1, 0x0, 0x0, 0x0, 0x10,
    0x8, 0x80, 0x3, 0xb5, 0x0, 0x3b, 0x50, 0x8,
    0x80, 0x0, 0xde, 0x0, 0xbf, 0x10, 0x8, 0x90,
    0x0, 0x54, 0x0, 0x27, 0x0, 0x9, 0x45, 0x0,
    0x1, 0x78, 0x30, 0x0, 0x54, 0x9, 0x10, 0x38,
    0x10, 0x75, 0x1, 0x90, 0x1, 0x92, 0x0, 0x0,
    0x0, 0x29, 0x0, 0x0, 0x8, 0x83, 0x0, 0x38,
    0x80, 0x0, 0x0, 0x0, 0x15, 0x88, 0x51, 0x0,
    0x0,

    /* U+1F621 "😡" */
    0x0, 0x0, 0x69, 0x88, 0x96, 0x0, 0x0, 0x0,
    0x3b, 0x52, 0x0, 0x2, 0x93, 0x0, 0x3, 0xc6,
    0x76, 0x0, 0x0, 0x8, 0x30, 0x9, 0x90, 0x9,
    0x0, 0x0, 0x0, 0x90, 0x72, 0x65, 0x66, 0x0,
    0x0, 0x0, 0x26, 0x90, 0x14, 0x22, 0x0, 0x0,
    0x0, 0x9, 0x80, 0x3, 0x10, 0x0, 0x0, 0x30,
    0x8, 0x80, 0x2, 0xc6, 0x0, 0x5c, 0x20, 0x8,
    0x80, 0x0, 0xde, 0x0, 0xcf, 0x0, 0x8, 0x90,
    0x0, 0x43, 0x0, 0x35, 0x0, 0x9, 0x45, 0x0,
    0x1, 0x77, 0x20, 0x0, 0x54, 0x9, 0x10, 0x38,
    0x11, 0x74, 0x1, 0x90, 0x1, 0x92, 0x0, 0x0,
    0x0, 0x29, 0x0, 0x0, 0x8, 0x83, 0x0, 0x38,
    0x80, 0x0, 0x0, 0x0, 0x15, 0x88, 0x51, 0x0,
    0x0,

    /* U+1F622 "😢" */
    0x0, 0x0, 0x69, 0x88, 0x96, 0x0, 0x0, 0x0,
    0x39, 0x20, 0x0, 0x2, 0x93, 0x0, 0x3, 0x80,
    0x0, 0x0, 0x0, 0x8, 0x30, 0x9, 0x5, 0x50,
    0x0, 0x2, 0x70, 0x90, 0x72, 0x56, 0x0, 0x0,
    0x0, 0x37, 0x26, 0x90, 0x0, 0xc4, 0x0, 0x1c,
    0x30, 0x9, 0x80, 0x1, 0xf7, 0x0, 0x2f, 0x50,
    0x8, 0x80, 0x0, 0x20, 0x0, 0x1, 0x0, 0x8,
    0x80, 0x7, 0x70, 0x0, 0x0, 0x0, 0x8, 0x80,
    0x19, 0x90, 0x0, 0x0, 0x0, 0x9, 0x45, 0x72,
    0x2b, 0x88, 0x96, 0x0, 0x54, 0x9, 0x90, 0x8,
    0x0, 0x1, 0x1, 0x90, 0x0, 0x90, 0x8, 0x0,
    0x0, 0x29, 0x10, 0x0, 0x48, 0x97, 0x0, 0x38,
    0x80, 0x0, 0x0, 0x0, 0x15, 0x78, 0x51, 0x0,
    0x0,

    /* U+1F62C "😬" */
    0x0, 0x0, 0x69, 0x88, 0x96, 0x0, 0x0, 0x0,
    0x39, 0x20, 0x0, 0x2, 0x93, 0x0, 0x3, 0x80,
    0x0, 0x0, 0x0, 0x8, 0x30, 0x9, 0x0, 0x0,
    0x0, 0x0, 0x0, 0x90, 0x72, 0x0, 0x20, 0x0,
    0x2, 0x0, 0x26, 0x90, 0x4, 0xf4, 0x0, 0x3f,
    0x40, 0x9, 0x80, 0x2, 0xc2, 0x0, 0x2c, 0x20,
    0x8, 0x80, 0x0, 0x0, 0x0, 0x0, 0x0, 0x8,
    0x80, 0x17, 0x7b, 0x68, 0x96, 0x82, 0x8, 0x90,
    0x69, 0x9d, 0x8a, 0xb8, 0xa8, 0x9, 0x45, 0x47,
    0x5a, 0x26, 0x72, 0x86, 0x54, 0x9, 0x13, 0x66,
    0x66, 0x66, 0x41, 0x90, 0x1, 0x92, 0x0, 0x0,
    0x0, 0x29, 0x0, 0x0, 0x8, 0x83, 0x0, 0x38,
    0x80, 0x0, 0x0, 0x0, 0x15, 0x88, 0x51, 0x0,
    0x0,

    /* U+1F62D "😭" */
    0x0, 0x0, 0x69, 0x88, 0x87, 0x10, 0x0, 0x0,
    0x3, 0x93, 0x0, 0x0, 0x18, 0x60, 0x0, 0x4,
    0x80, 0x0, 0x0, 0x0, 0x5, 0x60, 0x1, 0x93,
    0x91, 0x0, 0x0, 0x19, 0x57, 0x30, 0x72, 0x72,
    0x30, 0x0, 0x2, 0x35, 0x39, 0x9, 0x3, 0xbb,
    0x60, 0x4, 0xbb, 0x70, 0x80, 0x80, 0x7, 0x80,
    0x0, 0x8, 0x80, 0x5, 0x28, 0x0, 0x78, 0x26,
    0x52, 0x88, 0x0, 0x53, 0x90, 0x7, 0x97, 0x22,
    0x79, 0x80, 0x8, 0x18, 0x10, 0x79, 0x77, 0x77,
    0x97, 0x10, 0x90, 0x18, 0x8, 0x9f, 0xff, 0xf9,
    0x71, 0x64, 0x0, 0x56, 0x79, 0x40, 0x4, 0x86,
    0x68, 0x0, 0x6, 0x93, 0x82, 0x0, 0x18, 0x28,
    0x80, 0x0, 0x39, 0x0, 0xb5, 0x4c, 0x10, 0x58,
    0x0, 0x0, 0x48, 0x86, 0x44, 0x58, 0x87, 0x0,
    0x0,

    /* U+1F631 "😱" */
    0x0, 0x0, 0x6, 0x9a, 0xaa, 0x61, 0x0, 0x0,
    0x0, 0x4, 0xa6, 0x55, 0x55, 0x8c, 0x40, 0x0,
    0x0, 0x49, 0x55, 0x55, 0x55, 0x55, 0xc4, 0x0,
    0x1, 0xa5, 0x55, 0x55, 0x55, 0x55, 0x7b, 0x10,
    0x7, 0x55, 0xaa, 0x65, 0x55, 0xaa, 0x77, 0x70,
    0x9, 0x6, 0x41, 0x90, 0x6, 0x31, 0x70, 0x90,
    0x9, 0x8, 0x0, 0x80, 0x8, 0x0, 0x70, 0x90,
    0x9, 0x8, 0x10, 0x90, 0x6, 0x30, 0x80, 0x90,
    0x7a, 0xb3, 0x88, 0x10, 0x0, 0x78, 0x4b, 0xa7,
    0xb5, 0x8a, 0x0, 0x9, 0xe0, 0x0, 0x98, 0x5b,
    0x98, 0x72, 0xa1, 0xf, 0xf5, 0x8, 0x37, 0x89,
    0x85, 0x22, 0x1a, 0x1f, 0xf6, 0x83, 0x2, 0x58,
    0x19, 0x0, 0x2, 0x79, 0xc3, 0x70, 0x0, 0x91,
    0x2, 0x92, 0x3, 0xa3, 0x36, 0x90, 0x19, 0x40,
    0x0, 0x7, 0x87, 0x24, 0x43, 0x48, 0x81, 0x0,

    /* U+1F634 "😴" */
    0x0, 0x0, 0x6, 0x98, 0x88, 0x50, 0x4, 0x80,
    0x0, 0x3, 0x93, 0x0, 0x0, 0x24, 0x5, 0x50,
    0x0, 0x38, 0x0, 0x0, 0x35, 0x9, 0x8, 0x50,
    0x0, 0x90, 0x0, 0x0, 0x64, 0x47, 0x3, 0x0,
    0x7, 0x20, 0x0, 0x0, 0x62, 0x0, 0x2, 0x70,
    0x9, 0x0, 0x0, 0x0, 0x0, 0x0, 0x0, 0x90,
    0x8, 0x1, 0x40, 0x50, 0x4, 0x14, 0x10, 0x80,
    0x8, 0x0, 0x46, 0x10, 0x1, 0x64, 0x0, 0x80,
    0x8, 0x0, 0x0, 0x0, 0x0, 0x0, 0x0, 0x80,
    0x9, 0x0, 0x0, 0x1, 0x10, 0x0, 0x0, 0x80,
    0x5, 0x40, 0x0, 0x7f, 0xf9, 0x0, 0x5, 0x40,
    0x0, 0x91, 0x0, 0x7b, 0xb8, 0x0, 0x19, 0x0,
    0x0, 0x19, 0x10, 0x0, 0x0, 0x2, 0x90, 0x0,
    0x0, 0x0, 0x88, 0x30, 0x3, 0x87, 0x0, 0x0,
    0x0, 0x0, 0x1, 0x58, 0x85, 0x10, 0x0, 0x0,

    /* U+1F64C "🙌" */
    0x0, 0x0, 0x0, 0x0, 0x42, 0x0, 0x0, 0x0,
    0x0, 0x0, 0x0, 0x5, 0x5, 0x20, 0x50, 0x0,
    0x0, 0x0, 0x0, 0x0, 0x73, 0x31, 0x73, 0x0,
    0x0, 0x0, 0x1, 0x8a, 0x10, 0x10, 0x1, 0x4,
    0xb7, 0x0, 0x4, 0xa9, 0x78, 0x20, 0x0, 0x7,
    0x85, 0xab, 0x30, 0x98, 0x87, 0x63, 0x0, 0x0,
    0x85, 0x58, 0x89, 0x8, 0x88, 0x76, 0x30, 0x0,
    0x8, 0x55, 0x88, 0x80, 0x8a, 0xab, 0x63, 0x0,
    0x0, 0x84, 0xaa, 0x98, 0x17, 0x10, 0x7, 0xa9,
    0x68, 0x8d, 0x20, 0x1, 0x81, 0x70, 0x18, 0x31,
    0x92, 0x48, 0x14, 0x80, 0x8, 0x8, 0x2, 0x10,
    0x63, 0x0, 0x72, 0x2, 0x10, 0x90, 0x72, 0x0,
    0x38, 0x0, 0x1, 0x91, 0x0, 0x45, 0x3, 0x40,
    0x8, 0x0, 0x0, 0x3, 0x60, 0x7, 0x10, 0x44,
    0x0, 0x80, 0x0, 0x0, 0x36, 0x0, 0x61, 0x1,
    0x10, 0x2, 0x0, 0x0, 0x1, 0x10, 0x1, 0x0,

    /* U+1F64F "🙏" */
    0x0, 0x0, 0x0, 0x7b, 0xa1, 0x0, 0x0, 0x0,
    0x0, 0x0, 0xc, 0xda, 0x50, 0x0, 0x0, 0x0,
    0x0, 0x0, 0xcc, 0x97, 0x0, 0x0, 0x0, 0x0,
    0x0, 0x27, 0xa2, 0x80, 0x0, 0x0, 0x0, 0x0,
    0x4, 0x49, 0x8, 0x0, 0x0, 0x0, 0x0, 0x0,
    0x62, 0x90, 0x80, 0x0, 0x0, 0x0, 0x0, 0x9,
    0x9, 0x6, 0x20, 0x0, 0x0, 0x0, 0x0, 0x80,
    0x90, 0x26, 0x0, 0x0, 0x0, 0x6, 0xa5, 0x9,
    0x0, 0xa9, 0x20, 0x0, 0x79, 0x39, 0x0, 0x90,
    0x3, 0x77, 0x92, 0x1, 0x0, 0x73, 0x1c, 0x50,
    0x90, 0x0, 0x10, 0x0, 0x0, 0x9b, 0x7, 0xa3,
    0x0, 0x0, 0x0, 0x0, 0x0, 0xd2, 0xb6, 0x0,
    0x0, 0x0, 0x0, 0x0, 0x85, 0x1, 0x92, 0x0,
    0x0, 0x0, 0x0, 0x0, 0x0, 0x0, 0x0, 0x0,
    0x0,

    /* U+1F680 "🚀" */
    0x0, 0x0, 0x0, 0x0, 0x0, 0x2, 0x78, 0x20,
    0x0, 0x0, 0x0, 0x0, 0x19, 0x71, 0x9, 0x0,
    0x0, 0x0, 0x0, 0x49, 0x90, 0x0, 0x90, 0x0,
    0x0, 0x0, 0x66, 0x4, 0x60, 0x36, 0x0, 0x0,
    0x0, 0x65, 0x6, 0x25, 0x9a, 0x0, 0x0, 0x0,
    0x46, 0x8, 0xfb, 0x6, 0x40, 0x0, 0x38, 0x9d,
    0x30, 0x3d, 0x62, 0x80, 0x0, 0x48, 0x6, 0x2a,
    0x0, 0x1, 0x90, 0x0, 0xc, 0x38, 0xd0, 0x29,
    0x22, 0x90, 0x0, 0x0, 0x15, 0x4f, 0x60, 0xb,
    0x90, 0x0, 0x0, 0x0, 0x68, 0xbf, 0xba, 0xa2,
    0x0, 0x0, 0x0, 0x8, 0x2, 0xa9, 0x18, 0x0,
    0x0, 0x0, 0x6, 0xb7, 0x90, 0x90, 0x90, 0x0,
    0x0, 0x0, 0x1, 0x40, 0x8, 0x92, 0x0, 0x0,
    0x0, 0x0, 0x0, 0x0, 0x12, 0x0, 0x0, 0x0,
    0x0,

    /* U+1F697 "🚗" */
    0x0, 0x0, 0x1, 0x88, 0x88, 0x88, 0x10, 0x0,
    0x0, 0x0, 0x29, 0x37, 0x88, 0x84, 0xa1, 0x0,
    0x0, 0x1, 0xa4, 0x91, 0x8, 0x7, 0x5a, 0x30,
    0x3, 0x98, 0x1e, 0x88, 0x8c, 0x88, 0x70, 0xa5,
    0x6e, 0x40, 0x0, 0x0, 0x0, 0x0, 0x2, 0x89,
    0x92, 0x50, 0x0, 0x0, 0x0, 0x0, 0x0, 0x88,
    0xc7, 0x0, 0x0, 0x0, 0x0, 0x0, 0x0, 0x3b,
    0x80, 0x6a, 0xb3, 0x0, 0x0, 0x8, 0xab, 0x18,
    0x37, 0xc0, 0x1c, 0x77, 0x77, 0x7b, 0x4, 0xa5,
    0x0, 0x7b, 0xb3, 0x0, 0x0, 0x8, 0xab, 0x10,
    0x0, 0x0, 0x0, 0x0, 0x0, 0x0, 0x0, 0x0
};


/*---------------------
 *  GLYPH DESCRIPTION
 *--------------------*/

static const lv_font_fmt_txt_glyph_dsc_t glyph_dsc[] = {
    {.bitmap_index = 0, .adv_w = 0, .box_w = 0, .box_h = 0, .ofs_x = 0, .ofs_y = 0} /* id = 0 reserved */,
    {.bitmap_index = 0, .adv_w = 125, .box_w = 8, .box_h = 12, .ofs_x = 0, .ofs_y = -1},
    {.bitmap_index = 48, .adv_w = 125, .box_w = 8, .box_h = 11, .ofs_x = 0, .ofs_y = 0},
    {.bitmap_index = 92, .adv_w = 125, .box_w = 8, .box_h = 14, .ofs_x = 0, .ofs_y = -3},
    {.bitmap_index = 148, .adv_w = 165, .box_w = 11, .box_h = 11, .ofs_x = 0, .ofs_y = 0},
    {.bitmap_index = 209, .adv_w = 165, .box_w = 11, .box_h = 11, .ofs_x = 0, .ofs_y = 0},
    {.bitmap_index = 270, .adv_w = 90, .box_w = 5, .box_h = 4, .ofs_x = 0, .ofs_y = 7},
    {.bitmap_index = 280, .adv_w = 131, .box_w = 8, .box_h = 10, .ofs_x = 0, .ofs_y = 0},
    {.bitmap_index = 320, .adv_w = 62, .box_w = 2, .box_h = 2, .ofs_x = 1, .ofs_y = 5},
    {.bitmap_index = 322, .adv_w = 187, .box_w = 12, .box_h = 12, .ofs_x = 0, .ofs_y = 0},
    {.bitmap_index = 394, .adv_w = 187, .box_w = 12, .box_h = 12, .ofs_x = 0, .ofs_y = -1},
    {.bitmap_index = 466, .adv_w = 187, .box_w = 12, .box_h = 11, .ofs_x = 0, .ofs_y = 0},
    {.bitmap_index = 532, .adv_w = 149, .box_w = 11, .box_h = 14, .ofs_x = -1, .ofs_y = 0},
    {.bitmap_index = 609, .adv_w = 149, .box_w = 11, .box_h = 14, .ofs_x = -1, .ofs_y = 0},
    {.bitmap_index = 686, .adv_w = 149, .box_w = 11, .box_h = 14, .ofs_x = -1, .ofs_y = 0},
    {.bitmap_index = 763, .adv_w = 149, .box_w = 11, .box_h = 13, .ofs_x = -1, .ofs_y = 0},
    {.bitmap_index = 835, .adv_w = 149, .box_w = 11, .box_h = 14, .ofs_x = -1, .ofs_y = 0},
    {.bitmap_index = 912, .adv_w = 149, .box_w = 11, .box_h = 14, .ofs_x = -1, .ofs_y = 0},
    {.bitmap_index = 989, .adv_w = 224, .box_w = 14, .box_h = 11, .ofs_x = 0, .ofs_y = 0},
    {.bitmap_index = 1066, .adv_w = 162, .box_w = 10, .box_h = 14, .ofs_x = 0, .ofs_y = -3},
    {.bitmap_index = 1136, .adv_w = 149, .box_w = 8, .box_h = 14, .ofs_x = 1, .ofs_y = 0},
    {.bitmap_index = 1192, .adv_w = 149, .box_w = 8, .box_h = 14, .ofs_x = 1, .ofs_y = 0},
    {.bitmap_index = 1248, .adv_w = 149, .box_w = 8, .box_h = 14, .ofs_x = 1, .ofs_y = 0},
    {.bitmap_index = 1304, .adv_w = 149, .box_w = 8, .box_h = 14, .ofs_x = 1, .ofs_y = 0},
    {.bitmap_index = 1360, .adv_w = 62, .box_w = 3, .box_h = 14, .ofs_x = 0, .ofs_y = 0},
    {.bitmap_index = 1381, .adv_w = 62, .box_w = 3, .box_h = 14, .ofs_x = 1, .ofs_y = 0},
    {.bitmap_index = 1402, .adv_w = 62, .box_w = 6, .box_h = 14, .ofs_x = -1, .ofs_y = 0},
    {.bitmap_index = 1444, .adv_w = 62, .box_w = 4, .box_h = 14, .ofs_x = 0, .ofs_y = 0},
    {.bitmap_index = 1472, .adv_w = 162, .box_w = 10, .box_h = 11, .ofs_x = 0, .ofs_y = 0},
    {.bitmap_index = 1527, .adv_w = 162, .box_w = 8, .box_h = 13, .ofs_x = 1, .ofs_y = 0},
    {.bitmap_index = 1579, .adv_w = 174, .box_w = 11, .box_h = 14, .ofs_x = 0, .ofs_y = 0},
    {.bitmap_index = 1656, .adv_w = 174, .box_w = 11, .box_h = 14, .ofs_x = 0, .ofs_y = 0},
    {.bitmap_index = 1733, .adv_w = 174, .box_w = 11, .box_h = 14, .ofs_x = 0, .ofs_y = 0},
    {.bitmap_index = 1810, .adv_w = 174, .box_w = 11, .box_h = 14, .ofs_x = 0, .ofs_y = 0},
    {.bitmap_index = 1887, .adv_w = 174, .box_w = 11, .box_h = 14, .ofs_x = 0, .ofs_y = 0},
    {.bitmap_index = 1964, .adv_w = 131, .box_w = 7, .box_h = 7, .ofs_x = 1, .ofs_y = 2},
    {.bitmap_index = 1989, .adv_w = 174, .box_w = 11, .box_h = 13, .ofs_x = 0, .ofs_y = -1},
    {.bitmap_index = 2061, .adv_w = 162, .box_w = 8, .box_h = 14, .ofs_x = 1, .ofs_y = 0},
    {.bitmap_index = 2117, .adv_w = 162, .box_w = 8, .box_h = 14, .ofs_x = 1, .ofs_y = 0},
    {.bitmap_index = 2173, .adv_w = 162, .box_w = 8, .box_h = 14, .ofs_x = 1, .ofs_y = 0},
    {.bitmap_index = 2229, .adv_w = 162, .box_w = 8, .box_h = 14, .ofs_x = 1, .ofs_y = 0},
    {.bitmap_index = 2285, .adv_w = 149, .box_w = 10, .box_h = 14, .ofs_x = 0, .ofs_y = 0},
    {.bitmap_index = 2355, .adv_w = 149, .box_w = 8, .box_h = 11, .ofs_x = 1, .ofs_y = 0},
    {.bitmap_index = 2399, .adv_w = 137, .box_w = 8, .box_h = 11, .ofs_x = 1, .ofs_y = 0},
    {.bitmap_index = 2443, .adv_w = 125, .box_w = 8, .box_h = 11, .ofs_x = 0, .ofs_y = 0},
    {.bitmap_index = 2487, .adv_w = 125, .box_w = 8, .box_h = 11, .ofs_x = 0, .ofs_y = 0},
    {.bitmap_index = 2531, .adv_w = 125, .box_w = 8, .box_h = 11, .ofs_x = 0, .ofs_y = 0},
    {.bitmap_index = 2575, .adv_w = 125, .box_w = 8, .box_h = 11, .ofs_x = 0, .ofs_y = 0},
    {.bitmap_index = 2619, .adv_w = 125, .box_w = 8, .box_h = 11, .ofs_x = 0, .ofs_y = 0},
    {.bitmap_index = 2663, .adv_w = 125, .box_w = 8, .box_h = 11, .ofs_x = 0, .ofs_y = 0},
    {.bitmap_index = 2707, .adv_w = 199, .box_w = 12, .box_h = 8, .ofs_x = 0, .ofs_y = 0},
    {.bitmap_index = 2755, .adv_w = 112, .box_w = 7, .box_h = 11, .ofs_x = 0, .ofs_y = -3},
    {.bitmap_index = 2794, .adv_w = 125, .box_w = 8, .box_h = 11, .ofs_x = 0, .ofs_y = 0},
    {.bitmap_index = 2838, .adv_w = 125, .box_w = 8, .box_h = 11, .ofs_x = 0, .ofs_y = 0},
    {.bitmap_index = 2882, .adv_w = 125, .box_w = 8, .box_h = 11, .ofs_x = 0, .ofs_y = 0},
    {.bitmap_index = 2926, .adv_w = 125, .box_w = 8, .box_h = 11, .ofs_x = 0, .ofs_y = 0},
    {.bitmap_index = 2970, .adv_w = 62, .box_w = 3, .box_h = 11, .ofs_x = 0, .ofs_y = 0},
    {.bitmap_index = 2987, .adv_w = 62, .box_w = 3, .box_h = 11, .ofs_x = 1, .ofs_y = 0},
    {.bitmap_index = 3004, .adv_w = 62, .box_w = 6, .box_h = 11, .ofs_x = -1, .ofs_y = 0},
    {.bitmap_index = 3037, .adv_w = 62, .box_w = 4, .box_h = 11, .ofs_x = 0, .ofs_y = 0},
    {.bitmap_index = 3059, .adv_w = 125, .box_w = 8, .box_h = 11, .ofs_x = 0, .ofs_y = 0},
    {.bitmap_index = 3103, .adv_w = 125, .box_w = 7, .box_h = 11, .ofs_x = 0, .ofs_y = 0},
    {.bitmap_index = 3142, .adv_w = 125, .box_w = 8, .box_h = 11, .ofs_x = 0, .ofs_y = 0},
    {.bitmap_index = 3186, .adv_w = 125, .box_w = 8, .box_h = 11, .ofs_x = 0, .ofs_y = 0},
    {.bitmap_index = 3230, .adv_w = 125, .box_w = 8, .box_h = 11, .ofs_x = 0, .ofs_y = 0},
    {.bitmap_index = 3274, .adv_w = 125, .box_w = 8, .box_h = 11, .ofs_x = 0, .ofs_y = 0},
    {.bitmap_index = 3318, .adv_w = 125, .box_w = 8, .box_h = 11, .ofs_x = 0, .ofs_y = 0},
    {.bitmap_index = 3362, .adv_w = 131, .box_w = 8, .box_h = 6, .ofs_x = 0, .ofs_y = 2},
    {.bitmap_index = 3386, .adv_w = 137, .box_w = 8, .box_h = 10, .ofs_x = 0, .ofs_y = -1},
    {.bitmap_index = 3426, .adv_w = 125, .box_w = 7, .box_h = 11, .ofs_x = 0, .ofs_y = 0},
    {.bitmap_index = 3465, .adv_w = 125, .box_w = 7, .box_h = 11, .ofs_x = 0, .ofs_y = 0},
    {.bitmap_index = 3504, .adv_w = 125, .box_w = 7, .box_h = 11, .ofs_x = 0, .ofs_y = 0},
    {.bitmap_index = 3543, .adv_w = 125, .box_w = 7, .box_h = 11, .ofs_x = 0, .ofs_y = 0},
    {.bitmap_index = 3582, .adv_w = 112, .box_w = 7, .box_h = 14, .ofs_x = 0, .ofs_y = -3},
    {.bitmap_index = 3631, .adv_w = 125, .box_w = 8, .box_h = 14, .ofs_x = 0, .ofs_y = -3},
    {.bitmap_index = 3687, .adv_w = 112, .box_w = 7, .box_h = 14, .ofs_x = 0, .ofs_y = -3},
    {.bitmap_index = 3736, .adv_w = 149, .box_w = 11, .box_h = 13, .ofs_x = -1, .ofs_y = 0},
    {.bitmap_index = 3808, .adv_w = 125, .box_w = 8, .box_h = 11, .ofs_x = 0, .ofs_y = 0},
    {.bitmap_index = 3852, .adv_w = 149, .box_w = 11, .box_h = 14, .ofs_x = -1, .ofs_y = 0},
    {.bitmap_index = 3929, .adv_w = 125, .box_w = 8, .box_h = 11, .ofs_x = 0, .ofs_y = 0},
    {.bitmap_index = 3973, .adv_w = 149, .box_w = 12, .box_h = 14, .ofs_x = -1, .ofs_y = -3},
    {.bitmap_index = 4057, .adv_w = 125, .box_w = 8, .box_h = 11, .ofs_x = 0, .ofs_y = -3},
    {.bitmap_index = 4101, .adv_w = 162, .box_w = 10, .box_h = 14, .ofs_x = 0, .ofs_y = 0},
    {.bitmap_index = 4171, .adv_w = 112, .box_w = 7, .box_h = 11, .ofs_x = 0, .ofs_y = 0},
    {.bitmap_index = 4210, .adv_w = 162, .box_w = 10, .box_h = 14, .ofs_x = 0, .ofs_y = 0},
    {.bitmap_index = 4280, .adv_w = 112, .box_w = 7, .box_h = 11, .ofs_x = 0, .ofs_y = 0},
    {.bitmap_index = 4319, .adv_w = 162, .box_w = 10, .box_h = 14, .ofs_x = 0, .ofs_y = 0},
    {.bitmap_index = 4389, .adv_w = 112, .box_w = 7, .box_h = 11, .ofs_x = 0, .ofs_y = 0},
    {.bitmap_index = 4428, .adv_w = 162, .box_w = 10, .box_h = 14, .ofs_x = 0, .ofs_y = 0},
    {.bitmap_index = 4498, .adv_w = 112, .box_w = 7, .box_h = 11, .ofs_x = 0, .ofs_y = 0},
    {.bitmap_index = 4537, .adv_w = 162, .box_w = 9, .box_h = 14, .ofs_x = 1, .ofs_y = 0},
    {.bitmap_index = 4600, .adv_w = 140, .box_w = 9, .box_h = 11, .ofs_x = 0, .ofs_y = 0},
    {.bitmap_index = 4650, .adv_w = 162, .box_w = 11, .box_h = 11, .ofs_x = -1, .ofs_y = 0},
    {.bitmap_index = 4711, .adv_w = 125, .box_w = 8, .box_h = 11, .ofs_x = 0, .ofs_y = 0},
    {.bitmap_index = 4755, .adv_w = 149, .box_w = 8, .box_h = 13, .ofs_x = 1, .ofs_y = 0},
    {.bitmap_index = 4807, .adv_w = 125, .box_w = 8, .box_h = 11, .ofs_x = 0, .ofs_y = 0},
    {.bitmap_index = 4851, .adv_w = 149, .box_w = 8, .box_h = 14, .ofs_x = 1, .ofs_y = 0},
    {.bitmap_index = 4907, .adv_w = 125, .box_w = 8, .box_h = 11, .ofs_x = 0, .ofs_y = 0},
    {.bitmap_index = 4951, .adv_w = 149, .box_w = 8, .box_h = 13, .ofs_x = 1, .ofs_y = 0},
    {.bitmap_index = 5003, .adv_w = 125, .box_w = 8, .box_h = 11, .ofs_x = 0, .ofs_y = 0},
    {.bitmap_index = 5047, .adv_w = 149, .box_w = 9, .box_h = 14, .ofs_x = 1, .ofs_y = -3},
    {.bitmap_index = 5110, .adv_w = 125, .box_w = 8, .box_h = 11, .ofs_x = 0, .ofs_y = -3},
    {.bitmap_index = 5154, .adv_w = 149, .box_w = 8, .box_h = 14, .ofs_x = 1, .ofs_y = 0},
    {.bitmap_index = 5210, .adv_w = 125, .box_w = 8, .box_h = 11, .ofs_x = 0, .ofs_y = 0},
    {.bitmap_index = 5254, .adv_w = 174, .box_w = 10, .box_h = 14, .ofs_x = 0, .ofs_y = 0},
    {.bitmap_index = 5324, .adv_w = 125, .box_w = 7, .box_h = 14, .ofs_x = 0, .ofs_y = -3},
    {.bitmap_index = 5373, .adv_w = 174, .box_w = 10, .box_h = 14, .ofs_x = 0, .ofs_y = 0},
    {.bitmap_index = 5443, .adv_w = 125, .box_w = 7, .box_h = 14, .ofs_x = 0, .ofs_y = -3},
    {.bitmap_index = 5492, .adv_w = 174, .box_w = 10, .box_h = 14, .ofs_x = 0, .ofs_y = 0},
    {.bitmap_index = 5562, .adv_w = 125, .box_w = 7, .box_h = 14, .ofs_x = 0, .ofs_y = -3},
    {.bitmap_index = 5611, .adv_w = 174, .box_w = 10, .box_h = 14, .ofs_x = 0, .ofs_y = -3},
    {.bitmap_index = 5681, .adv_w = 125, .box_w = 7, .box_h = 16, .ofs_x = 0, .ofs_y = -3},
    {.bitmap_index = 5737, .adv_w = 162, .box_w = 8, .box_h = 14, .ofs_x = 1, .ofs_y = 0},
    {.bitmap_index = 5793, .adv_w = 125, .box_w = 7, .box_h = 14, .ofs_x = 0, .ofs_y = 0},
    {.bitmap_index = 5842, .adv_w = 162, .box_w = 12, .box_h = 11, .ofs_x = -1, .ofs_y = 0},
    {.bitmap_index = 5908, .adv_w = 125, .box_w = 7, .box_h = 11, .ofs_x = 0, .ofs_y = 0},
    {.bitmap_index = 5947, .adv_w = 62, .box_w = 6, .box_h = 13, .ofs_x = -1, .ofs_y = 0},
    {.bitmap_index = 5986, .adv_w = 50, .box_w = 5, .box_h = 11, .ofs_x = -1, .ofs_y = 0},
    {.bitmap_index = 6014, .adv_w = 62, .box_w = 6, .box_h = 13, .ofs_x = -1, .ofs_y = 0},
    {.bitmap_index = 6053, .adv_w = 50, .box_w = 5, .box_h = 11, .ofs_x = -1, .ofs_y = 0},
    {.bitmap_index = 6081, .adv_w = 62, .box_w = 5, .box_h = 14, .ofs_x = -1, .ofs_y = 0},
    {.bitmap_index = 6116, .adv_w = 50, .box_w = 5, .box_h = 11, .ofs_x = -1, .ofs_y = 0},
    {.bitmap_index = 6144, .adv_w = 62, .box_w = 4, .box_h = 14, .ofs_x = 1, .ofs_y = -3},
    {.bitmap_index = 6172, .adv_w = 50, .box_w = 4, .box_h = 14, .ofs_x = 0, .ofs_y = -3},
    {.bitmap_index = 6200, .adv_w = 62, .box_w = 2, .box_h = 13, .ofs_x = 1, .ofs_y = 0},
    {.bitmap_index = 6213, .adv_w = 62, .box_w = 2, .box_h = 8, .ofs_x = 1, .ofs_y = 0},
    {.bitmap_index = 6221, .adv_w = 168, .box_w = 9, .box_h = 11, .ofs_x = 1, .ofs_y = 0},
    {.bitmap_index = 6271, .adv_w = 99, .box_w = 6, .box_h = 14, .ofs_x = 0, .ofs_y = -3},
    {.bitmap_index = 6313, .adv_w = 112, .box_w = 8, .box_h = 14, .ofs_x = 0, .ofs_y = 0},
    {.bitmap_index = 6369, .adv_w = 50, .box_w = 5, .box_h = 14, .ofs_x = -1, .ofs_y = -3},
    {.bitmap_index = 6404, .adv_w = 149, .box_w = 9, .box_h = 15, .ofs_x = 1, .ofs_y = -4},
    {.bitmap_index = 6472, .adv_w = 112, .box_w = 7, .box_h = 15, .ofs_x = 0, .ofs_y = -4},
    {.bitmap_index = 6525, .adv_w = 98, .box_w = 7, .box_h = 8, .ofs_x = 0, .ofs_y = 0},
    {.bitmap_index = 6553, .adv_w = 125, .box_w = 7, .box_h = 14, .ofs_x = 1, .ofs_y = 0},
    {.bitmap_index = 6602, .adv_w = 50, .box_w = 4, .box_h = 14, .ofs_x = 0, .ofs_y = 0},
    {.bitmap_index = 6630, .adv_w = 125, .box_w = 7, .box_h = 15, .ofs_x = 1, .ofs_y = -4},
    {.bitmap_index = 6683, .adv_w = 50, .box_w = 3, .box_h = 15, .ofs_x = 0, .ofs_y = -4},
    {.bitmap_index = 6706, .adv_w = 125, .box_w = 9, .box_h = 14, .ofs_x = -1, .ofs_y = 0},
    {.bitmap_index = 6769, .adv_w = 50, .box_w = 5, .box_h = 14, .ofs_x = -1, .ofs_y = 0},
    {.bitmap_index = 6804, .adv_w = 125, .box_w = 7, .box_h = 11, .ofs_x = 1, .ofs_y = 0},
    {.bitmap_index = 6843, .adv_w = 71, .box_w = 5, .box_h = 11, .ofs_x = 0, .ofs_y = 0},
    {.bitmap_index = 6871, .adv_w = 125, .box_w = 8, .box_h = 11, .ofs_x = 0, .ofs_y = 0},
    {.bitmap_index = 6915, .adv_w = 50, .box_w = 4, .box_h = 11, .ofs_x = 0, .ofs_y = 0},
    {.bitmap_index = 6937, .adv_w = 162, .box_w = 8, .box_h = 14, .ofs_x = 1, .ofs_y = 0},
    {.bitmap_index = 6993, .adv_w = 125, .box_w = 7, .box_h = 11, .ofs_x = 0, .ofs_y = 0},
    {.bitmap_index = 7032, .adv_w = 162, .box_w = 8, .box_h = 15, .ofs_x = 1, .ofs_y = -4},
    {.bitmap_index = 7092, .adv_w = 125, .box_w = 7, .box_h = 12, .ofs_x = 0, .ofs_y = -4},
    {.bitmap_index = 7134, .adv_w = 162, .box_w = 8, .box_h = 14, .ofs_x = 1, .ofs_y = 0},
    {.bitmap_index = 7190, .adv_w = 125, .box_w = 7, .box_h = 11, .ofs_x = 0, .ofs_y = 0},
    {.bitmap_index = 7229, .adv_w = 140, .box_w = 9, .box_h = 11, .ofs_x = -1, .ofs_y = 0},
    {.bitmap_index = 7279, .adv_w = 162, .box_w = 9, .box_h = 14, .ofs_x = 1, .ofs_y = -3},
    {.bitmap_index = 7342, .adv_w = 125, .box_w = 7, .box_h = 11, .ofs_x = 0, .ofs_y = -3},
    {.bitmap_index = 7381, .adv_w = 174, .box_w = 11, .box_h = 13, .ofs_x = 0, .ofs_y = 0},
    {.bitmap_index = 7453, .adv_w = 125, .box_w = 8, .box_h = 11, .ofs_x = 0, .ofs_y = 0},
    {.bitmap_index = 7497, .adv_w = 174, .box_w = 11, .box_h = 14, .ofs_x = 0, .ofs_y = 0},
    {.bitmap_index = 7574, .adv_w = 125, .box_w = 8, .box_h = 11, .ofs_x = 0, .ofs_y = 0},
    {.bitmap_index = 7618, .adv_w = 174, .box_w = 11, .box_h = 14, .ofs_x = 0, .ofs_y = 0},
    {.bitmap_index = 7695, .adv_w = 125, .box_w = 8, .box_h = 11, .ofs_x = 0, .ofs_y = 0},
    {.bitmap_index = 7739, .adv_w = 224, .box_w = 14, .box_h = 11, .ofs_x = 0, .ofs_y = 0},
    {.bitmap_index = 7816, .adv_w = 211, .box_w = 13, .box_h = 8, .ofs_x = 0, .ofs_y = 0},
    {.bitmap_index = 7868, .adv_w = 162, .box_w = 9, .box_h = 14, .ofs_x = 1, .ofs_y = 0},
    {.bitmap_index = 7931, .adv_w = 75, .box_w = 5, .box_h = 11, .ofs_x = 0, .ofs_y = 0},
    {.bitmap_index = 7959, .adv_w = 162, .box_w = 9, .box_h = 15, .ofs_x = 1, .ofs_y = -4},
    {.bitmap_index = 8027, .adv_w = 75, .box_w = 5, .box_h = 12, .ofs_x = 0, .ofs_y = -4},
    {.bitmap_index = 8057, .adv_w = 162, .box_w = 9, .box_h = 14, .ofs_x = 1, .ofs_y = 0},
    {.bitmap_index = 8120, .adv_w = 75, .box_w = 5, .box_h = 11, .ofs_x = 0, .ofs_y = 0},
    {.bitmap_index = 8148, .adv_w = 149, .box_w = 9, .box_h = 14, .ofs_x = 0, .ofs_y = 0},
    {.bitmap_index = 8211, .adv_w = 112, .box_w = 7, .box_h = 11, .ofs_x = 0, .ofs_y = 0},
    {.bitmap_index = 8250, .adv_w = 149, .box_w = 9, .box_h = 14, .ofs_x = 0, .ofs_y = 0},
    {.bitmap_index = 8313, .adv_w = 112, .box_w = 7, .box_h = 11, .ofs_x = 0, .ofs_y = 0},
    {.bitmap_index = 8352, .adv_w = 149, .box_w = 9, .box_h = 14, .ofs_x = 0, .ofs_y = -3},
    {.bitmap_index = 8415, .adv_w = 112, .box_w = 7, .box_h = 11, .ofs_x = 0, .ofs_y = -3},
    {.bitmap_index = 8454, .adv_w = 149, .box_w = 9, .box_h = 14, .ofs_x = 0, .ofs_y = 0},
    {.bitmap_index = 8517, .adv_w = 112, .box_w = 7, .box_h = 11, .ofs_x = 0, .ofs_y = 0},
    {.bitmap_index = 8556, .adv_w = 137, .box_w = 9, .box_h = 15, .ofs_x = 0, .ofs_y = -4},
    {.bitmap_index = 8624, .adv_w = 62, .box_w = 4, .box_h = 15, .ofs_x = 0, .ofs_y = -4},
    {.bitmap_index = 8654, .adv_w = 137, .box_w = 9, .box_h = 14, .ofs_x = 0, .ofs_y = 0},
    {.bitmap_index = 8717, .adv_w = 91, .box_w = 6, .box_h = 11, .ofs_x = 0, .ofs_y = 0},
    {.bitmap_index = 8750, .adv_w = 137, .box_w = 9, .box_h = 11, .ofs_x = 0, .ofs_y = 0},
    {.bitmap_index = 8800, .adv_w = 62, .box_w = 4, .box_h = 11, .ofs_x = 0, .ofs_y = 0},
    {.bitmap_index = 8822, .adv_w = 162, .box_w = 8, .box_h = 14, .ofs_x = 1, .ofs_y = 0},
    {.bitmap_index = 8878, .adv_w = 125, .box_w = 7, .box_h = 11, .ofs_x = 0, .ofs_y = 0},
    {.bitmap_index = 8917, .adv_w = 162, .box_w = 8, .box_h = 13, .ofs_x = 1, .ofs_y = 0},
    {.bitmap_index = 8969, .adv_w = 125, .box_w = 7, .box_h = 11, .ofs_x = 0, .ofs_y = 0},
    {.bitmap_index = 9008, .adv_w = 162, .box_w = 8, .box_h = 14, .ofs_x = 1, .ofs_y = 0},
    {.bitmap_index = 9064, .adv_w = 125, .box_w = 7, .box_h = 11, .ofs_x = 0, .ofs_y = 0},
    {.bitmap_index = 9103, .adv_w = 162, .box_w = 8, .box_h = 15, .ofs_x = 1, .ofs_y = 0},
    {.bitmap_index = 9163, .adv_w = 125, .box_w = 7, .box_h = 11, .ofs_x = 0, .ofs_y = 0},
    {.bitmap_index = 9202, .adv_w = 162, .box_w = 8, .box_h = 14, .ofs_x = 1, .ofs_y = 0},
    {.bitmap_index = 9258, .adv_w = 125, .box_w = 7, .box_h = 11, .ofs_x = 0, .ofs_y = 0},
    {.bitmap_index = 9297, .adv_w = 162, .box_w = 8, .box_h = 14, .ofs_x = 1, .ofs_y = -3},
    {.bitmap_index = 9353, .adv_w = 125, .box_w = 8, .box_h = 11, .ofs_x = 0, .ofs_y = -3},
    {.bitmap_index = 9397, .adv_w = 211, .box_w = 14, .box_h = 14, .ofs_x = 0, .ofs_y = 0},
    {.bitmap_index = 9495, .adv_w = 162, .box_w = 11, .box_h = 11, .ofs_x = 0, .ofs_y = 0},
    {.bitmap_index = 9556, .adv_w = 149, .box_w = 10, .box_h = 14, .ofs_x = 0, .ofs_y = 0},
    {.bitmap_index = 9626, .adv_w = 112, .box_w = 7, .box_h = 14, .ofs_x = 0, .ofs_y = -3},
    {.bitmap_index = 9675, .adv_w = 149, .box_w = 10, .box_h = 14, .ofs_x = 0, .ofs_y = 0},
    {.bitmap_index = 9745, .adv_w = 137, .box_w = 9, .box_h = 14, .ofs_x = 0, .ofs_y = 0},
    {.bitmap_index = 9808, .adv_w = 112, .box_w = 7, .box_h = 11, .ofs_x = 0, .ofs_y = 0},
    {.bitmap_index = 9847, .adv_w = 137, .box_w = 9, .box_h = 13, .ofs_x = 0, .ofs_y = 0},
    {.bitmap_index = 9906, .adv_w = 112, .box_w = 7, .box_h = 11, .ofs_x = 0, .ofs_y = 0},
    {.bitmap_index = 9945, .adv_w = 137, .box_w = 9, .box_h = 14, .ofs_x = 0, .ofs_y = 0},
    {.bitmap_index = 10008, .adv_w = 112, .box_w = 7, .box_h = 11, .ofs_x = 0, .ofs_y = 0},
    {.bitmap_index = 10047, .adv_w = 50, .box_w = 5, .box_h = 11, .ofs_x = 0, .ofs_y = 0},
    {.bitmap_index = 10075, .adv_w = 149, .box_w = 8, .box_h = 13, .ofs_x = 1, .ofs_y = 0},
    {.bitmap_index = 10127, .adv_w = 194, .box_w = 12, .box_h = 11, .ofs_x = 0, .ofs_y = 0},
    {.bitmap_index = 10193, .adv_w = 127, .box_w = 7, .box_h = 13, .ofs_x = 1, .ofs_y = 0},
    {.bitmap_index = 10239, .adv_w = 161, .box_w = 10, .box_h = 11, .ofs_x = 0, .ofs_y = 0},
    {.bitmap_index = 10294, .adv_w = 149, .box_w = 9, .box_h = 11, .ofs_x = 0, .ofs_y = 0},
    {.bitmap_index = 10344, .adv_w = 62, .box_w = 2, .box_h = 11, .ofs_x = 1, .ofs_y = 0},
    {.bitmap_index = 10355, .adv_w = 62, .box_w = 4, .box_h = 13, .ofs_x = 0, .ofs_y = 0},
    {.bitmap_index = 10381, .adv_w = 112, .box_w = 6, .box_h = 11, .ofs_x = 0, .ofs_y = 0},
    {.bitmap_index = 10414, .adv_w = 248, .box_w = 15, .box_h = 11, .ofs_x = 0, .ofs_y = 0},
    {.bitmap_index = 10497, .adv_w = 226, .box_w = 13, .box_h = 11, .ofs_x = 1, .ofs_y = 0},
    {.bitmap_index = 10569, .adv_w = 194, .box_w = 12, .box_h = 11, .ofs_x = 0, .ofs_y = 0},
    {.bitmap_index = 10635, .adv_w = 131, .box_w = 8, .box_h = 13, .ofs_x = 1, .ofs_y = 0},
    {.bitmap_index = 10687, .adv_w = 142, .box_w = 9, .box_h = 14, .ofs_x = 0, .ofs_y = 0},
    {.bitmap_index = 10750, .adv_w = 162, .box_w = 8, .box_h = 14, .ofs_x = 1, .ofs_y = -3},
    {.bitmap_index = 10806, .adv_w = 149, .box_w = 11, .box_h = 11, .ofs_x = -1, .ofs_y = 0},
    {.bitmap_index = 10867, .adv_w = 147, .box_w = 8, .box_h = 11, .ofs_x = 1, .ofs_y = 0},
    {.bitmap_index = 10911, .adv_w = 149, .box_w = 8, .box_h = 11, .ofs_x = 1, .ofs_y = 0},
    {.bitmap_index = 10955, .adv_w = 127, .box_w = 7, .box_h = 11, .ofs_x = 1, .ofs_y = 0},
    {.bitmap_index = 10994, .adv_w = 152, .box_w = 9, .box_h = 14, .ofs_x = 0, .ofs_y = -3},
    {.bitmap_index = 11057, .adv_w = 149, .box_w = 8, .box_h = 11, .ofs_x = 1, .ofs_y = 0},
    {.bitmap_index = 11101, .adv_w = 207, .box_w = 13, .box_h = 11, .ofs_x = 0, .ofs_y = 0},
    {.bitmap_index = 11173, .adv_w = 135, .box_w = 8, .box_h = 11, .ofs_x = 0, .ofs_y = 0},
    {.bitmap_index = 11217, .adv_w = 162, .box_w = 8, .box_h = 11, .ofs_x = 1, .ofs_y = 0},
    {.bitmap_index = 11261, .adv_w = 162, .box_w = 8, .box_h = 14, .ofs_x = 1, .ofs_y = 0},
    {.bitmap_index = 11317, .adv_w = 131, .box_w = 8, .box_h = 11, .ofs_x = 1, .ofs_y = 0},
    {.bitmap_index = 11361, .adv_w = 158, .box_w = 9, .box_h = 11, .ofs_x = 0, .ofs_y = 0},
    {.bitmap_index = 11411, .adv_w = 187, .box_w = 10, .box_h = 11, .ofs_x = 1, .ofs_y = 0},
    {.bitmap_index = 11466, .adv_w = 162, .box_w = 8, .box_h = 11, .ofs_x = 1, .ofs_y = 0},
    {.bitmap_index = 11510, .adv_w = 174, .box_w = 11, .box_h = 11, .ofs_x = 0, .ofs_y = 0},
    {.bitmap_index = 11571, .adv_w = 162, .box_w = 8, .box_h = 11, .ofs_x = 1, .ofs_y = 0},
    {.bitmap_index = 11615, .adv_w = 149, .box_w = 8, .box_h = 11, .ofs_x = 1, .ofs_y = 0},
    {.bitmap_index = 11659, .adv_w = 162, .box_w = 10, .box_h = 11, .ofs_x = 0, .ofs_y = 0},
    {.bitmap_index = 11714, .adv_w = 137, .box_w = 9, .box_h = 11, .ofs_x = 0, .ofs_y = 0},
    {.bitmap_index = 11764, .adv_w = 142, .box_w = 9, .box_h = 11, .ofs_x = 0, .ofs_y = 0},
    {.bitmap_index = 11814, .adv_w = 170, .box_w = 11, .box_h = 11, .ofs_x = 0, .ofs_y = 0},
    {.bitmap_index = 11875, .adv_w = 149, .box_w = 10, .box_h = 11, .ofs_x = 0, .ofs_y = 0},
    {.bitmap_index = 11930, .adv_w = 166, .box_w = 9, .box_h = 14, .ofs_x = 1, .ofs_y = -3},
    {.bitmap_index = 11993, .adv_w = 153, .box_w = 9, .box_h = 11, .ofs_x = 0, .ofs_y = 0},
    {.bitmap_index = 12043, .adv_w = 206, .box_w = 11, .box_h = 11, .ofs_x = 1, .ofs_y = 0},
    {.bitmap_index = 12104, .adv_w = 210, .box_w = 12, .box_h = 14, .ofs_x = 1, .ofs_y = -3},
    {.bitmap_index = 12188, .adv_w = 178, .box_w = 11, .box_h = 11, .ofs_x = 0, .ofs_y = 0},
    {.bitmap_index = 12249, .adv_w = 198, .box_w = 11, .box_h = 11, .ofs_x = 1, .ofs_y = 0},
    {.bitmap_index = 12310, .adv_w = 147, .box_w = 8, .box_h = 11, .ofs_x = 1, .ofs_y = 0},
    {.bitmap_index = 12354, .adv_w = 161, .box_w = 10, .box_h = 11, .ofs_x = 0, .ofs_y = 0},
    {.bitmap_index = 12409, .adv_w = 225, .box_w = 13, .box_h = 11, .ofs_x = 1, .ofs_y = 0},
    {.bitmap_index = 12481, .adv_w = 162, .box_w = 9, .box_h = 11, .ofs_x = 0, .ofs_y = 0},
    {.bitmap_index = 12531, .adv_w = 125, .box_w = 8, .box_h = 8, .ofs_x = 0, .ofs_y = 0},
    {.bitmap_index = 12563, .adv_w = 128, .box_w = 8, .box_h = 11, .ofs_x = 0, .ofs_y = 0},
    {.bitmap_index = 12607, .adv_w = 119, .box_w = 7, .box_h = 8, .ofs_x = 0, .ofs_y = 0},
    {.bitmap_index = 12635, .adv_w = 86, .box_w = 6, .box_h = 8, .ofs_x = 0, .ofs_y = 0},
    {.bitmap_index = 12659, .adv_w = 131, .box_w = 8, .box_h = 11, .ofs_x = 0, .ofs_y = -3},
    {.bitmap_index = 12703, .adv_w = 125, .box_w = 8, .box_h = 8, .ofs_x = 0, .ofs_y = 0},
    {.bitmap_index = 12735, .adv_w = 150, .box_w = 11, .box_h = 8, .ofs_x = -1, .ofs_y = 0},
    {.bitmap_index = 12779, .adv_w = 103, .box_w = 6, .box_h = 8, .ofs_x = 0, .ofs_y = 0},
    {.bitmap_index = 12803, .adv_w = 125, .box_w = 7, .box_h = 8, .ofs_x = 0, .ofs_y = 0},
    {.bitmap_index = 12831, .adv_w = 125, .box_w = 7, .box_h = 11, .ofs_x = 0, .ofs_y = 0},
    {.bitmap_index = 12870, .adv_w = 98, .box_w = 7, .box_h = 8, .ofs_x = 0, .ofs_y = 0},
    {.bitmap_index = 12898, .adv_w = 128, .box_w = 8, .box_h = 8, .ofs_x = 0, .ofs_y = 0},
    {.bitmap_index = 12930, .adv_w = 153, .box_w = 9, .box_h = 8, .ofs_x = 0, .ofs_y = 0},
    {.bitmap_index = 12966, .adv_w = 124, .box_w = 7, .box_h = 8, .ofs_x = 0, .ofs_y = 0},
    {.bitmap_index = 12994, .adv_w = 125, .box_w = 8, .box_h = 8, .ofs_x = 0, .ofs_y = 0},
    {.bitmap_index = 13026, .adv_w = 121, .box_w = 7, .box_h = 8, .ofs_x = 0, .ofs_y = 0},
    {.bitmap_index = 13054, .adv_w = 125, .box_w = 8, .box_h = 11, .ofs_x = 0, .ofs_y = -3},
    {.bitmap_index = 13098, .adv_w = 112, .box_w = 7, .box_h = 8, .ofs_x = 0, .ofs_y = 0},
    {.bitmap_index = 13126, .adv_w = 103, .box_w = 7, .box_h = 8, .ofs_x = 0, .ofs_y = 0},
    {.bitmap_index = 13154, .adv_w = 112, .box_w = 7, .box_h = 11, .ofs_x = 0, .ofs_y = -3},
    {.bitmap_index = 13193, .adv_w = 184, .box_w = 12, .box_h = 14, .ofs_x = 0, .ofs_y = -3},
    {.bitmap_index = 13277, .adv_w = 112, .box_w = 7, .box_h = 8, .ofs_x = 0, .ofs_y = 0},
    {.bitmap_index = 13305, .adv_w = 126, .box_w = 8, .box_h = 11, .ofs_x = 0, .ofs_y = -3},
    {.bitmap_index = 13349, .adv_w = 119, .box_w = 7, .box_h = 8, .ofs_x = 0, .ofs_y = 0},
    {.bitmap_index = 13377, .adv_w = 180, .box_w = 11, .box_h = 8, .ofs_x = 0, .ofs_y = 0},
    {.bitmap_index = 13421, .adv_w = 184, .box_w = 12, .box_h = 11, .ofs_x = 0, .ofs_y = -3},
    {.bitmap_index = 13487, .adv_w = 139, .box_w = 9, .box_h = 8, .ofs_x = 0, .ofs_y = 0},
    {.bitmap_index = 13523, .adv_w = 161, .box_w = 10, .box_h = 8, .ofs_x = 0, .ofs_y = 0},
    {.bitmap_index = 13563, .adv_w = 117, .box_w = 7, .box_h = 8, .ofs_x = 0, .ofs_y = 0},
    {.bitmap_index = 13591, .adv_w = 114, .box_w = 7, .box_h = 8, .ofs_x = 0, .ofs_y = 0},
    {.bitmap_index = 13619, .adv_w = 167, .box_w = 10, .box_h = 8, .ofs_x = 0, .ofs_y = 0},
    {.bitmap_index = 13659, .adv_w = 121, .box_w = 7, .box_h = 8, .ofs_x = 0, .ofs_y = 0},
    {.bitmap_index = 13687, .adv_w = 125, .box_w = 8, .box_h = 11, .ofs_x = 0, .ofs_y = 0},
    {.bitmap_index = 13731, .adv_w = 125, .box_w = 7, .box_h = 14, .ofs_x = 0, .ofs_y = -3},
    {.bitmap_index = 13780, .adv_w = 86, .box_w = 6, .box_h = 11, .ofs_x = 0, .ofs_y = 0},
    {.bitmap_index = 13813, .adv_w = 114, .box_w = 7, .box_h = 8, .ofs_x = 0, .ofs_y = 0},
    {.bitmap_index = 13841, .adv_w = 112, .box_w = 7, .box_h = 8, .ofs_x = 0, .ofs_y = 0},
    {.bitmap_index = 13869, .adv_w = 50, .box_w = 3, .box_h = 11, .ofs_x = 0, .ofs_y = 0},
    {.bitmap_index = 13886, .adv_w = 62, .box_w = 4, .box_h = 11, .ofs_x = 0, .ofs_y = 0},
    {.bitmap_index = 13908, .adv_w = 50, .box_w = 4, .box_h = 14, .ofs_x = -1, .ofs_y = -3},
    {.bitmap_index = 13936, .adv_w = 196, .box_w = 12, .box_h = 8, .ofs_x = 0, .ofs_y = 0},
    {.bitmap_index = 13984, .adv_w = 182, .box_w = 11, .box_h = 8, .ofs_x = 0, .ofs_y = 0},
    {.bitmap_index = 14028, .adv_w = 125, .box_w = 7, .box_h = 11, .ofs_x = 0, .ofs_y = 0},
    {.bitmap_index = 14067, .adv_w = 98, .box_w = 7, .box_h = 11, .ofs_x = 0, .ofs_y = 0},
    {.bitmap_index = 14106, .adv_w = 112, .box_w = 7, .box_h = 14, .ofs_x = 0, .ofs_y = -3},
    {.bitmap_index = 14155, .adv_w = 121, .box_w = 7, .box_h = 11, .ofs_x = 0, .ofs_y = -3},
    {.bitmap_index = 14194, .adv_w = 219, .box_w = 14, .box_h = 11, .ofs_x = 0, .ofs_y = 0},
    {.bitmap_index = 14271, .adv_w = 172, .box_w = 11, .box_h = 8, .ofs_x = 0, .ofs_y = 0},
    {.bitmap_index = 14315, .adv_w = 147, .box_w = 9, .box_h = 11, .ofs_x = 0, .ofs_y = 0},
    {.bitmap_index = 14365, .adv_w = 117, .box_w = 8, .box_h = 11, .ofs_x = -1, .ofs_y = 0},
    {.bitmap_index = 14409, .adv_w = 213, .box_w = 12, .box_h = 11, .ofs_x = 1, .ofs_y = 0},
    {.bitmap_index = 14475, .adv_w = 155, .box_w = 10, .box_h = 8, .ofs_x = 0, .ofs_y = 0},
    {.bitmap_index = 14515, .adv_w = 149, .box_w = 11, .box_h = 11, .ofs_x = -1, .ofs_y = 0},
    {.bitmap_index = 14576, .adv_w = 134, .box_w = 9, .box_h = 8, .ofs_x = 0, .ofs_y = 0},
    {.bitmap_index = 14612, .adv_w = 213, .box_w = 13, .box_h = 11, .ofs_x = 1, .ofs_y = 0},
    {.bitmap_index = 14684, .adv_w = 183, .box_w = 12, .box_h = 8, .ofs_x = 0, .ofs_y = 0},
    {.bitmap_index = 14732, .adv_w = 146, .box_w = 10, .box_h = 11, .ofs_x = 0, .ofs_y = 0},
    {.bitmap_index = 14787, .adv_w = 134, .box_w = 9, .box_h = 8, .ofs_x = 0, .ofs_y = 0},
    {.bitmap_index = 14823, .adv_w = 209, .box_w = 13, .box_h = 11, .ofs_x = 1, .ofs_y = 0},
    {.bitmap_index = 14895, .adv_w = 183, .box_w = 12, .box_h = 8, .ofs_x = 0, .ofs_y = 0},
    {.bitmap_index = 14943, .adv_w = 135, .box_w = 8, .box_h = 17, .ofs_x = 0, .ofs_y = -3},
    {.bitmap_index = 15011, .adv_w = 103, .box_w = 6, .box_h = 14, .ofs_x = 0, .ofs_y = -3},
    {.bitmap_index = 15053, .adv_w = 180, .box_w = 11, .box_h = 11, .ofs_x = 0, .ofs_y = 0},
    {.bitmap_index = 15114, .adv_w = 163, .box_w = 10, .box_h = 11, .ofs_x = 0, .ofs_y = -3},
    {.bitmap_index = 15169, .adv_w = 174, .box_w = 11, .box_h = 11, .ofs_x = 0, .ofs_y = 0},
    {.bitmap_index = 15230, .adv_w = 125, .box_w = 8, .box_h = 8, .ofs_x = 0, .ofs_y = 0},
    {.bitmap_index = 15262, .adv_w = 149, .box_w = 10, .box_h = 11, .ofs_x = 0, .ofs_y = 0},
    {.bitmap_index = 15317, .adv_w = 112, .box_w = 7, .box_h = 8, .ofs_x = 0, .ofs_y = 0},
    {.bitmap_index = 15345, .adv_w = 149, .box_w = 10, .box_h = 14, .ofs_x = 0, .ofs_y = 0},
    {.bitmap_index = 15415, .adv_w = 112, .box_w = 7, .box_h = 11, .ofs_x = 0, .ofs_y = 0},
    {.bitmap_index = 15454, .adv_w = 286, .box_w = 18, .box_h = 14, .ofs_x = 0, .ofs_y = -3},
    {.bitmap_index = 15580, .adv_w = 237, .box_w = 15, .box_h = 11, .ofs_x = 0, .ofs_y = -3},
    {.bitmap_index = 15663, .adv_w = 174, .box_w = 11, .box_h = 12, .ofs_x = 0, .ofs_y = -1},
    {.bitmap_index = 15729, .adv_w = 125, .box_w = 8, .box_h = 8, .ofs_x = 0, .ofs_y = 0},
    {.bitmap_index = 15761, .adv_w = 219, .box_w = 14, .box_h = 15, .ofs_x = 0, .ofs_y = 0},
    {.bitmap_index = 15866, .adv_w = 172, .box_w = 11, .box_h = 12, .ofs_x = 0, .ofs_y = 0},
    {.bitmap_index = 15932, .adv_w = 219, .box_w = 14, .box_h = 14, .ofs_x = 0, .ofs_y = 0},
    {.bitmap_index = 16030, .adv_w = 172, .box_w = 11, .box_h = 11, .ofs_x = 0, .ofs_y = 0},
    {.bitmap_index = 16091, .adv_w = 162, .box_w = 10, .box_h = 13, .ofs_x = 0, .ofs_y = -2},
    {.bitmap_index = 16156, .adv_w = 115, .box_w = 7, .box_h = 10, .ofs_x = 0, .ofs_y = -2},
    {.bitmap_index = 16191, .adv_w = 154, .box_w = 9, .box_h = 11, .ofs_x = 0, .ofs_y = 0},
    {.bitmap_index = 16241, .adv_w = 75, .box_w = 5, .box_h = 3, .ofs_x = 0, .ofs_y = 9},
    {.bitmap_index = 16249, .adv_w = 86, .box_w = 6, .box_h = 3, .ofs_x = 0, .ofs_y = 9},
    {.bitmap_index = 16258, .adv_w = 75, .box_w = 5, .box_h = 3, .ofs_x = 0, .ofs_y = 9},
    {.bitmap_index = 16266, .adv_w = 75, .box_w = 5, .box_h = 3, .ofs_x = 0, .ofs_y = 9},
    {.bitmap_index = 16274, .adv_w = 97, .box_w = 5, .box_h = 14, .ofs_x = 1, .ofs_y = 0},
    {.bitmap_index = 16309, .adv_w = 76, .box_w = 5, .box_h = 10, .ofs_x = 0, .ofs_y = 0},
    {.bitmap_index = 16334, .adv_w = 127, .box_w = 8, .box_h = 11, .ofs_x = 0, .ofs_y = 0},
    {.bitmap_index = 16378, .adv_w = 86, .box_w = 7, .box_h = 8, .ofs_x = -1, .ofs_y = 0},
    {.bitmap_index = 16406, .adv_w = 147, .box_w = 8, .box_h = 14, .ofs_x = 1, .ofs_y = -3},
    {.bitmap_index = 16462, .adv_w = 125, .box_w = 7, .box_h = 14, .ofs_x = 0, .ofs_y = -3},
    {.bitmap_index = 16511, .adv_w = 207, .box_w = 13, .box_h = 14, .ofs_x = 0, .ofs_y = -3},
    {.bitmap_index = 16602, .adv_w = 150, .box_w = 11, .box_h = 11, .ofs_x = -1, .ofs_y = -3},
    {.bitmap_index = 16663, .adv_w = 135, .box_w = 8, .box_h = 14, .ofs_x = 0, .ofs_y = -3},
    {.bitmap_index = 16719, .adv_w = 103, .box_w = 6, .box_h = 11, .ofs_x = 0, .ofs_y = -3},
    {.bitmap_index = 16752, .adv_w = 131, .box_w = 8, .box_h = 14, .ofs_x = 1, .ofs_y = -3},
    {.bitmap_index = 16808, .adv_w = 98, .box_w = 7, .box_h = 11, .ofs_x = 0, .ofs_y = -3},
    {.bitmap_index = 16847, .adv_w = 131, .box_w = 8, .box_h = 11, .ofs_x = 1, .ofs_y = 0},
    {.bitmap_index = 16891, .adv_w = 98, .box_w = 7, .box_h = 8, .ofs_x = 0, .ofs_y = 0},
    {.bitmap_index = 16919, .adv_w = 131, .box_w = 9, .box_h = 11, .ofs_x = 0, .ofs_y = 0},
    {.bitmap_index = 16969, .adv_w = 98, .box_w = 8, .box_h = 8, .ofs_x = -1, .ofs_y = 0},
    {.bitmap_index = 17001, .adv_w = 171, .box_w = 11, .box_h = 11, .ofs_x = 0, .ofs_y = 0},
    {.bitmap_index = 17062, .adv_w = 120, .box_w = 8, .box_h = 8, .ofs_x = 0, .ofs_y = 0},
    {.bitmap_index = 17094, .adv_w = 166, .box_w = 9, .box_h = 14, .ofs_x = 1, .ofs_y = -3},
    {.bitmap_index = 17157, .adv_w = 128, .box_w = 8, .box_h = 11, .ofs_x = 0, .ofs_y = -3},
    {.bitmap_index = 17201, .adv_w = 202, .box_w = 12, .box_h = 11, .ofs_x = 1, .ofs_y = 0},
    {.bitmap_index = 17267, .adv_w = 150, .box_w = 10, .box_h = 8, .ofs_x = 0, .ofs_y = 0},
    {.bitmap_index = 17307, .adv_w = 165, .box_w = 9, .box_h = 14, .ofs_x = 1, .ofs_y = -3},
    {.bitmap_index = 17370, .adv_w = 125, .box_w = 8, .box_h = 11, .ofs_x = 0, .ofs_y = -3},
    {.bitmap_index = 17414, .adv_w = 174, .box_w = 11, .box_h = 14, .ofs_x = 0, .ofs_y = -3},
    {.bitmap_index = 17491, .adv_w = 125, .box_w = 8, .box_h = 11, .ofs_x = 0, .ofs_y = -3},
    {.bitmap_index = 17535, .adv_w = 162, .box_w = 10, .box_h = 14, .ofs_x = 0, .ofs_y = -3},
    {.bitmap_index = 17605, .adv_w = 112, .box_w = 7, .box_h = 11, .ofs_x = 0, .ofs_y = -3},
    {.bitmap_index = 17644, .adv_w = 137, .box_w = 9, .box_h = 14, .ofs_x = 0, .ofs_y = -3},
    {.bitmap_index = 17707, .adv_w = 103, .box_w = 7, .box_h = 11, .ofs_x = 0, .ofs_y = -3},
    {.bitmap_index = 17746, .adv_w = 149, .box_w = 10, .box_h = 11, .ofs_x = 0, .ofs_y = 0},
    {.bitmap_index = 17801, .adv_w = 112, .box_w = 7, .box_h = 11, .ofs_x = 0, .ofs_y = -3},
    {.bitmap_index = 17840, .adv_w = 149, .box_w = 10, .box_h = 11, .ofs_x = 0, .ofs_y = 0},
    {.bitmap_index = 17895, .adv_w = 112, .box_w = 7, .box_h = 11, .ofs_x = 0, .ofs_y = -3},
    {.bitmap_index = 17934, .adv_w = 149, .box_w = 10, .box_h = 14, .ofs_x = 0, .ofs_y = -3},
    {.bitmap_index = 18004, .adv_w = 112, .box_w = 7, .box_h = 11, .ofs_x = 0, .ofs_y = -3},
    {.bitmap_index = 18043, .adv_w = 205, .box_w = 13, .box_h = 14, .ofs_x = 0, .ofs_y = -3},
    {.bitmap_index = 18134, .adv_w = 148, .box_w = 9, .box_h = 11, .ofs_x = 0, .ofs_y = -3},
    {.bitmap_index = 18184, .adv_w = 153, .box_w = 10, .box_h = 14, .ofs_x = 0, .ofs_y = -3},
    {.bitmap_index = 18254, .adv_w = 119, .box_w = 8, .box_h = 11, .ofs_x = 0, .ofs_y = -3},
    {.bitmap_index = 18298, .adv_w = 153, .box_w = 9, .box_h = 11, .ofs_x = 0, .ofs_y = 0},
    {.bitmap_index = 18348, .adv_w = 119, .box_w = 7, .box_h = 8, .ofs_x = 0, .ofs_y = 0},
    {.bitmap_index = 18376, .adv_w = 153, .box_w = 8, .box_h = 11, .ofs_x = 1, .ofs_y = 0},
    {.bitmap_index = 18420, .adv_w = 125, .box_w = 7, .box_h = 11, .ofs_x = 0, .ofs_y = 0},
    {.bitmap_index = 18459, .adv_w = 186, .box_w = 11, .box_h = 11, .ofs_x = 0, .ofs_y = 0},
    {.bitmap_index = 18520, .adv_w = 149, .box_w = 9, .box_h = 8, .ofs_x = 0, .ofs_y = 0},
    {.bitmap_index = 18556, .adv_w = 186, .box_w = 11, .box_h = 14, .ofs_x = 0, .ofs_y = -3},
    {.bitmap_index = 18633, .adv_w = 149, .box_w = 9, .box_h = 11, .ofs_x = 0, .ofs_y = -3},
    {.bitmap_index = 18683, .adv_w = 62, .box_w = 2, .box_h = 11, .ofs_x = 1, .ofs_y = 0},
    {.bitmap_index = 18694, .adv_w = 207, .box_w = 13, .box_h = 14, .ofs_x = 0, .ofs_y = 0},
    {.bitmap_index = 18785, .adv_w = 150, .box_w = 11, .box_h = 11, .ofs_x = -1, .ofs_y = 0},
    {.bitmap_index = 18846, .adv_w = 131, .box_w = 8, .box_h = 14, .ofs_x = 1, .ofs_y = -3},
    {.bitmap_index = 18902, .adv_w = 98, .box_w = 7, .box_h = 11, .ofs_x = 0, .ofs_y = -3},
    {.bitmap_index = 18941, .adv_w = 165, .box_w = 9, .box_h = 14, .ofs_x = 1, .ofs_y = -3},
    {.bitmap_index = 19004, .adv_w = 128, .box_w = 8, .box_h = 11, .ofs_x = 0, .ofs_y = -3},
    {.bitmap_index = 19048, .adv_w = 153, .box_w = 9, .box_h = 14, .ofs_x = 0, .ofs_y = -3},
    {.bitmap_index = 19111, .adv_w = 119, .box_w = 7, .box_h = 11, .ofs_x = 0, .ofs_y = -3},
    {.bitmap_index = 19150, .adv_w = 149, .box_w = 11, .box_h = 14, .ofs_x = -1, .ofs_y = 0},
    {.bitmap_index = 19227, .adv_w = 125, .box_w = 8, .box_h = 11, .ofs_x = 0, .ofs_y = 0},
    {.bitmap_index = 19271, .adv_w = 149, .box_w = 11, .box_h = 13, .ofs_x = -1, .ofs_y = 0},
    {.bitmap_index = 19343, .adv_w = 125, .box_w = 8, .box_h = 11, .ofs_x = 0, .ofs_y = 0},
    {.bitmap_index = 19387, .adv_w = 224, .box_w = 14, .box_h = 11, .ofs_x = 0, .ofs_y = 0},
    {.bitmap_index = 19464, .adv_w = 199, .box_w = 12, .box_h = 8, .ofs_x = 0, .ofs_y = 0},
    {.bitmap_index = 19512, .adv_w = 149, .box_w = 8, .box_h = 14, .ofs_x = 1, .ofs_y = 0},
    {.bitmap_index = 19568, .adv_w = 125, .box_w = 8, .box_h = 11, .ofs_x = 0, .ofs_y = 0},
    {.bitmap_index = 19612, .adv_w = 163, .box_w = 10, .box_h = 11, .ofs_x = 0, .ofs_y = 0},
    {.bitmap_index = 19667, .adv_w = 125, .box_w = 8, .box_h = 8, .ofs_x = 0, .ofs_y = 0},
    {.bitmap_index = 19699, .adv_w = 163, .box_w = 10, .box_h = 13, .ofs_x = 0, .ofs_y = 0},
    {.bitmap_index = 19764, .adv_w = 125, .box_w = 8, .box_h = 11, .ofs_x = 0, .ofs_y = 0},
    {.bitmap_index = 19808, .adv_w = 207, .box_w = 13, .box_h = 13, .ofs_x = 0, .ofs_y = 0},
    {.bitmap_index = 19893, .adv_w = 150, .box_w = 11, .box_h = 11, .ofs_x = -1, .ofs_y = 0},
    {.bitmap_index = 19954, .adv_w = 135, .box_w = 8, .box_h = 13, .ofs_x = 0, .ofs_y = 0},
    {.bitmap_index = 20006, .adv_w = 103, .box_w = 6, .box_h = 11, .ofs_x = 0, .ofs_y = 0},
    {.bitmap_index = 20039, .adv_w = 135, .box_w = 8, .box_h = 11, .ofs_x = 0, .ofs_y = 0},
    {.bitmap_index = 20083, .adv_w = 110, .box_w = 7, .box_h = 11, .ofs_x = 0, .ofs_y = -3},
    {.bitmap_index = 20122, .adv_w = 162, .box_w = 8, .box_h = 13, .ofs_x = 1, .ofs_y = 0},
    {.bitmap_index = 20174, .adv_w = 125, .box_w = 7, .box_h = 11, .ofs_x = 0, .ofs_y = 0},
    {.bitmap_index = 20213, .adv_w = 162, .box_w = 8, .box_h = 13, .ofs_x = 1, .ofs_y = 0},
    {.bitmap_index = 20265, .adv_w = 125, .box_w = 7, .box_h = 11, .ofs_x = 0, .ofs_y = 0},
    {.bitmap_index = 20304, .adv_w = 174, .box_w = 11, .box_h = 13, .ofs_x = 0, .ofs_y = 0},
    {.bitmap_index = 20376, .adv_w = 125, .box_w = 8, .box_h = 11, .ofs_x = 0, .ofs_y = 0},
    {.bitmap_index = 20420, .adv_w = 174, .box_w = 11, .box_h = 11, .ofs_x = 0, .ofs_y = 0},
    {.bitmap_index = 20481, .adv_w = 125, .box_w = 8, .box_h = 8, .ofs_x = 0, .ofs_y = 0},
    {.bitmap_index = 20513, .adv_w = 174, .box_w = 11, .box_h = 13, .ofs_x = 0, .ofs_y = 0},
    {.bitmap_index = 20585, .adv_w = 125, .box_w = 8, .box_h = 11, .ofs_x = 0, .ofs_y = 0},
    {.bitmap_index = 20629, .adv_w = 142, .box_w = 9, .box_h = 13, .ofs_x = 0, .ofs_y = 0},
    {.bitmap_index = 20688, .adv_w = 112, .box_w = 7, .box_h = 14, .ofs_x = 0, .ofs_y = -3},
    {.bitmap_index = 20737, .adv_w = 142, .box_w = 9, .box_h = 13, .ofs_x = 0, .ofs_y = 0},
    {.bitmap_index = 20796, .adv_w = 112, .box_w = 7, .box_h = 14, .ofs_x = 0, .ofs_y = -3},
    {.bitmap_index = 20845, .adv_w = 142, .box_w = 9, .box_h = 14, .ofs_x = 0, .ofs_y = 0},
    {.bitmap_index = 20908, .adv_w = 112, .box_w = 7, .box_h = 14, .ofs_x = 0, .ofs_y = -3},
    {.bitmap_index = 20957, .adv_w = 153, .box_w = 9, .box_h = 13, .ofs_x = 0, .ofs_y = 0},
    {.bitmap_index = 21016, .adv_w = 119, .box_w = 7, .box_h = 11, .ofs_x = 0, .ofs_y = 0},
    {.bitmap_index = 21055, .adv_w = 198, .box_w = 11, .box_h = 13, .ofs_x = 1, .ofs_y = 0},
    {.bitmap_index = 21127, .adv_w = 161, .box_w = 10, .box_h = 11, .ofs_x = 0, .ofs_y = 0},
    {.bitmap_index = 21182, .adv_w = 112, .box_w = 9, .box_h = 2, .ofs_x = -1, .ofs_y = 3},
    {.bitmap_index = 21191, .adv_w = 224, .box_w = 16, .box_h = 2, .ofs_x = -1, .ofs_y = 3},
    {.bitmap_index = 21207, .adv_w = 50, .box_w = 3, .box_h = 4, .ofs_x = 0, .ofs_y = 7},
    {.bitmap_index = 21213, .adv_w = 50, .box_w = 3, .box_h = 4, .ofs_x = 0, .ofs_y = 7},
    {.bitmap_index = 21219, .adv_w = 75, .box_w = 5, .box_h = 4, .ofs_x = 0, .ofs_y = 7},
    {.bitmap_index = 21229, .adv_w = 75, .box_w = 5, .box_h = 4, .ofs_x = 0, .ofs_y = 7},
    {.bitmap_index = 21239, .adv_w = 78, .box_w = 5, .box_h = 4, .ofs_x = 0, .ofs_y = 3},
    {.bitmap_index = 21249, .adv_w = 224, .box_w = 12, .box_h = 2, .ofs_x = 1, .ofs_y = 0},
    {.bitmap_index = 21261, .adv_w = 125, .box_w = 9, .box_h = 11, .ofs_x = -1, .ofs_y = 0},
    {.bitmap_index = 21311, .adv_w = 229, .box_w = 14, .box_h = 12, .ofs_x = 0, .ofs_y = -1},
    {.bitmap_index = 21395, .adv_w = 206, .box_w = 12, .box_h = 11, .ofs_x = 0, .ofs_y = 0},
    {.bitmap_index = 21461, .adv_w = 224, .box_w = 11, .box_h = 7, .ofs_x = 1, .ofs_y = 4},
    {.bitmap_index = 21500, .adv_w = 160, .box_w = 10, .box_h = 5, .ofs_x = 0, .ofs_y = 1},
    {.bitmap_index = 21525, .adv_w = 160, .box_w = 5, .box_h = 10, .ofs_x = 2, .ofs_y = 0},
    {.bitmap_index = 21550, .adv_w = 160, .box_w = 10, .box_h = 5, .ofs_x = 0, .ofs_y = 1},
    {.bitmap_index = 21575, .adv_w = 160, .box_w = 5, .box_h = 10, .ofs_x = 2, .ofs_y = 0},
    {.bitmap_index = 21600, .adv_w = 131, .box_w = 8, .box_h = 8, .ofs_x = 0, .ofs_y = 1},
    {.bitmap_index = 21632, .adv_w = 131, .box_w = 8, .box_h = 10, .ofs_x = 0, .ofs_y = 0},
    {.bitmap_index = 21672, .adv_w = 131, .box_w = 8, .box_h = 10, .ofs_x = 0, .ofs_y = 0},
    {.bitmap_index = 21712, .adv_w = 284, .box_w = 12, .box_h = 15, .ofs_x = 3, .ofs_y = -3},
    {.bitmap_index = 21802, .adv_w = 284, .box_w = 15, .box_h = 15, .ofs_x = 1, .ofs_y = -3},
    {.bitmap_index = 21915, .adv_w = 284, .box_w = 16, .box_h = 12, .ofs_x = 1, .ofs_y = -1},
    {.bitmap_index = 22011, .adv_w = 284, .box_w = 15, .box_h = 15, .ofs_x = 1, .ofs_y = -3},
    {.bitmap_index = 22124, .adv_w = 284, .box_w = 14, .box_h = 15, .ofs_x = 2, .ofs_y = -3},
    {.bitmap_index = 22229, .adv_w = 284, .box_w = 14, .box_h = 15, .ofs_x = 2, .ofs_y = -3},
    {.bitmap_index = 22334, .adv_w = 284, .box_w = 12, .box_h = 15, .ofs_x = 3, .ofs_y = -3},
    {.bitmap_index = 22424, .adv_w = 284, .box_w = 16, .box_h = 15, .ofs_x = 1, .ofs_y = -3},
    {.bitmap_index = 22544, .adv_w = 284, .box_w = 14, .box_h = 16, .ofs_x = 2, .ofs_y = -3},
    {.bitmap_index = 22656, .adv_w = 284, .box_w = 10, .box_h = 15, .ofs_x = 4, .ofs_y = -3},
    {.bitmap_index = 22731, .adv_w = 284, .box_w = 18, .box_h = 15, .ofs_x = 0, .ofs_y = -3},
    {.bitmap_index = 22866, .adv_w = 284, .box_w = 14, .box_h = 15, .ofs_x = 2, .ofs_y = -3},
    {.bitmap_index = 22971, .adv_w = 284, .box_w = 15, .box_h = 14, .ofs_x = 1, .ofs_y = -2},
    {.bitmap_index = 23076, .adv_w = 284, .box_w = 9, .box_h = 15, .ofs_x = 4, .ofs_y = -3},
    {.bitmap_index = 23144, .adv_w = 284, .box_w = 4, .box_h = 15, .ofs_x = 7, .ofs_y = -3},
    {.bitmap_index = 23174, .adv_w = 284, .box_w = 16, .box_h = 15, .ofs_x = 1, .ofs_y = -3},
    {.bitmap_index = 23294, .adv_w = 284, .box_w = 16, .box_h = 15, .ofs_x = 1, .ofs_y = -3},
    {.bitmap_index = 23414, .adv_w = 284, .box_w = 14, .box_h = 15, .ofs_x = 2, .ofs_y = -3},
    {.bitmap_index = 23519, .adv_w = 284, .box_w = 12, .box_h = 15, .ofs_x = 3, .ofs_y = -3},
    {.bitmap_index = 23609, .adv_w = 284, .box_w = 17, .box_h = 16, .ofs_x = 0, .ofs_y = -3},
    {.bitmap_index = 23745, .adv_w = 284, .box_w = 14, .box_h = 15, .ofs_x = 2, .ofs_y = -3},
    {.bitmap_index = 23850, .adv_w = 284, .box_w = 12, .box_h = 15, .ofs_x = 3, .ofs_y = -3},
    {.bitmap_index = 23940, .adv_w = 284, .box_w = 14, .box_h = 15, .ofs_x = 2, .ofs_y = -3},
    {.bitmap_index = 24045, .adv_w = 284, .box_w = 14, .box_h = 15, .ofs_x = 2, .ofs_y = -3},
    {.bitmap_index = 24150, .adv_w = 284, .box_w = 16, .box_h = 15, .ofs_x = 1, .ofs_y = -3},
    {.bitmap_index = 24270, .adv_w = 284, .box_w = 16, .box_h = 15, .ofs_x = 1, .ofs_y = -3},
    {.bitmap_index = 24390, .adv_w = 284, .box_w = 10, .box_h = 15, .ofs_x = 4, .ofs_y = -3},
    {.bitmap_index = 24465, .adv_w = 284, .box_w = 16, .box_h = 14, .ofs_x = 1, .ofs_y = -2},
    {.bitmap_index = 24577, .adv_w = 284, .box_w = 18, .box_h = 14, .ofs_x = 0, .ofs_y = -2},
    {.bitmap_index = 24703, .adv_w = 284, .box_w = 16, .box_h = 14, .ofs_x = 1, .ofs_y = -2},
    {.bitmap_index = 24815, .adv_w = 284, .box_w = 16, .box_h = 14, .ofs_x = 1, .ofs_y = -2},
    {.bitmap_index = 24927, .adv_w = 284, .box_w = 16, .box_h = 14, .ofs_x = 1, .ofs_y = -2},
    {.bitmap_index = 25039, .adv_w = 284, .box_w = 15, .box_h = 15, .ofs_x = 1, .ofs_y = -3},
    {.bitmap_index = 25152, .adv_w = 284, .box_w = 10, .box_h = 15, .ofs_x = 4, .ofs_y = -3},
    {.bitmap_index = 25227, .adv_w = 284, .box_w = 14, .box_h = 15, .ofs_x = 2, .ofs_y = -3},
    {.bitmap_index = 25332, .adv_w = 284, .box_w = 14, .box_h = 15, .ofs_x = 2, .ofs_y = -3},
    {.bitmap_index = 25437, .adv_w = 284, .box_w = 14, .box_h = 15, .ofs_x = 2, .ofs_y = -3},
    {.bitmap_index = 25542, .adv_w = 284, .box_w = 16, .box_h = 15, .ofs_x = 1, .ofs_y = -3},
    {.bitmap_index = 25662, .adv_w = 284, .box_w = 14, .box_h = 15, .ofs_x = 2, .ofs_y = -3},
    {.bitmap_index = 25767, .adv_w = 284, .box_w = 16, .box_h = 15, .ofs_x = 1, .ofs_y = -3},
    {.bitmap_index = 25887, .adv_w = 284, .box_w = 16, .box_h = 15, .ofs_x = 1, .ofs_y = -3},
    {.bitmap_index = 26007, .adv_w = 284, .box_w = 16, .box_h = 15, .ofs_x = 1, .ofs_y = -3},
    {.bitmap_index = 26127, .adv_w = 284, .box_w = 16, .box_h = 15, .ofs_x = 1, .ofs_y = -3},
    {.bitmap_index = 26247, .adv_w = 284, .box_w = 10, .box_h = 15, .ofs_x = 4, .ofs_y = -3},
    {.bitmap_index = 26322, .adv_w = 284, .box_w = 14, .box_h = 12, .ofs_x = 2, .ofs_y = -1},
    {.bitmap_index = 26406, .adv_w = 284, .box_w = 16, .box_h = 15, .ofs_x = 1, .ofs_y = -3},
    {.bitmap_index = 26526, .adv_w = 284, .box_w = 15, .box_h = 15, .ofs_x = 1, .ofs_y = -3},
    {.bitmap_index = 26639, .adv_w = 284, .box_w = 14, .box_h = 15, .ofs_x = 2, .ofs_y = -3},
    {.bitmap_index = 26744, .adv_w = 284, .box_w = 13, .box_h = 12, .ofs_x = 2, .ofs_y = -1},
    {.bitmap_index = 26822, .adv_w = 284, .box_w = 16, .box_h = 15, .ofs_x = 1, .ofs_y = -3},
    {.bitmap_index = 26942, .adv_w = 284, .box_w = 16, .box_h = 13, .ofs_x = 1, .ofs_y = -2},
    {.bitmap_index = 27046, .adv_w = 284, .box_w = 14, .box_h = 15, .ofs_x = 2, .ofs_y = -3},
    {.bitmap_index = 27151, .adv_w = 284, .box_w = 15, .box_h = 15, .ofs_x = 1, .ofs_y = -3},
    {.bitmap_index = 27264, .adv_w = 284, .box_w = 8, .box_h = 15, .ofs_x = 5, .ofs_y = -3},
    {.bitmap_index = 27324, .adv_w = 284, .box_w = 14, .box_h = 15, .ofs_x = 2, .ofs_y = -3},
    {.bitmap_index = 27429, .adv_w = 284, .box_w = 16, .box_h = 11, .ofs_x = 1, .ofs_y = -1},
    {.bitmap_index = 27517, .adv_w = 284, .box_w = 9, .box_h = 15, .ofs_x = 4, .ofs_y = -3},
    {.bitmap_index = 27585, .adv_w = 284, .box_w = 16, .box_h = 14, .ofs_x = 1, .ofs_y = -2},
    {.bitmap_index = 27697, .adv_w = 284, .box_w = 8, .box_h = 15, .ofs_x = 5, .ofs_y = -3},
    {.bitmap_index = 27757, .adv_w = 284, .box_w = 15, .box_h = 15, .ofs_x = 1, .ofs_y = -3},
    {.bitmap_index = 27870, .adv_w = 284, .box_w = 10, .box_h = 15, .ofs_x = 4, .ofs_y = -3},
    {.bitmap_index = 27945, .adv_w = 284, .box_w = 12, .box_h = 16, .ofs_x = 3, .ofs_y = -3},
    {.bitmap_index = 28041, .adv_w = 284, .box_w = 14, .box_h = 15, .ofs_x = 2, .ofs_y = -3},
    {.bitmap_index = 28146, .adv_w = 284, .box_w = 14, .box_h = 15, .ofs_x = 2, .ofs_y = -3},
    {.bitmap_index = 28251, .adv_w = 284, .box_w = 18, .box_h = 15, .ofs_x = 0, .ofs_y = -3},
    {.bitmap_index = 28386, .adv_w = 284, .box_w = 14, .box_h = 15, .ofs_x = 2, .ofs_y = -3},
    {.bitmap_index = 28491, .adv_w = 284, .box_w = 14, .box_h = 15, .ofs_x = 2, .ofs_y = -3},
    {.bitmap_index = 28596, .adv_w = 284, .box_w = 16, .box_h = 15, .ofs_x = 1, .ofs_y = -3},
    {.bitmap_index = 28716, .adv_w = 284, .box_w = 14, .box_h = 15, .ofs_x = 2, .ofs_y = -3},
    {.bitmap_index = 28821, .adv_w = 284, .box_w = 14, .box_h = 15, .ofs_x = 2, .ofs_y = -3},
    {.bitmap_index = 28926, .adv_w = 284, .box_w = 14, .box_h = 15, .ofs_x = 2, .ofs_y = -3},
    {.bitmap_index = 29031, .adv_w = 284, .box_w = 15, .box_h = 15, .ofs_x = 2, .ofs_y = -3},
    {.bitmap_index = 29144, .adv_w = 284, .box_w = 14, .box_h = 15, .ofs_x = 2, .ofs_y = -3},
    {.bitmap_index = 29249, .adv_w = 284, .box_w = 16, .box_h = 15, .ofs_x = 1, .ofs_y = -3},
    {.bitmap_index = 29369, .adv_w = 284, .box_w = 14, .box_h = 15, .ofs_x = 2, .ofs_y = -3},
    {.bitmap_index = 29474, .adv_w = 284, .box_w = 14, .box_h = 15, .ofs_x = 2, .ofs_y = -3},
    {.bitmap_index = 29579, .adv_w = 284, .box_w = 14, .box_h = 15, .ofs_x = 2, .ofs_y = -3},
    {.bitmap_index = 29684, .adv_w = 284, .box_w = 14, .box_h = 15, .ofs_x = 2, .ofs_y = -3},
    {.bitmap_index = 29789, .adv_w = 284, .box_w = 15, .box_h = 15, .ofs_x = 2, .ofs_y = -3},
    {.bitmap_index = 29902, .adv_w = 284, .box_w = 14, .box_h = 15, .ofs_x = 2, .ofs_y = -3},
    {.bitmap_index = 30007, .adv_w = 284, .box_w = 14, .box_h = 15, .ofs_x = 2, .ofs_y = -3},
    {.bitmap_index = 30112, .adv_w = 284, .box_w = 14, .box_h = 15, .ofs_x = 2, .ofs_y = -3},
    {.bitmap_index = 30217, .adv_w = 284, .box_w = 14, .box_h = 15, .ofs_x = 2, .ofs_y = -3},
    {.bitmap_index = 30322, .adv_w = 284, .box_w = 14, .box_h = 15, .ofs_x = 2, .ofs_y = -3},
    {.bitmap_index = 30427, .adv_w = 284, .box_w = 14, .box_h = 15, .ofs_x = 2, .ofs_y = -3},
    {.bitmap_index = 30532, .adv_w = 284, .box_w = 15, .box_h = 15, .ofs_x = 2, .ofs_y = -3},
    {.bitmap_index = 30645, .adv_w = 284, .box_w = 16, .box_h = 15, .ofs_x = 1, .ofs_y = -3},
    {.bitmap_index = 30765, .adv_w = 284, .box_w = 16, .box_h = 15, .ofs_x = 1, .ofs_y = -3},
    {.bitmap_index = 30885, .adv_w = 284, .box_w = 17, .box_h = 15, .ofs_x = 0, .ofs_y = -3},
    {.bitmap_index = 31013, .adv_w = 284, .box_w = 15, .box_h = 15, .ofs_x = 1, .ofs_y = -3},
    {.bitmap_index = 31126, .adv_w = 284, .box_w = 15, .box_h = 15, .ofs_x = 1, .ofs_y = -3},
    {.bitmap_index = 31239, .adv_w = 284, .box_w = 16, .box_h = 11, .ofs_x = 1, .ofs_y = -1}
};

/*---------------------
 *  CHARACTER MAPPING
 *--------------------*/

static const uint16_t unicode_list_0[] = {
    0x0, 0x2, 0x4, 0x6, 0xb, 0xd, 0xe, 0x14,
    0x19, 0x1a, 0x1b
};

static const uint8_t glyph_id_ofs_list_7[] = {
    0, 1, 0, 0, 2, 3
};

static const uint16_t unicode_list_9[] = {
    0x0, 0x1, 0x2, 0x3, 0x4, 0x5, 0x6, 0x7,
    0xa, 0xb, 0x1b25, 0x1b26, 0x1b2a, 0x1b2b, 0x1b2e, 0x1b2f,
    0x1b34, 0x1b38, 0x1bbe, 0x1c15, 0x1c1b, 0x1c34, 0x1ca2, 0x1ca3,
    0x1ca4, 0x1ca5, 0x1d72, 0x1d76, 0x1d77, 0x1e2c, 0x2112, 0x2113,
    0x2126, 0x2127, 0x21b2, 0x21b3, 0x2217, 0x221c, 0x221e, 0x223a,
    0x2256, 0x225e, 0x2265, 0x2269, 0x2276, 0x2662
};

static const uint16_t unicode_list_10[] = {
    0x0, 0x36, 0x5c, 0x62, 0x63, 0x6a, 0x6b, 0xc1,
    0xfe, 0x108, 0x112, 0x117, 0x119, 0x11c, 0x12b, 0x12c,
    0x12d, 0x12e, 0x12f, 0x130, 0x175, 0x176, 0x17a, 0x17b,
    0x17c, 0x17d, 0x182, 0x185, 0x186, 0x18a, 0x18b, 0x18d,
    0x190, 0x19c, 0x1a6, 0x1ad, 0x1ae, 0x1c2, 0x1c8, 0x1d2,
    0x1d8, 0x1ec, 0x1f2, 0x1f3, 0x206, 0x2e1, 0x2e2, 0x2e3,
    0x2e4, 0x2e5, 0x2e6, 0x2e7, 0x2ea, 0x2eb, 0x2ec, 0x2ee,
    0x2ef, 0x2f0, 0x2f1, 0x2f3, 0x2f5, 0x2f9, 0x2fd, 0x2ff,
    0x301, 0x302, 0x303, 0x30d, 0x30e, 0x312, 0x315, 0x32d,
    0x330, 0x361, 0x378
};

/*Collect the unicode lists and glyph_id offsets*/
static const lv_font_fmt_txt_cmap_t cmaps[] =
{
    {
        .range_start = 163, .range_length = 28, .glyph_id_start = 1,
        .unicode_list = unicode_list_0, .glyph_id_ofs_list = NULL, .list_length = 11, .type = LV_FONT_FMT_TXT_CMAP_SPARSE_TINY
    },
    {
        .range_start = 192, .range_length = 192, .glyph_id_start = 12,
        .unicode_list = NULL, .glyph_id_ofs_list = NULL, .list_length = 0, .type = LV_FONT_FMT_TXT_CMAP_FORMAT0_TINY
    },
    {
        .range_start = 1025, .range_length = 12, .glyph_id_start = 204,
        .unicode_list = NULL, .glyph_id_ofs_list = NULL, .list_length = 0, .type = LV_FONT_FMT_TXT_CMAP_FORMAT0_TINY
    },
    {
        .range_start = 1038, .range_length = 66, .glyph_id_start = 216,
        .unicode_list = NULL, .glyph_id_ofs_list = NULL, .list_length = 0, .type = LV_FONT_FMT_TXT_CMAP_FORMAT0_TINY
    },
    {
        .range_start = 1105, .range_length = 12, .glyph_id_start = 282,
        .unicode_list = NULL, .glyph_id_ofs_list = NULL, .list_length = 0, .type = LV_FONT_FMT_TXT_CMAP_FORMAT0_TINY
    },
    {
        .range_start = 1118, .range_length = 41, .glyph_id_start = 294,
        .unicode_list = NULL, .glyph_id_ofs_list = NULL, .list_length = 0, .type = LV_FONT_FMT_TXT_CMAP_FORMAT0_TINY
    },
    {
        .range_start = 1168, .range_length = 53, .glyph_id_start = 335,
        .unicode_list = NULL, .glyph_id_ofs_list = NULL, .list_length = 0, .type = LV_FONT_FMT_TXT_CMAP_FORMAT0_TINY
    },
    {
        .range_start = 1223, .range_length = 6, .glyph_id_start = 388,
        .unicode_list = NULL, .glyph_id_ofs_list = glyph_id_ofs_list_7, .list_length = 6, .type = LV_FONT_FMT_TXT_CMAP_FORMAT0_FULL
    },
    {
        .range_start = 1232, .range_length = 28, .glyph_id_start = 392,
        .unicode_list = NULL, .glyph_id_ofs_list = NULL, .list_length = 0, .type = LV_FONT_FMT_TXT_CMAP_FORMAT0_TINY
    },
    {
        .range_start = 1262, .range_length = 9827, .glyph_id_start = 420,
        .unicode_list = unicode_list_9, .glyph_id_ofs_list = NULL, .list_length = 46, .type = LV_FONT_FMT_TXT_CMAP_SPARSE_TINY
    },
    {
        .range_start = 127775, .range_length = 889, .glyph_id_start = 466,
        .unicode_list = unicode_list_10, .glyph_id_ofs_list = NULL, .list_length = 75, .type = LV_FONT_FMT_TXT_CMAP_SPARSE_TINY
    }
};



/*--------------------
 *  ALL CUSTOM DATA
 *--------------------*/

#if LVGL_VERSION_MAJOR == 8
/*Store all the custom data of the font*/
static  lv_font_fmt_txt_glyph_cache_t cache;
#endif

#if LVGL_VERSION_MAJOR >= 8
static const lv_font_fmt_txt_dsc_t font_dsc = {
#else
static lv_font_fmt_txt_dsc_t font_dsc = {
#endif
    .glyph_bitmap = glyph_bitmap,
    .glyph_dsc = glyph_dsc,
    .cmaps = cmaps,
    .kern_dsc = NULL,
    .kern_scale = 0,
    .cmap_num = 11,
    .bpp = 4,
    .kern_classes = 0,
    .bitmap_format = 0,
#if LVGL_VERSION_MAJOR == 8
    .cache = &cache
#endif
};



/*-----------------
 *  PUBLIC FONT
 *----------------*/

/*Initialize a public general font descriptor*/
#if LVGL_VERSION_MAJOR >= 8
const lv_font_t extras_14 = {
#else
lv_font_t extras_14 = {
#endif
    .get_glyph_dsc = lv_font_get_glyph_dsc_fmt_txt,    /*Function pointer to get glyph's data*/
    .get_glyph_bitmap = lv_font_get_bitmap_fmt_txt,    /*Function pointer to get glyph's bitmap*/
    .line_height = 19,          /*The maximum line height required by the font*/
    .base_line = 4,             /*Baseline measured from the bottom of the line*/
#if !(LVGL_VERSION_MAJOR == 6 && LVGL_VERSION_MINOR == 0)
    .subpx = LV_FONT_SUBPX_NONE,
#endif
#if LV_VERSION_CHECK(7, 4, 0) || LVGL_VERSION_MAJOR >= 8
    .underline_position = -1,
    .underline_thickness = 1,
#endif
    .dsc = &font_dsc,          /*The custom font data. Will be accessed by `get_glyph_bitmap/dsc` */
#if LV_VERSION_CHECK(8, 2, 0) || LVGL_VERSION_MAJOR >= 9
    .fallback = NULL,
#endif
    .user_data = NULL,
};



#endif /*#if EXTRAS_14*/

