// AUTO-GENERATED from bootloader_launcher/.pio/build/bootloader/bootloader.bin
// The custom launcher 2nd-stage bootloader, embedded so recovery can re-flash it to
// 0x0 (Firmwares -> U -> 'bootloader + app') and self-repair the boot chain after a
// merged-bin/web-flasher clobber, WITHOUT needing a computer. Regenerate with the
// python snippet in the commit if the bootloader changes.
#pragma once
#include <stdint.h>
#include <stddef.h>
static const uint8_t LAUNCHER_BL[] = {
  0xe9,0x03,0x02,0x4f,0x4c,0x89,0x3c,0x40,0xee,0x00,0x00,0x00,0x09,0x00,0x00,0x00,
  0x00,0xff,0xff,0x00,0x00,0x00,0x00,0x01,0x20,0x28,0xce,0x3f,0x3c,0x16,0x00,0x00,
  0x50,0x00,0x00,0x00,0x01,0x00,0x00,0x00,0x35,0x2e,0x35,0x2e,0x30,0x00,0x00,0x00,
  0x00,0x00,0x00,0x00,0x00,0x00,0x00,0x00,0x00,0x00,0x00,0x00,0x00,0x00,0x00,0x00,
  0x00,0x00,0x00,0x00,0x00,0x00,0x00,0x00,0x4a,0x75,0x6e,0x20,0x20,0x36,0x20,0x32,
  0x30,0x32,0x36,0x20,0x31,0x38,0x3a,0x35,0x30,0x3a,0x32,0x39,0x00,0x00,0x00,0x00,
  0x00,0x00,0x00,0x00,0x00,0x00,0x00,0x00,0x00,0x00,0x00,0x00,0x00,0x00,0x00,0x00,
  0x07,0x00,0x00,0x00,0x78,0x28,0xce,0x3f,0x1d,0x3c,0xce,0x3f,0xc2,0x00,0x20,0x00,
  0xff,0x3c,0xc1,0x3c,0x40,0x94,0xc1,0x3c,0x40,0x06,0x22,0x3c,0xce,0x3f,0x9d,0x00,
  0x40,0x00,0xcf,0x3c,0xc1,0x3c,0x40,0x94,0xc1,0x3c,0x40,0x06,0x27,0x3c,0xce,0x3f,
  0xef,0x00,0x40,0x00,0xff,0x6c,0xc1,0x3c,0x40,0xbc,0xc1,0x3c,0x40,0x09,0x2f,0x3c,
  0xce,0x3f,0xc8,0x00,0x60,0x00,0xff,0x6c,0xc1,0x3c,0x40,0xbc,0xc1,0x3c,0x40,0x09,
  0x32,0x3c,0xce,0x3f,0x20,0x17,0x38,0xff,0xff,0xd0,0xc1,0x3c,0x40,0x04,0xc2,0x3c,
  0x40,0x06,0x3c,0x3c,0xce,0x3f,0xcd,0x00,0x60,0x00,0xff,0x6c,0xc1,0x3c,0x40,0xbc,
  0xc1,0x3c,0x40,0x09,0x00,0x00,0x00,0x00,0xff,0xff,0xff,0xff,0xff,0x54,0xc1,0x3c,
  0x40,0xa8,0xc1,0x3c,0x40,0x01,0x00,0x00,0xff,0xff,0xff,0xff,0x1b,0x00,0x00,0x00,
  0x1b,0x00,0x00,0x00,0x1c,0x00,0x00,0x00,0x1c,0x00,0x00,0x00,0xb4,0x06,0x00,0x40,
  0x28,0x50,0x04,0x00,0xf8,0x27,0x03,0x00,0x01,0x00,0x00,0x00,0x00,0xf0,0x01,0x60,
  0x00,0x00,0x00,0x00,0x04,0x00,0x00,0x00,0x05,0x00,0x00,0x00,0x06,0x00,0x00,0x00,
  0x07,0x00,0x00,0x00,0x62,0x6f,0x6f,0x74,0x00,0x45,0x20,0x28,0x25,0x6c,0x75,0x29,
  0x20,0x25,0x73,0x3a,0x20,0x6c,0x6f,0x61,0x64,0x20,0x70,0x61,0x72,0x74,0x69,0x74,
  0x69,0x6f,0x6e,0x20,0x74,0x61,0x62,0x6c,0x65,0x20,0x65,0x72,0x72,0x6f,0x72,0x21,
  0x0a,0x00,0x5b,0x62,0x6f,0x6f,0x74,0x5d,0x20,0x6c,0x61,0x75,0x6e,0x63,0x68,0x20,
  0x66,0x6c,0x61,0x67,0x20,0x73,0x65,0x74,0x20,0x2d,0x3e,0x20,0x62,0x6f,0x6f,0x74,
  0x69,0x6e,0x67,0x20,0x6f,0x74,0x61,0x5f,0x30,0x20,0x28,0x66,0x69,0x72,0x6d,0x77,
  0x61,0x72,0x65,0x29,0x0a,0x00,0x5b,0x62,0x6f,0x6f,0x74,0x5d,0x20,0x2d,0x3e,0x20,
  0x66,0x61,0x63,0x74,0x6f,0x72,0x79,0x20,0x28,0x72,0x65,0x63,0x6f,0x76,0x65,0x72,
  0x79,0x20,0x6c,0x61,0x75,0x6e,0x63,0x68,0x65,0x72,0x29,0x0a,0x00,0x62,0x6f,0x6f,
  0x74,0x6c,0x6f,0x61,0x64,0x65,0x72,0x5f,0x66,0x6c,0x61,0x73,0x68,0x00,0x45,0x20,
  0x28,0x25,0x6c,0x75,0x29,0x20,0x25,0x73,0x3a,0x20,0x74,0x72,0x69,0x65,0x64,0x20,
  0x74,0x6f,0x20,0x62,0x6f,0x6f,0x74,0x6c,0x6f,0x61,0x64,0x65,0x72,0x5f,0x6d,0x6d,
  0x61,0x70,0x20,0x74,0x77,0x69,0x63,0x65,0x0a,0x00,0x45,0x20,0x28,0x25,0x6c,0x75,
  0x29,0x20,0x25,0x73,0x3a,0x20,0x62,0x6f,0x6f,0x74,0x6c,0x6f,0x61,0x64,0x65,0x72,
  0x5f,0x6d,0x6d,0x61,0x70,0x20,0x65,0x78,0x63,0x65,0x73,0x73,0x20,0x73,0x69,0x7a,
  0x65,0x20,0x25,0x6c,0x78,0x0a,0x00,0x45,0x20,0x28,0x25,0x6c,0x75,0x29,0x20,0x25,
  0x73,0x3a,0x20,0x76,0x61,0x64,0x64,0x72,0x20,0x6e,0x6f,0x74,0x20,0x76,0x61,0x6c,
  0x69,0x64,0x0a,0x00,0x45,0x20,0x28,0x25,0x6c,0x75,0x29,0x20,0x25,0x73,0x3a,0x20,
  0x62,0x6f,0x6f,0x74,0x6c,0x6f,0x61,0x64,0x65,0x72,0x5f,0x66,0x6c,0x61,0x73,0x68,
  0x5f,0x72,0x65,0x61,0x64,0x20,0x73,0x72,0x63,0x5f,0x61,0x64,0x64,0x72,0x20,0x30,
  0x78,0x25,0x78,0x20,0x6e,0x6f,0x74,0x20,0x34,0x2d,0x62,0x79,0x74,0x65,0x20,0x61,
  0x6c,0x69,0x67,0x6e,0x65,0x64,0x0a,0x00,0x45,0x20,0x28,0x25,0x6c,0x75,0x29,0x20,
  0x25,0x73,0x3a,0x20,0x62,0x6f,0x6f,0x74,0x6c,0x6f,0x61,0x64,0x65,0x72,0x5f,0x66,
  0x6c,0x61,0x73,0x68,0x5f,0x72,0x65,0x61,0x64,0x20,0x73,0x69,0x7a,0x65,0x20,0x30,
  0x78,0x25,0x78,0x20,0x6e,0x6f,0x74,0x20,0x34,0x2d,0x62,0x79,0x74,0x65,0x20,0x61,
  0x6c,0x69,0x67,0x6e,0x65,0x64,0x0a,0x00,0x45,0x20,0x28,0x25,0x6c,0x75,0x29,0x20,
  0x25,0x73,0x3a,0x20,0x62,0x6f,0x6f,0x74,0x6c,0x6f,0x61,0x64,0x65,0x72,0x5f,0x66,
  0x6c,0x61,0x73,0x68,0x5f,0x72,0x65,0x61,0x64,0x20,0x64,0x65,0x73,0x74,0x20,0x30,
  0x78,0x25,0x78,0x20,0x6e,0x6f,0x74,0x20,0x34,0x2d,0x62,0x79,0x74,0x65,0x20,0x61,
  0x6c,0x69,0x67,0x6e,0x65,0x64,0x0a,0x00,0x6d,0x6f,0x73,0x69,0x5f,0x6c,0x65,0x6e,
  0x20,0x3c,0x3d,0x20,0x33,0x32,0x00,0x2f,0x2f,0x49,0x44,0x46,0x2f,0x63,0x6f,0x6d,
  0x70,0x6f,0x6e,0x65,0x6e,0x74,0x73,0x2f,0x62,0x6f,0x6f,0x74,0x6c,0x6f,0x61,0x64,
  0x65,0x72,0x5f,0x73,0x75,0x70,0x70,0x6f,0x72,0x74,0x2f,0x62,0x6f,0x6f,0x74,0x6c,
  0x6f,0x61,0x64,0x65,0x72,0x5f,0x66,0x6c,0x61,0x73,0x68,0x2f,0x73,0x72,0x63,0x2f,
  0x62,0x6f,0x6f,0x74,0x6c,0x6f,0x61,0x64,0x65,0x72,0x5f,0x66,0x6c,0x61,0x73,0x68,
  0x2e,0x63,0x00,0x6d,0x69,0x73,0x6f,0x5f,0x6c,0x65,0x6e,0x20,0x3c,0x3d,0x20,0x33,
  0x32,0x00,0x6d,0x69,0x73,0x6f,0x5f,0x62,0x79,0x74,0x65,0x5f,0x6e,0x75,0x6d,0x20,
  0x3c,0x3d,0x20,0x34,0x00,0x49,0x20,0x28,0x25,0x6c,0x75,0x29,0x20,0x25,0x73,0x3a,
  0x20,0x58,0x4d,0x32,0x35,0x51,0x48,0x78,0x78,0x43,0x20,0x73,0x74,0x61,0x72,0x74,
  0x75,0x70,0x20,0x66,0x6c,0x6f,0x77,0x0a,0x00,0x45,0x20,0x28,0x25,0x6c,0x75,0x29,
  0x20,0x25,0x73,0x3a,0x20,0x58,0x4d,0x43,0x20,0x66,0x6c,0x61,0x73,0x68,0x20,0x73,
  0x74,0x61,0x72,0x74,0x75,0x70,0x20,0x66,0x61,0x69,0x6c,0x0a,0x00,0x45,0x20,0x28,
  0x25,0x6c,0x75,0x29,0x20,0x25,0x73,0x3a,0x20,0x62,0x6f,0x6f,0x74,0x6c,0x6f,0x61,
  0x64,0x65,0x72,0x5f,0x66,0x6c,0x61,0x73,0x68,0x5f,0x77,0x72,0x69,0x74,0x65,0x20,
  0x64,0x65,0x73,0x74,0x5f,0x61,0x64,0x64,0x72,0x20,0x30,0x78,0x25,0x78,0x20,0x6e,
  0x6f,0x74,0x20,0x25,0x64,0x2d,0x62,0x79,0x74,0x65,0x20,0x61,0x6c,0x69,0x67,0x6e,
  0x65,0x64,0x0a,0x00,0x45,0x20,0x28,0x25,0x6c,0x75,0x29,0x20,0x25,0x73,0x3a,0x20,
  0x62,0x6f,0x6f,0x74,0x6c,0x6f,0x61,0x64,0x65,0x72,0x5f,0x66,0x6c,0x61,0x73,0x68,
  0x5f,0x77,0x72,0x69,0x74,0x65,0x20,0x73,0x69,0x7a,0x65,0x20,0x30,0x78,0x25,0x78,
  0x20,0x6e,0x6f,0x74,0x20,0x25,0x64,0x2d,0x62,0x79,0x74,0x65,0x20,0x61,0x6c,0x69,
  0x67,0x6e,0x65,0x64,0x0a,0x00,0x45,0x20,0x28,0x25,0x6c,0x75,0x29,0x20,0x25,0x73,
  0x3a,0x20,0x62,0x6f,0x6f,0x74,0x6c,0x6f,0x61,0x64,0x65,0x72,0x5f,0x66,0x6c,0x61,
  0x73,0x68,0x5f,0x77,0x72,0x69,0x74,0x65,0x20,0x73,0x72,0x63,0x20,0x30,0x78,0x25,
  0x78,0x20,0x6e,0x6f,0x74,0x20,0x34,0x20,0x62,0x79,0x74,0x65,0x20,0x61,0x6c,0x69,
  0x67,0x6e,0x65,0x64,0x0a,0x00,0x20,0x69,0x73,0x20,0x6e,0x6f,0x74,0x20,0x62,0x6f,
  0x6f,0x74,0x61,0x62,0x6c,0x65,0x00,0x45,0x20,0x28,0x25,0x6c,0x75,0x29,0x20,0x25,
  0x73,0x3a,0x20,0x46,0x61,0x63,0x74,0x6f,0x72,0x79,0x20,0x61,0x70,0x70,0x20,0x70,
  0x61,0x72,0x74,0x69,0x74,0x69,0x6f,0x6e,0x25,0x73,0x0a,0x00,0x45,0x20,0x28,0x25,
  0x6c,0x75,0x29,0x20,0x25,0x73,0x3a,0x20,0x46,0x61,0x63,0x74,0x6f,0x72,0x79,0x20,
  0x74,0x65,0x73,0x74,0x20,0x61,0x70,0x70,0x20,0x70,0x61,0x72,0x74,0x69,0x74,0x69,
  0x6f,0x6e,0x25,0x73,0x0a,0x00,0x45,0x20,0x28,0x25,0x6c,0x75,0x29,0x20,0x25,0x73,
  0x3a,0x20,0x4f,0x54,0x41,0x20,0x61,0x70,0x70,0x20,0x70,0x61,0x72,0x74,0x69,0x74,
  0x69,0x6f,0x6e,0x20,0x73,0x6c,0x6f,0x74,0x20,0x25,0x64,0x25,0x73,0x0a,0x00,0x49,
  0x20,0x28,0x25,0x6c,0x75,0x29,0x20,0x25,0x73,0x3a,0x20,0x44,0x69,0x73,0x61,0x62,
  0x6c,0x69,0x6e,0x67,0x20,0x52,0x4e,0x47,0x20,0x65,0x61,0x72,0x6c,0x79,0x20,0x65,
  0x6e,0x74,0x72,0x6f,0x70,0x79,0x20,0x73,0x6f,0x75,0x72,0x63,0x65,0x2e,0x2e,0x2e,
  0x0a,0x00,0x44,0x52,0x4f,0x4d,0x00,0x45,0x20,0x28,0x25,0x6c,0x75,0x29,0x20,0x25,
  0x73,0x3a,0x20,0x49,0x6d,0x61,0x67,0x65,0x20,0x63,0x6f,0x6e,0x74,0x61,0x69,0x6e,
  0x73,0x20,0x6d,0x75,0x6c,0x74,0x69,0x70,0x6c,0x65,0x20,0x25,0x73,0x20,0x73,0x65,
  0x67,0x6d,0x65,0x6e,0x74,0x73,0x2e,0x20,0x4f,0x6e,0x6c,0x79,0x20,0x74,0x68,0x65,
  0x20,0x6c,0x61,0x73,0x74,0x20,0x6f,0x6e,0x65,0x20,0x77,0x69,0x6c,0x6c,0x20,0x62,
  0x65,0x20,0x6d,0x61,0x70,0x70,0x65,0x64,0x2e,0x0a,0x00,0x49,0x52,0x4f,0x4d,0x00,
  0x49,0x20,0x28,0x25,0x6c,0x75,0x29,0x20,0x25,0x73,0x3a,0x20,0x4c,0x6f,0x61,0x64,
  0x65,0x64,0x20,0x61,0x70,0x70,0x20,0x66,0x72,0x6f,0x6d,0x20,0x70,0x61,0x72,0x74,
  0x69,0x74,0x69,0x6f,0x6e,0x20,0x61,0x74,0x20,0x6f,0x66,0x66,0x73,0x65,0x74,0x20,
  0x30,0x78,0x25,0x6c,0x78,0x0a,0x00,0x45,0x20,0x28,0x25,0x6c,0x75,0x29,0x20,0x25,
  0x73,0x3a,0x20,0x45,0x72,0x72,0x6f,0x72,0x20,0x69,0x6e,0x20,0x77,0x72,0x69,0x74,
  0x65,0x5f,0x6f,0x74,0x61,0x64,0x61,0x74,0x61,0x20,0x6f,0x70,0x65,0x72,0x61,0x74,
  0x69,0x6f,0x6e,0x2e,0x20,0x65,0x72,0x72,0x20,0x3d,0x20,0x30,0x78,0x25,0x78,0x0a,
  0x00,0x49,0x20,0x28,0x25,0x6c,0x75,0x29,0x20,0x25,0x73,0x3a,0x20,0x53,0x65,0x74,
  0x20,0x61,0x63,0x74,0x75,0x61,0x6c,0x20,0x6f,0x74,0x61,0x5f,0x73,0x65,0x71,0x3d,
  0x25,0x6c,0x75,0x20,0x69,0x6e,0x20,0x6f,0x74,0x61,0x64,0x61,0x74,0x61,0x5b,0x30,
  0x5d,0x0a,0x00,0x74,0x65,0x73,0x74,0x20,0x61,0x70,0x70,0x00,0x52,0x46,0x20,0x64,
  0x61,0x74,0x61,0x00,0x70,0x72,0x69,0x6d,0x61,0x72,0x79,0x20,0x62,0x6f,0x6f,0x74,
  0x6c,0x6f,0x61,0x64,0x65,0x72,0x00,0x70,0x72,0x69,0x6d,0x61,0x72,0x79,0x20,0x70,
  0x61,0x72,0x74,0x69,0x74,0x69,0x6f,0x6e,0x5f,0x74,0x61,0x62,0x6c,0x65,0x00,0x75,
  0x6e,0x6b,0x6e,0x6f,0x77,0x6e,0x00,0x66,0x61,0x63,0x74,0x6f,0x72,0x79,0x20,0x61,
  0x70,0x70,0x00,0x4f,0x54,0x41,0x20,0x61,0x70,0x70,0x00,0x55,0x6e,0x6b,0x6e,0x6f,
  0x77,0x6e,0x20,0x61,0x70,0x70,0x00,0x4f,0x54,0x41,0x20,0x64,0x61,0x74,0x61,0x00,
  0x55,0x6e,0x6b,0x6e,0x6f,0x77,0x6e,0x20,0x64,0x61,0x74,0x61,0x00,0x65,0x66,0x75,
  0x73,0x65,0x00,0x4e,0x56,0x53,0x20,0x6b,0x65,0x79,0x73,0x00,0x57,0x69,0x46,0x69,
  0x20,0x64,0x61,0x74,0x61,0x00,0x6f,0x74,0x61,0x20,0x70,0x61,0x72,0x74,0x69,0x74,
  0x69,0x6f,0x6e,0x5f,0x74,0x61,0x62,0x6c,0x65,0x00,0x72,0x65,0x63,0x6f,0x76,0x65,
  0x72,0x79,0x20,0x62,0x6f,0x6f,0x74,0x6c,0x6f,0x61,0x64,0x65,0x72,0x00,0x6f,0x74,
  0x61,0x20,0x62,0x6f,0x6f,0x74,0x6c,0x6f,0x61,0x64,0x65,0x72,0x00,0x45,0x20,0x28,
  0x25,0x6c,0x75,0x29,0x20,0x25,0x73,0x3a,0x20,0x62,0x6f,0x6f,0x74,0x6c,0x6f,0x61,
  0x64,0x65,0x72,0x5f,0x6d,0x6d,0x61,0x70,0x28,0x30,0x78,0x25,0x78,0x2c,0x20,0x30,
  0x78,0x25,0x78,0x29,0x20,0x66,0x61,0x69,0x6c,0x65,0x64,0x0a,0x00,0x45,0x20,0x28,
  0x25,0x6c,0x75,0x29,0x20,0x25,0x73,0x3a,0x20,0x46,0x61,0x69,0x6c,0x65,0x64,0x20,
  0x74,0x6f,0x20,0x76,0x65,0x72,0x69,0x66,0x79,0x20,0x70,0x61,0x72,0x74,0x69,0x74,
  0x69,0x6f,0x6e,0x20,0x74,0x61,0x62,0x6c,0x65,0x0a,0x00,0x49,0x20,0x28,0x25,0x6c,
  0x75,0x29,0x20,0x25,0x73,0x3a,0x20,0x50,0x61,0x72,0x74,0x69,0x74,0x69,0x6f,0x6e,
  0x20,0x54,0x61,0x62,0x6c,0x65,0x3a,0x0a,0x00,0x49,0x20,0x28,0x25,0x6c,0x75,0x29,
  0x20,0x25,0x73,0x3a,0x20,0x23,0x23,0x20,0x4c,0x61,0x62,0x65,0x6c,0x20,0x20,0x20,
  0x20,0x20,0x20,0x20,0x20,0x20,0x20,0x20,0x20,0x55,0x73,0x61,0x67,0x65,0x20,0x20,
  0x20,0x20,0x20,0x20,0x20,0x20,0x20,0x20,0x54,0x79,0x70,0x65,0x20,0x53,0x54,0x20,
  0x4f,0x66,0x66,0x73,0x65,0x74,0x20,0x20,0x20,0x4c,0x65,0x6e,0x67,0x74,0x68,0x0a,
  0x00,0x49,0x20,0x28,0x25,0x6c,0x75,0x29,0x20,0x25,0x73,0x3a,0x20,0x25,0x32,0x64,
  0x20,0x25,0x2d,0x31,0x36,0x73,0x20,0x25,0x2d,0x31,0x36,0x73,0x20,0x25,0x30,0x32,
  0x78,0x20,0x25,0x30,0x32,0x78,0x20,0x25,0x30,0x38,0x6c,0x78,0x20,0x25,0x30,0x38,
  0x6c,0x78,0x0a,0x00,0x49,0x20,0x28,0x25,0x6c,0x75,0x29,0x20,0x25,0x73,0x3a,0x20,
  0x45,0x6e,0x64,0x20,0x6f,0x66,0x20,0x70,0x61,0x72,0x74,0x69,0x74,0x69,0x6f,0x6e,
  0x20,0x74,0x61,0x62,0x6c,0x65,0x0a,0x00,0x45,0x20,0x28,0x25,0x6c,0x75,0x29,0x20,
  0x25,0x73,0x3a,0x20,0x4e,0x6f,0x20,0x62,0x6f,0x6f,0x74,0x61,0x62,0x6c,0x65,0x20,
  0x74,0x65,0x73,0x74,0x20,0x70,0x61,0x72,0x74,0x69,0x74,0x69,0x6f,0x6e,0x20,0x69,
  0x6e,0x20,0x74,0x68,0x65,0x20,0x70,0x61,0x72,0x74,0x69,0x74,0x69,0x6f,0x6e,0x20,
  0x74,0x61,0x62,0x6c,0x65,0x0a,0x00,0x57,0x20,0x28,0x25,0x6c,0x75,0x29,0x20,0x25,
  0x73,0x3a,0x20,0x46,0x61,0x6c,0x6c,0x69,0x6e,0x67,0x20,0x62,0x61,0x63,0x6b,0x20,
  0x74,0x6f,0x20,0x74,0x65,0x73,0x74,0x20,0x61,0x70,0x70,0x20,0x61,0x73,0x20,0x6f,
  0x6e,0x6c,0x79,0x20,0x62,0x6f,0x6f,0x74,0x61,0x62,0x6c,0x65,0x20,0x70,0x61,0x72,
  0x74,0x69,0x74,0x69,0x6f,0x6e,0x0a,0x00,0x45,0x20,0x28,0x25,0x6c,0x75,0x29,0x20,
  0x25,0x73,0x3a,0x20,0x4e,0x6f,0x20,0x62,0x6f,0x6f,0x74,0x61,0x62,0x6c,0x65,0x20,
  0x61,0x70,0x70,0x20,0x70,0x61,0x72,0x74,0x69,0x74,0x69,0x6f,0x6e,0x73,0x20,0x69,
  0x6e,0x20,0x74,0x68,0x65,0x20,0x70,0x61,0x72,0x74,0x69,0x74,0x69,0x6f,0x6e,0x20,
  0x74,0x61,0x62,0x6c,0x65,0x0a,0x00,0x66,0x6c,0x61,0x73,0x68,0x5f,0x70,0x61,0x72,
  0x74,0x73,0x00,0x45,0x20,0x28,0x25,0x6c,0x75,0x29,0x20,0x25,0x73,0x3a,0x20,0x70,
  0x61,0x72,0x74,0x69,0x74,0x69,0x6f,0x6e,0x20,0x25,0x64,0x20,0x69,0x6e,0x76,0x61,
  0x6c,0x69,0x64,0x20,0x2d,0x20,0x6f,0x66,0x66,0x73,0x65,0x74,0x20,0x30,0x78,0x25,
  0x6c,0x78,0x20,0x73,0x69,0x7a,0x65,0x20,0x30,0x78,0x25,0x6c,0x78,0x20,0x65,0x78,
  0x63,0x65,0x65,0x64,0x73,0x20,0x66,0x6c,0x61,0x73,0x68,0x20,0x63,0x68,0x69,0x70,
  0x20,0x73,0x69,0x7a,0x65,0x20,0x30,0x78,0x25,0x6c,0x78,0x0a,0x00,0x45,0x20,0x28,
  0x25,0x6c,0x75,0x29,0x20,0x25,0x73,0x3a,0x20,0x4f,0x6e,0x6c,0x79,0x20,0x6f,0x6e,
  0x65,0x20,0x4d,0x44,0x35,0x20,0x63,0x68,0x65,0x63,0x6b,0x73,0x75,0x6d,0x20,0x69,
  0x73,0x20,0x61,0x6c,0x6c,0x6f,0x77,0x65,0x64,0x0a,0x00,0x45,0x20,0x28,0x25,0x6c,
  0x75,0x29,0x20,0x25,0x73,0x3a,0x20,0x49,0x6e,0x63,0x6f,0x72,0x72,0x65,0x63,0x74,
  0x20,0x4d,0x44,0x35,0x20,0x63,0x68,0x65,0x63,0x6b,0x73,0x75,0x6d,0x0a,0x00,0x45,
  0x20,0x28,0x25,0x6c,0x75,0x29,0x20,0x25,0x73,0x3a,0x20,0x70,0x61,0x72,0x74,0x69,
  0x74,0x69,0x6f,0x6e,0x20,0x25,0x64,0x20,0x69,0x6e,0x76,0x61,0x6c,0x69,0x64,0x20,
  0x6d,0x61,0x67,0x69,0x63,0x20,0x6e,0x75,0x6d,0x62,0x65,0x72,0x20,0x30,0x78,0x25,
  0x78,0x0a,0x00,0x45,0x20,0x28,0x25,0x6c,0x75,0x29,0x20,0x25,0x73,0x3a,0x20,0x70,
  0x61,0x72,0x74,0x69,0x74,0x69,0x6f,0x6e,0x20,0x74,0x61,0x62,0x6c,0x65,0x20,0x68,
  0x61,0x73,0x20,0x6e,0x6f,0x20,0x74,0x65,0x72,0x6d,0x69,0x6e,0x61,0x74,0x69,0x6e,
  0x67,0x20,0x65,0x6e,0x74,0x72,0x79,0x2c,0x20,0x6e,0x6f,0x74,0x20,0x76,0x61,0x6c,
  0x69,0x64,0x0a,0x00,0x65,0x73,0x70,0x5f,0x69,0x6d,0x61,0x67,0x65,0x00,0x45,0x20,
  0x28,0x25,0x6c,0x75,0x29,0x20,0x25,0x73,0x3a,0x20,0x43,0x68,0x65,0x63,0x6b,0x73,
  0x75,0x6d,0x20,0x66,0x61,0x69,0x6c,0x65,0x64,0x2e,0x20,0x43,0x61,0x6c,0x63,0x75,
  0x6c,0x61,0x74,0x65,0x64,0x20,0x30,0x78,0x25,0x78,0x20,0x72,0x65,0x61,0x64,0x20,
  0x30,0x78,0x25,0x78,0x0a,0x00,0x45,0x20,0x28,0x25,0x6c,0x75,0x29,0x20,0x25,0x73,
  0x3a,0x20,0x69,0x6d,0x61,0x67,0x65,0x20,0x61,0x74,0x20,0x30,0x78,0x25,0x6c,0x78,
  0x20,0x68,0x61,0x73,0x20,0x69,0x6e,0x76,0x61,0x6c,0x69,0x64,0x20,0x6d,0x61,0x67,
  0x69,0x63,0x20,0x62,0x79,0x74,0x65,0x20,0x28,0x6e,0x6f,0x74,0x68,0x69,0x6e,0x67,
  0x20,0x66,0x6c,0x61,0x73,0x68,0x65,0x64,0x20,0x68,0x65,0x72,0x65,0x3f,0x29,0x0a,
  0x00,0x45,0x20,0x28,0x25,0x6c,0x75,0x29,0x20,0x25,0x73,0x3a,0x20,0x69,0x6d,0x61,
  0x67,0x65,0x20,0x61,0x74,0x20,0x30,0x78,0x25,0x6c,0x78,0x20,0x73,0x65,0x67,0x6d,
  0x65,0x6e,0x74,0x20,0x63,0x6f,0x75,0x6e,0x74,0x20,0x25,0x64,0x20,0x65,0x78,0x63,
  0x65,0x65,0x64,0x73,0x20,0x6d,0x61,0x78,0x20,0x25,0x64,0x0a,0x00,0x65,0x6e,0x64,
  0x31,0x20,0x3e,0x20,0x73,0x74,0x61,0x72,0x74,0x31,0x00,0x2f,0x2f,0x49,0x44,0x46,
  0x2f,0x63,0x6f,0x6d,0x70,0x6f,0x6e,0x65,0x6e,0x74,0x73,0x2f,0x62,0x6f,0x6f,0x74,
  0x6c,0x6f,0x61,0x64,0x65,0x72,0x5f,0x73,0x75,0x70,0x70,0x6f,0x72,0x74,0x2f,0x69,
  0x6e,0x63,0x6c,0x75,0x64,0x65,0x2f,0x62,0x6f,0x6f,0x74,0x6c,0x6f,0x61,0x64,0x65,
  0x72,0x5f,0x75,0x74,0x69,0x6c,0x2e,0x68,0x00,0x65,0x6e,0x64,0x32,0x20,0x3e,0x20,
  0x73,0x74,0x61,0x72,0x74,0x32,0x00,0x6f,0x76,0x65,0x72,0x6c,0x61,0x70,0x73,0x20,
  0x62,0x6f,0x6f,0x74,0x6c,0x6f,0x61,0x64,0x65,0x72,0x20,0x73,0x74,0x61,0x63,0x6b,
  0x00,0x6f,0x76,0x65,0x72,0x6c,0x61,0x70,0x73,0x20,0x62,0x6f,0x6f,0x74,0x6c,0x6f,
  0x61,0x64,0x65,0x72,0x20,0x64,0x61,0x74,0x61,0x00,0x6f,0x76,0x65,0x72,0x6c,0x61,
  0x70,0x73,0x20,0x6c,0x6f,0x61,0x64,0x65,0x72,0x20,0x49,0x52,0x41,0x4d,0x00,0x62,
  0x61,0x64,0x20,0x6c,0x6f,0x61,0x64,0x20,0x61,0x64,0x64,0x72,0x65,0x73,0x73,0x20,
  0x72,0x61,0x6e,0x67,0x65,0x00,0x6c,0x6f,0x61,0x64,0x5f,0x65,0x6e,0x64,0x20,0x3e,
  0x20,0x6c,0x6f,0x61,0x64,0x5f,0x61,0x64,0x64,0x72,0x00,0x2f,0x2f,0x49,0x44,0x46,
  0x2f,0x63,0x6f,0x6d,0x70,0x6f,0x6e,0x65,0x6e,0x74,0x73,0x2f,0x62,0x6f,0x6f,0x74,
  0x6c,0x6f,0x61,0x64,0x65,0x72,0x5f,0x73,0x75,0x70,0x70,0x6f,0x72,0x74,0x2f,0x73,
  0x72,0x63,0x2f,0x65,0x73,0x70,0x5f,0x69,0x6d,0x61,0x67,0x65,0x5f,0x66,0x6f,0x72,
  0x6d,0x61,0x74,0x2e,0x63,0x00,0x45,0x20,0x28,0x25,0x6c,0x75,0x29,0x20,0x25,0x73,
  0x3a,0x20,0x53,0x65,0x67,0x6d,0x65,0x6e,0x74,0x20,0x25,0x64,0x20,0x30,0x78,0x25,
  0x30,0x38,0x78,0x2d,0x30,0x78,0x25,0x30,0x38,0x78,0x20,0x69,0x6e,0x76,0x61,0x6c,
  0x69,0x64,0x3a,0x20,0x25,0x73,0x0a,0x00,0x45,0x20,0x28,0x25,0x6c,0x75,0x29,0x20,
  0x25,0x73,0x3a,0x20,0x49,0x6d,0x61,0x67,0x65,0x20,0x6c,0x65,0x6e,0x67,0x74,0x68,
  0x20,0x25,0x6c,0x75,0x20,0x64,0x6f,0x65,0x73,0x6e,0x27,0x74,0x20,0x66,0x69,0x74,
  0x20,0x69,0x6e,0x20,0x70,0x61,0x72,0x74,0x69,0x74,0x69,0x6f,0x6e,0x20,0x6c,0x65,
  0x6e,0x67,0x74,0x68,0x20,0x25,0x6c,0x75,0x0a,0x00,0x6c,0x6f,0x61,0x64,0x00,0x6d,
  0x61,0x70,0x00,0x45,0x20,0x28,0x25,0x6c,0x75,0x29,0x20,0x25,0x73,0x3a,0x20,0x62,
  0x6f,0x6f,0x74,0x6c,0x6f,0x61,0x64,0x65,0x72,0x5f,0x66,0x6c,0x61,0x73,0x68,0x5f,
  0x72,0x65,0x61,0x64,0x20,0x66,0x61,0x69,0x6c,0x65,0x64,0x20,0x61,0x74,0x20,0x30,
  0x78,0x25,0x30,0x38,0x6c,0x78,0x0a,0x00,0x45,0x20,0x28,0x25,0x6c,0x75,0x29,0x20,
  0x25,0x73,0x3a,0x20,0x69,0x6e,0x76,0x61,0x6c,0x69,0x64,0x20,0x73,0x65,0x67,0x6d,
  0x65,0x6e,0x74,0x20,0x6c,0x65,0x6e,0x67,0x74,0x68,0x20,0x30,0x78,0x25,0x6c,0x78,
  0x0a,0x00,0x45,0x20,0x28,0x25,0x6c,0x75,0x29,0x20,0x25,0x73,0x3a,0x20,0x53,0x65,
  0x67,0x6d,0x65,0x6e,0x74,0x20,0x25,0x64,0x20,0x6c,0x6f,0x61,0x64,0x20,0x61,0x64,
  0x64,0x72,0x65,0x73,0x73,0x20,0x30,0x78,0x25,0x30,0x38,0x6c,0x78,0x2c,0x20,0x64,
  0x6f,0x65,0x73,0x6e,0x27,0x74,0x20,0x6d,0x61,0x74,0x63,0x68,0x20,0x64,0x61,0x74,
  0x61,0x20,0x30,0x78,0x25,0x30,0x38,0x6c,0x78,0x0a,0x00,0x49,0x20,0x28,0x25,0x6c,
  0x75,0x29,0x20,0x25,0x73,0x3a,0x20,0x73,0x65,0x67,0x6d,0x65,0x6e,0x74,0x20,0x25,
  0x64,0x3a,0x20,0x70,0x61,0x64,0x64,0x72,0x3d,0x25,0x30,0x38,0x6c,0x78,0x20,0x76,
  0x61,0x64,0x64,0x72,0x3d,0x25,0x30,0x38,0x78,0x20,0x73,0x69,0x7a,0x65,0x3d,0x25,
  0x30,0x35,0x6c,0x78,0x68,0x20,0x28,0x25,0x36,0x6c,0x75,0x29,0x20,0x25,0x73,0x0a,
  0x00,0x45,0x20,0x28,0x25,0x6c,0x75,0x29,0x20,0x25,0x73,0x3a,0x20,0x4e,0x6f,0x20,
  0x66,0x72,0x65,0x65,0x20,0x4d,0x4d,0x55,0x20,0x70,0x61,0x67,0x65,0x73,0x20,0x61,
  0x72,0x65,0x20,0x61,0x76,0x61,0x69,0x6c,0x61,0x62,0x6c,0x65,0x0a,0x00,0x45,0x20,
  0x28,0x25,0x6c,0x75,0x29,0x20,0x25,0x73,0x3a,0x20,0x62,0x6f,0x6f,0x74,0x6c,0x6f,
  0x61,0x64,0x65,0x72,0x5f,0x6d,0x6d,0x61,0x70,0x28,0x30,0x78,0x25,0x6c,0x78,0x2c,
  0x20,0x30,0x78,0x25,0x6c,0x78,0x29,0x20,0x66,0x61,0x69,0x6c,0x65,0x64,0x0a,0x00,
  0x45,0x20,0x28,0x25,0x6c,0x75,0x29,0x20,0x25,0x73,0x3a,0x20,0x69,0x6d,0x61,0x67,
  0x65,0x20,0x6f,0x66,0x66,0x73,0x65,0x74,0x20,0x68,0x61,0x73,0x20,0x77,0x72,0x61,
  0x70,0x70,0x65,0x64,0x0a,0x00,0x43,0x61,0x6c,0x63,0x75,0x6c,0x61,0x74,0x65,0x64,
  0x20,0x68,0x61,0x73,0x68,0x00,0x45,0x20,0x28,0x25,0x6c,0x75,0x29,0x20,0x25,0x73,
  0x3a,0x20,0x49,0x6d,0x61,0x67,0x65,0x20,0x68,0x61,0x73,0x68,0x20,0x66,0x61,0x69,
  0x6c,0x65,0x64,0x20,0x2d,0x20,0x69,0x6d,0x61,0x67,0x65,0x20,0x69,0x73,0x20,0x63,
  0x6f,0x72,0x72,0x75,0x70,0x74,0x0a,0x00,0x45,0x78,0x70,0x65,0x63,0x74,0x65,0x64,
  0x20,0x68,0x61,0x73,0x68,0x00,0x68,0x61,0x6e,0x64,0x6c,0x65,0x20,0x21,0x3d,0x20,
  0x4e,0x55,0x4c,0x4c,0x00,0x2f,0x2f,0x49,0x44,0x46,0x2f,0x63,0x6f,0x6d,0x70,0x6f,
  0x6e,0x65,0x6e,0x74,0x73,0x2f,0x62,0x6f,0x6f,0x74,0x6c,0x6f,0x61,0x64,0x65,0x72,
  0x5f,0x73,0x75,0x70,0x70,0x6f,0x72,0x74,0x2f,0x73,0x72,0x63,0x2f,0x62,0x6f,0x6f,
  0x74,0x6c,0x6f,0x61,0x64,0x65,0x72,0x5f,0x73,0x68,0x61,0x2e,0x63,0x00,0x64,0x61,
  0x74,0x61,0x5f,0x6c,0x65,0x6e,0x20,0x25,0x20,0x34,0x20,0x3d,0x3d,0x20,0x30,0x00,
  0x26,0x5f,0x62,0x73,0x73,0x5f,0x73,0x74,0x61,0x72,0x74,0x20,0x3c,0x3d,0x20,0x26,
  0x5f,0x62,0x73,0x73,0x5f,0x65,0x6e,0x64,0x00,0x2f,0x2f,0x49,0x44,0x46,0x2f,0x63,
  0x6f,0x6d,0x70,0x6f,0x6e,0x65,0x6e,0x74,0x73,0x2f,0x62,0x6f,0x6f,0x74,0x6c,0x6f,
  0x61,0x64,0x65,0x72,0x5f,0x73,0x75,0x70,0x70,0x6f,0x72,0x74,0x2f,0x73,0x72,0x63,
  0x2f,0x65,0x73,0x70,0x33,0x32,0x73,0x33,0x2f,0x62,0x6f,0x6f,0x74,0x6c,0x6f,0x61,
  0x64,0x65,0x72,0x5f,0x65,0x73,0x70,0x33,0x32,0x73,0x33,0x2e,0x63,0x00,0x26,0x5f,
  0x64,0x61,0x74,0x61,0x5f,0x73,0x74,0x61,0x72,0x74,0x20,0x3c,0x3d,0x20,0x26,0x5f,
  0x64,0x61,0x74,0x61,0x5f,0x65,0x6e,0x64,0x00,0x62,0x6f,0x6f,0x74,0x2e,0x65,0x73,
  0x70,0x33,0x32,0x73,0x33,0x00,0x45,0x20,0x28,0x25,0x6c,0x75,0x29,0x20,0x25,0x73,
  0x3a,0x20,0x66,0x61,0x69,0x6c,0x65,0x64,0x20,0x77,0x68,0x65,0x6e,0x20,0x72,0x75,
  0x6e,0x6e,0x69,0x6e,0x67,0x20,0x58,0x4d,0x43,0x20,0x73,0x74,0x61,0x72,0x74,0x75,
  0x70,0x20,0x66,0x6c,0x6f,0x77,0x2c,0x20,0x72,0x65,0x62,0x6f,0x6f,0x74,0x21,0x0a,
  0x00,0x57,0x20,0x28,0x25,0x6c,0x75,0x29,0x20,0x25,0x73,0x3a,0x20,0x50,0x52,0x4f,
  0x20,0x43,0x50,0x55,0x20,0x68,0x61,0x73,0x20,0x62,0x65,0x65,0x6e,0x20,0x72,0x65,
  0x73,0x65,0x74,0x20,0x62,0x79,0x20,0x57,0x44,0x54,0x2e,0x0a,0x00,0x57,0x20,0x28,
  0x25,0x6c,0x75,0x29,0x20,0x25,0x73,0x3a,0x20,0x41,0x50,0x50,0x20,0x43,0x50,0x55,
  0x20,0x68,0x61,0x73,0x20,0x62,0x65,0x65,0x6e,0x20,0x72,0x65,0x73,0x65,0x74,0x20,
  0x62,0x79,0x20,0x57,0x44,0x54,0x2e,0x0a,0x00,0x41,0x73,0x73,0x65,0x72,0x74,0x20,
  0x66,0x61,0x69,0x6c,0x65,0x64,0x20,0x69,0x6e,0x20,0x25,0x73,0x2c,0x20,0x25,0x73,
  0x3a,0x25,0x64,0x20,0x28,0x25,0x73,0x29,0x0d,0x0a,0x00,0x61,0x62,0x6f,0x72,0x74,
  0x28,0x29,0x20,0x77,0x61,0x73,0x20,0x63,0x61,0x6c,0x6c,0x65,0x64,0x20,0x61,0x74,
  0x20,0x50,0x43,0x20,0x30,0x78,0x25,0x30,0x38,0x78,0x0d,0x0a,0x00,0x62,0x6f,0x6f,
  0x74,0x5f,0x63,0x6f,0x6d,0x6d,0x00,0x45,0x20,0x28,0x25,0x6c,0x75,0x29,0x20,0x25,
  0x73,0x3a,0x20,0x63,0x68,0x69,0x70,0x20,0x72,0x65,0x76,0x69,0x73,0x69,0x6f,0x6e,
  0x20,0x63,0x68,0x65,0x63,0x6b,0x20,0x66,0x61,0x69,0x6c,0x65,0x64,0x2e,0x20,0x52,
  0x65,0x71,0x75,0x69,0x72,0x65,0x64,0x20,0x3e,0x3d,0x20,0x76,0x25,0x64,0x2e,0x25,
  0x64,0x2c,0x20,0x66,0x6f,0x75,0x6e,0x64,0x20,0x76,0x25,0x64,0x2e,0x25,0x64,0x2e,
  0x0a,0x00,0x45,0x20,0x28,0x25,0x6c,0x75,0x29,0x20,0x25,0x73,0x3a,0x20,0x63,0x68,
  0x69,0x70,0x20,0x72,0x65,0x76,0x69,0x73,0x69,0x6f,0x6e,0x20,0x63,0x68,0x65,0x63,
  0x6b,0x20,0x66,0x61,0x69,0x6c,0x65,0x64,0x2e,0x20,0x52,0x65,0x71,0x75,0x69,0x72,
  0x65,0x64,0x20,0x3c,0x3d,0x20,0x76,0x25,0x64,0x2e,0x25,0x64,0x2c,0x20,0x66,0x6f,
  0x75,0x6e,0x64,0x20,0x76,0x25,0x64,0x2e,0x25,0x64,0x2e,0x0a,0x00,0x45,0x20,0x28,
  0x25,0x6c,0x75,0x29,0x20,0x25,0x73,0x3a,0x20,0x49,0x6d,0x61,0x67,0x65,0x20,0x72,
  0x65,0x71,0x75,0x69,0x72,0x65,0x73,0x20,0x65,0x66,0x75,0x73,0x65,0x20,0x62,0x6c,
  0x6b,0x20,0x72,0x65,0x76,0x20,0x3e,0x3d,0x20,0x76,0x25,0x6c,0x75,0x2e,0x25,0x6c,
  0x75,0x2c,0x20,0x62,0x75,0x74,0x20,0x63,0x68,0x69,0x70,0x20,0x69,0x73,0x20,0x76,
  0x25,0x6c,0x75,0x2e,0x25,0x6c,0x75,0x0a,0x00,0x45,0x20,0x28,0x25,0x6c,0x75,0x29,
  0x20,0x25,0x73,0x3a,0x20,0x49,0x6d,0x61,0x67,0x65,0x20,0x72,0x65,0x71,0x75,0x69,
  0x72,0x65,0x73,0x20,0x65,0x66,0x75,0x73,0x65,0x20,0x62,0x6c,0x6b,0x20,0x72,0x65,
  0x76,0x20,0x3c,0x3d,0x20,0x76,0x25,0x6c,0x75,0x2e,0x25,0x6c,0x75,0x2c,0x20,0x62,
  0x75,0x74,0x20,0x63,0x68,0x69,0x70,0x20,0x69,0x73,0x20,0x76,0x25,0x6c,0x75,0x2e,
  0x25,0x6c,0x75,0x0a,0x00,0x45,0x20,0x28,0x25,0x6c,0x75,0x29,0x20,0x25,0x73,0x3a,
  0x20,0x6d,0x69,0x73,0x6d,0x61,0x74,0x63,0x68,0x20,0x63,0x68,0x69,0x70,0x20,0x49,
  0x44,0x2c,0x20,0x65,0x78,0x70,0x65,0x63,0x74,0x65,0x64,0x20,0x25,0x64,0x2c,0x20,
  0x66,0x6f,0x75,0x6e,0x64,0x20,0x25,0x64,0x0a,0x00,0x62,0x75,0x66,0x66,0x65,0x72,
  0x20,0x21,0x3d,0x20,0x4e,0x55,0x4c,0x4c,0x00,0x2f,0x2f,0x49,0x44,0x46,0x2f,0x63,
  0x6f,0x6d,0x70,0x6f,0x6e,0x65,0x6e,0x74,0x73,0x2f,0x62,0x6f,0x6f,0x74,0x6c,0x6f,
  0x61,0x64,0x65,0x72,0x5f,0x73,0x75,0x70,0x70,0x6f,0x72,0x74,0x2f,0x73,0x72,0x63,
  0x2f,0x62,0x6f,0x6f,0x74,0x6c,0x6f,0x61,0x64,0x65,0x72,0x5f,0x72,0x61,0x6e,0x64,
  0x6f,0x6d,0x2e,0x63,0x00,0x34,0x30,0x4d,0x48,0x7a,0x00,0x32,0x36,0x2e,0x37,0x4d,
  0x48,0x7a,0x00,0x32,0x30,0x4d,0x48,0x7a,0x00,0x38,0x30,0x4d,0x48,0x7a,0x00,0x51,
  0x49,0x4f,0x00,0x51,0x4f,0x55,0x54,0x00,0x44,0x49,0x4f,0x00,0x44,0x4f,0x55,0x54,
  0x00,0x46,0x41,0x53,0x54,0x20,0x52,0x45,0x41,0x44,0x00,0x53,0x4c,0x4f,0x57,0x20,
  0x52,0x45,0x41,0x44,0x00,0x31,0x4d,0x42,0x00,0x31,0x36,0x4d,0x42,0x00,0x33,0x32,
  0x4d,0x42,0x00,0x36,0x34,0x4d,0x42,0x00,0x31,0x32,0x38,0x4d,0x42,0x00,0x49,0x20,
  0x28,0x25,0x6c,0x75,0x29,0x20,0x25,0x73,0x3a,0x20,0x42,0x6f,0x6f,0x74,0x20,0x53,
  0x50,0x49,0x20,0x53,0x70,0x65,0x65,0x64,0x20,0x3a,0x20,0x25,0x73,0x0a,0x00,0x49,
  0x20,0x28,0x25,0x6c,0x75,0x29,0x20,0x25,0x73,0x3a,0x20,0x53,0x50,0x49,0x20,0x4d,
  0x6f,0x64,0x65,0x20,0x20,0x20,0x20,0x20,0x20,0x20,0x3a,0x20,0x25,0x73,0x0a,0x00,
  0x49,0x20,0x28,0x25,0x6c,0x75,0x29,0x20,0x25,0x73,0x3a,0x20,0x53,0x50,0x49,0x20,
  0x46,0x6c,0x61,0x73,0x68,0x20,0x53,0x69,0x7a,0x65,0x20,0x3a,0x20,0x25,0x73,0x0a,
  0x00,0x45,0x20,0x28,0x25,0x6c,0x75,0x29,0x20,0x25,0x73,0x3a,0x20,0x66,0x61,0x69,
  0x6c,0x65,0x64,0x20,0x74,0x6f,0x20,0x6c,0x6f,0x61,0x64,0x20,0x62,0x6f,0x6f,0x74,
  0x6c,0x6f,0x61,0x64,0x65,0x72,0x20,0x69,0x6d,0x61,0x67,0x65,0x20,0x68,0x65,0x61,
  0x64,0x65,0x72,0x21,0x0a,0x00,0x49,0x20,0x28,0x25,0x6c,0x75,0x29,0x20,0x25,0x73,
  0x3a,0x20,0x63,0x68,0x69,0x70,0x20,0x72,0x65,0x76,0x69,0x73,0x69,0x6f,0x6e,0x3a,
  0x20,0x76,0x25,0x64,0x2e,0x25,0x64,0x0a,0x00,0x49,0x20,0x28,0x25,0x6c,0x75,0x29,
  0x20,0x25,0x73,0x3a,0x20,0x65,0x66,0x75,0x73,0x65,0x20,0x62,0x6c,0x6f,0x63,0x6b,
  0x20,0x72,0x65,0x76,0x69,0x73,0x69,0x6f,0x6e,0x3a,0x20,0x76,0x25,0x64,0x2e,0x25,
  0x64,0x0a,0x00,0x49,0x20,0x28,0x25,0x6c,0x75,0x29,0x20,0x25,0x73,0x3a,0x20,0x45,
  0x6e,0x61,0x62,0x6c,0x69,0x6e,0x67,0x20,0x52,0x4e,0x47,0x20,0x65,0x61,0x72,0x6c,
  0x79,0x20,0x65,0x6e,0x74,0x72,0x6f,0x70,0x79,0x20,0x73,0x6f,0x75,0x72,0x63,0x65,
  0x2e,0x2e,0x2e,0x0a,0x00,0x49,0x20,0x28,0x25,0x6c,0x75,0x29,0x20,0x25,0x73,0x3a,
  0x20,0x45,0x53,0x50,0x2d,0x49,0x44,0x46,0x20,0x25,0x73,0x20,0x32,0x6e,0x64,0x20,
  0x73,0x74,0x61,0x67,0x65,0x20,0x62,0x6f,0x6f,0x74,0x6c,0x6f,0x61,0x64,0x65,0x72,
  0x0a,0x00,0x49,0x20,0x28,0x25,0x6c,0x75,0x29,0x20,0x25,0x73,0x3a,0x20,0x63,0x6f,
  0x6d,0x70,0x69,0x6c,0x65,0x20,0x74,0x69,0x6d,0x65,0x20,0x25,0x73,0x0a,0x00,0x49,
  0x20,0x28,0x25,0x6c,0x75,0x29,0x20,0x25,0x73,0x3a,0x20,0x4d,0x75,0x6c,0x74,0x69,
  0x63,0x6f,0x72,0x65,0x20,0x62,0x6f,0x6f,0x74,0x6c,0x6f,0x61,0x64,0x65,0x72,0x0a,
  0x00,0x71,0x69,0x6f,0x5f,0x6d,0x6f,0x64,0x65,0x00,0x49,0x20,0x28,0x25,0x6c,0x75,
  0x29,0x20,0x25,0x73,0x3a,0x20,0x45,0x6e,0x61,0x62,0x6c,0x69,0x6e,0x67,0x20,0x51,
  0x49,0x4f,0x20,0x66,0x6f,0x72,0x20,0x66,0x6c,0x61,0x73,0x68,0x20,0x63,0x68,0x69,
  0x70,0x20,0x25,0x73,0x0a,0x00,0x49,0x20,0x28,0x25,0x6c,0x75,0x29,0x20,0x25,0x73,
  0x3a,0x20,0x45,0x6e,0x61,0x62,0x6c,0x69,0x6e,0x67,0x20,0x64,0x65,0x66,0x61,0x75,
  0x6c,0x74,0x20,0x66,0x6c,0x61,0x73,0x68,0x20,0x63,0x68,0x69,0x70,0x20,0x51,0x49,
  0x4f,0x0a,0x00,0x45,0x20,0x28,0x25,0x6c,0x75,0x29,0x20,0x25,0x73,0x3a,0x20,0x46,
  0x61,0x69,0x6c,0x65,0x64,0x20,0x74,0x6f,0x20,0x73,0x65,0x74,0x20,0x51,0x49,0x45,
  0x20,0x62,0x69,0x74,0x2c,0x20,0x6e,0x6f,0x74,0x20,0x65,0x6e,0x61,0x62,0x6c,0x69,
  0x6e,0x67,0x20,0x51,0x49,0x4f,0x20,0x6d,0x6f,0x64,0x65,0x0a,0x00,0x4d,0x58,0x49,
  0x43,0x00,0x49,0x53,0x53,0x49,0x00,0x57,0x69,0x6e,0x42,0x6f,0x6e,0x64,0x00,0x47,
  0x44,0x00,0x58,0x4d,0x32,0x35,0x51,0x55,0x36,0x34,0x41,0x00,0x54,0x48,0x00,0x72,
  0x74,0x63,0x5f,0x63,0x6c,0x6b,0x00,0x57,0x20,0x28,0x25,0x6c,0x75,0x29,0x20,0x25,
  0x73,0x3a,0x20,0x69,0x6e,0x76,0x61,0x6c,0x69,0x64,0x20,0x52,0x54,0x43,0x5f,0x58,
  0x54,0x41,0x4c,0x5f,0x46,0x52,0x45,0x51,0x5f,0x52,0x45,0x47,0x20,0x76,0x61,0x6c,
  0x75,0x65,0x2c,0x20,0x61,0x73,0x73,0x75,0x6d,0x65,0x20,0x34,0x30,0x4d,0x48,0x7a,
  0x0a,0x00,0x45,0x20,0x28,0x25,0x6c,0x75,0x29,0x20,0x25,0x73,0x3a,0x20,0x75,0x6e,
  0x73,0x75,0x70,0x70,0x6f,0x72,0x74,0x65,0x64,0x20,0x66,0x72,0x65,0x71,0x75,0x65,
  0x6e,0x63,0x79,0x20,0x63,0x6f,0x6e,0x66,0x69,0x67,0x75,0x72,0x61,0x74,0x69,0x6f,
  0x6e,0x0a,0x00,0x30,0x20,0x26,0x26,0x20,0x22,0x4c,0x44,0x4f,0x20,0x64,0x62,0x69,
  0x61,0x73,0x20,0x6e,0x65,0x65,0x64,0x20,0x74,0x6f,0x20,0x6d,0x6f,0x64,0x69,0x66,
  0x69,0x65,0x64,0x22,0x00,0x2f,0x2f,0x49,0x44,0x46,0x2f,0x63,0x6f,0x6d,0x70,0x6f,
  0x6e,0x65,0x6e,0x74,0x73,0x2f,0x65,0x73,0x70,0x5f,0x68,0x77,0x5f,0x73,0x75,0x70,
  0x70,0x6f,0x72,0x74,0x2f,0x70,0x6f,0x72,0x74,0x2f,0x65,0x73,0x70,0x33,0x32,0x73,
  0x33,0x2f,0x72,0x74,0x63,0x5f,0x63,0x6c,0x6b,0x2e,0x63,0x00,0x72,0x74,0x63,0x5f,
  0x63,0x6c,0x6b,0x5f,0x69,0x6e,0x69,0x74,0x00,0x45,0x20,0x28,0x25,0x6c,0x75,0x29,
  0x20,0x25,0x73,0x3a,0x20,0x69,0x6e,0x76,0x61,0x6c,0x69,0x64,0x20,0x43,0x50,0x55,
  0x20,0x66,0x72,0x65,0x71,0x75,0x65,0x6e,0x63,0x79,0x20,0x76,0x61,0x6c,0x75,0x65,
  0x0a,0x00,0x43,0x30,0x48,0x2b,0x38,0x42,0x00,0x64,0x65,0x66,0x61,0x75,0x6c,0x74,
  0x00,0x62,0x6f,0x6f,0x74,0x6c,0x6f,0x61,0x64,0x65,0x72,0x5f,0x66,0x6c,0x61,0x73,
  0x68,0x5f,0x72,0x65,0x61,0x64,0x5f,0x73,0x66,0x64,0x70,0x00,0x62,0x6f,0x6f,0x74,
  0x6c,0x6f,0x61,0x64,0x65,0x72,0x5f,0x66,0x6c,0x61,0x73,0x68,0x5f,0x65,0x78,0x65,
  0x63,0x75,0x74,0x65,0x5f,0x63,0x6f,0x6d,0x6d,0x61,0x6e,0x64,0x5f,0x63,0x6f,0x6d,
  0x6d,0x6f,0x6e,0x00,0x62,0x6f,0x6f,0x74,0x6c,0x6f,0x61,0x64,0x65,0x72,0x5f,0x75,
  0x74,0x69,0x6c,0x5f,0x72,0x65,0x67,0x69,0x6f,0x6e,0x73,0x5f,0x6f,0x76,0x65,0x72,
  0x6c,0x61,0x70,0x00,0x76,0x65,0x72,0x69,0x66,0x79,0x5f,0x6c,0x6f,0x61,0x64,0x5f,
  0x61,0x64,0x64,0x72,0x65,0x73,0x73,0x65,0x73,0x00,0x62,0x6f,0x6f,0x74,0x6c,0x6f,
  0x61,0x64,0x65,0x72,0x5f,0x73,0x68,0x61,0x32,0x35,0x36,0x5f,0x66,0x69,0x6e,0x69,
  0x73,0x68,0x00,0x62,0x6f,0x6f,0x74,0x6c,0x6f,0x61,0x64,0x65,0x72,0x5f,0x73,0x68,
  0x61,0x32,0x35,0x36,0x5f,0x64,0x61,0x74,0x61,0x00,0x62,0x6f,0x6f,0x74,0x6c,0x6f,
  0x61,0x64,0x65,0x72,0x5f,0x69,0x6e,0x69,0x74,0x00,0x62,0x6f,0x6f,0x74,0x6c,0x6f,
  0x61,0x64,0x65,0x72,0x5f,0x66,0x69,0x6c,0x6c,0x5f,0x72,0x61,0x6e,0x64,0x6f,0x6d,
  0x00,0x72,0x74,0x63,0x5f,0x63,0x6c,0x6b,0x5f,0x63,0x70,0x75,0x5f,0x66,0x72,0x65,
  0x71,0x5f,0x74,0x6f,0x5f,0x38,0x6d,0x00,0x42,0x3d,0xce,0x3f,0x98,0xda,0x3c,0x40,
  0xac,0xda,0x3c,0x40,0x34,0xdb,0x3c,0x40,0x49,0x3d,0xce,0x3f,0x00,0x00,0x00,0x00,
  0xdc,0xda,0x3c,0x40,0x54,0xdb,0x3c,0x40,0xc4,0xe6,0x3c,0x40,0x00,0x87,0x3c,0x40,
  0xe4,0x0e,0x00,0x00,0x34,0x29,0xce,0x3f,0x39,0x29,0xce,0x3f,0x00,0xd0,0x00,0x00,
  0x4e,0x55,0x41,0x4c,0x62,0x29,0xce,0x3f,0x96,0x29,0xce,0x3f,0xe8,0x11,0x00,0x40,
  0xd0,0x05,0x00,0x40,0x00,0x80,0x00,0x60,0xb8,0x80,0x00,0x60,0x2a,0x31,0x1d,0x8f,
  0xb4,0x80,0x00,0x60,0x00,0x27,0xce,0x3f,0x18,0x28,0xce,0x3f,0x90,0x36,0xce,0x3f,
  0xfa,0x3d,0xce,0x3f,0xd9,0x36,0xce,0x3f,0x20,0x28,0xce,0x3f,0x10,0x29,0xce,0x3f,
  0xee,0x36,0xce,0x3f,0x09,0x37,0xce,0x3f,0x16,0x37,0xce,0x3f,0x51,0x37,0xce,0x3f,
  0x80,0x23,0x02,0x00,0x7d,0x37,0xce,0x3f,0x50,0xe0,0x0c,0x60,0x54,0xe0,0x0c,0x60,
  0x58,0xe0,0x0c,0x60,0x5c,0xe0,0x0c,0x60,0x60,0xe0,0x0c,0x60,0x64,0xe0,0x0c,0x60,
  0x68,0xe0,0x0c,0x60,0xe0,0xe0,0x0c,0x60,0xe4,0xe0,0x0c,0x60,0xe8,0xe0,0x0c,0x60,
  0xec,0xe0,0x0c,0x60,0xf0,0xe0,0x0c,0x60,0xf4,0xe0,0x0c,0x60,0xf8,0xe0,0x0c,0x60,
  0x08,0x00,0x0c,0x60,0x0c,0x00,0x0c,0x60,0x48,0xe0,0x0c,0x60,0x4c,0xe0,0x0c,0x60,
  0x7c,0x05,0x00,0x40,0x10,0x29,0xce,0x3f,0xff,0x00,0xfc,0xff,0xff,0xff,0xcf,0xff,
  0xff,0xb3,0xc4,0x04,0xff,0xff,0xf3,0xff,0x40,0x80,0x00,0x60,0x4c,0x80,0x00,0x60,
  0x9c,0x06,0x00,0x40,0x14,0x60,0x02,0x60,0x74,0x80,0x00,0x60,0x18,0x00,0x0c,0x60,
  0xff,0xff,0xff,0xef,0x70,0x00,0x04,0x60,0xff,0xff,0x9f,0xff,0x00,0x00,0x04,0x60,
  0x04,0x00,0x04,0x60,0xff,0x0f,0x00,0xff,0x3c,0x88,0x00,0x60,0xff,0xff,0x87,0xff,
  0x28,0x00,0x04,0x60,0xff,0xff,0xaf,0x00,0xff,0x7f,0xf8,0xff,0x18,0x00,0x04,0x60,
  0x10,0x88,0x00,0x60,0x34,0x88,0x00,0x60,0x38,0x00,0x04,0x60,0x3c,0x00,0x04,0x60,
  0xff,0xff,0x07,0xff,0xff,0x3f,0xf8,0xff,0x6c,0x5d,0x00,0x40,0xe4,0xff,0xce,0x3f,
  0xa5,0x39,0xce,0x3f,0xab,0x39,0xce,0x3f,0xb3,0x39,0xce,0x3f,0xb9,0x39,0xce,0x3f,
  0xbf,0x39,0xce,0x3f,0xc3,0x39,0xce,0x3f,0xc8,0x39,0xce,0x3f,0xcc,0x39,0xce,0x3f,
  0xd1,0x39,0xce,0x3f,0xdb,0x39,0xce,0x3f,0xe5,0x39,0xce,0x3f,0xef,0x39,0xce,0x3f,
  0xf4,0x39,0xce,0x3f,0xfa,0x39,0xce,0x3f,0xe9,0x39,0xce,0x3f,0xee,0x39,0xce,0x3f,
  0xf3,0x39,0xce,0x3f,0xf8,0x39,0xce,0x3f,0xe8,0x27,0xce,0x3f,0x09,0x37,0xce,0x3f,
  0xfe,0x39,0xce,0x3f,0x1f,0x3a,0xce,0x3f,0x40,0x3a,0xce,0x3f,0x60,0x09,0x00,0x40,
  0x50,0x0a,0x00,0x40,0x34,0x29,0xce,0x3f,0x61,0x3a,0xce,0x3f,0x1f,0x85,0xeb,0x51,
  0x96,0x3a,0xce,0x3f,0xb9,0x3a,0xce,0x3f,0x18,0x29,0xce,0x3f,0xe0,0x0d,0x00,0x40,
  0x28,0x0e,0x00,0x40,0xec,0x0d,0x00,0x40,0xbc,0x0d,0x00,0x40,0xd4,0x0d,0x00,0x40,
  0xf8,0x0d,0x00,0x40,0xe3,0x3a,0xce,0x3f,0x15,0x3b,0xce,0x3f,0x42,0x3b,0xce,0x3f,
  0x5f,0x3b,0xce,0x3f,0x00,0x00,0x00,0x60,0xff,0xff,0x0f,0xff,0xff,0x0f,0xf0,0xff,
  0xff,0x3d,0x1e,0x1c,0x00,0x3e,0x1e,0x1c,0x44,0x25,0x00,0x40,0x70,0x28,0xce,0x3f,
  0x74,0x28,0xce,0x3f,0x81,0x3b,0xce,0x3f,0x8a,0x3b,0xce,0x3f,0xb6,0x3b,0xce,0x3f,
  0xe3,0x3b,0xce,0x3f,0xa4,0x0a,0x00,0x40,0xa4,0x1f,0x00,0x40,0x74,0x1f,0x00,0x40,
  0x68,0x0a,0x00,0x40,0x20,0x28,0xce,0x3f,0x20,0x29,0xce,0x3f,0xf4,0x11,0x00,0x40,
  0x84,0x80,0x00,0x60,0xff,0x3f,0xc0,0xff,0xff,0xff,0x01,0xfe,0x44,0xe0,0x00,0x60,
  0xff,0xff,0xfd,0xff,0x0c,0x3d,0xce,0x3f,0x19,0x3d,0xce,0x3f,0x0c,0x29,0xce,0x3f,
  0xb4,0x06,0x00,0x40,0xb9,0xff,0xce,0x3f,0xb8,0xff,0xce,0x3f,0xe8,0x05,0x00,0x40,
  0x36,0xa1,0x01,0xc2,0xa0,0xa0,0xb2,0xa0,0x00,0x10,0xa1,0x20,0x81,0x70,0xff,0xe0,
  0x08,0x00,0x65,0x07,0x00,0xa0,0x7a,0x20,0x16,0x2a,0x00,0xa5,0x4b,0x04,0x10,0xa1,
  0x20,0x25,0x32,0x04,0x56,0x4a,0x01,0xe5,0xa1,0x03,0xbd,0x0a,0xc1,0x62,0xff,0xa1,
  0x62,0xff,0x81,0x67,0xff,0xe0,0x08,0x00,0xc6,0xf7,0xff,0x00,0xa1,0x60,0xff,0xb2,
  0xa0,0xa0,0xd2,0xa0,0x00,0x0c,0x4c,0xba,0xb1,0x72,0x61,0x28,0x25,0xcb,0x03,0x81,
  0x5c,0xff,0x92,0x21,0x28,0x87,0x99,0x20,0x82,0x21,0x26,0x9c,0xa8,0xa1,0x57,0xff,
  0x0c,0x1b,0x40,0xbb,0x11,0xe5,0xd8,0x03,0xa1,0x57,0xff,0x81,0x59,0xff,0xe0,0x08,
  0x00,0xbd,0x07,0x10,0xa1,0x20,0x65,0x47,0x04,0xa1,0x53,0xff,0x7c,0xf7,0x81,0x54,
  0xff,0xe0,0x08,0x00,0x46,0xfa,0xff,0x00,0x36,0x41,0x00,0x0c,0x18,0x80,0x61,0x13,
  0x0c,0x1a,0xe5,0x66,0x04,0x81,0x4f,0xff,0x7c,0xda,0xc0,0x20,0x00,0x92,0x28,0x52,
  0xa0,0x99,0x10,0xc0,0x20,0x00,0x92,0x68,0x52,0xc0,0x20,0x00,0x92,0x28,0x3a,0x0c,
  0x1a,0x40,0xaa,0x01,0xa0,0x99,0x20,0xc0,0x20,0x00,0x92,0x68,0x3a,0x0c,0x1a,0xe5,
  0x67,0x04,0x91,0x45,0xff,0x81,0x45,0xff,0xa1,0x46,0xff,0xc0,0x20,0x00,0x89,0x09,
  0xc0,0x20,0x00,0x88,0x0a,0x7c,0xfb,0x10,0xbb,0x01,0xb0,0x88,0x20,0xc0,0x20,0x00,
  0x89,0x0a,0x0c,0x08,0xc0,0x20,0x00,0x89,0x09,0xe5,0x25,0x00,0x81,0x3e,0xff,0x91,
  0x3e,0xff,0x87,0xb9,0x0e,0xd1,0x3d,0xff,0xc1,0x3e,0xff,0xb2,0xa0,0xa0,0xa1,0x3d,
  0xff,0x65,0x5b,0x04,0x81,0x3d,0xff,0x91,0x3d,0xff,0x87,0xb9,0x0b,0xd1,0x3c,0xff,
  0xc1,0x38,0xff,0xb2,0xa0,0xa1,0x06,0xf9,0xff,0xa5,0x60,0x00,0x25,0x16,0x00,0x25,
  0x7a,0x00,0xa5,0x75,0x00,0x65,0x2d,0x05,0xe5,0x1b,0x05,0xa5,0x46,0x00,0x25,0x4c,
  0x03,0x2d,0x0a,0x9c,0x1a,0xe5,0x90,0x03,0xbd,0x0a,0xc1,0x32,0xff,0xa1,0x32,0xff,
  0x81,0x24,0xff,0xe0,0x08,0x00,0x1d,0xf0,0x25,0x5f,0x00,0xa0,0x2a,0x20,0x56,0x4a,
  0xff,0x65,0x61,0x00,0x2d,0x0a,0x56,0xca,0xfe,0xe5,0x44,0x00,0x2d,0x0a,0x56,0x4a,
  0xfe,0x0c,0x0a,0x81,0x3f,0xff,0xe0,0x08,0x00,0x6d,0x0a,0xa2,0xa0,0x01,0x81,0x3c,
  0xff,0xe0,0x08,0x00,0x0c,0xd8,0x7d,0x0a,0x67,0xb8,0x02,0xc6,0x2b,0x00,0x5c,0x78,
  0x90,0x88,0x11,0x67,0xd8,0x02,0x06,0x29,0x00,0xa5,0x8b,0x03,0xbd,0x0a,0xc1,0x1d,
  0xff,0xa1,0x1e,0xff,0x81,0x0f,0xff,0xe0,0x08,0x00,0x1c,0x18,0x77,0x38,0x17,0x81,
  0x1c,0xff,0x77,0x58,0x11,0xe5,0x89,0x03,0xa0,0xba,0x20,0xc1,0x16,0xff,0xa1,0x19,
  0xff,0x81,0x07,0xff,0xe0,0x08,0x00,0x81,0x18,0xff,0xc0,0x20,0x00,0x82,0x28,0x00,
  0x81,0x17,0xff,0xc0,0x20,0x00,0x82,0x28,0x00,0x81,0x15,0xff,0xc0,0x20,0x00,0x88,
  0x08,0x81,0x14,0xff,0xc0,0x20,0x00,0x88,0x08,0x81,0x13,0xff,0xc0,0x20,0x00,0x88,
  0x08,0x81,0x12,0xff,0xc0,0x20,0x00,0x88,0x08,0x81,0x11,0xff,0xc0,0x20,0x00,0x88,
  0x08,0x81,0x10,0xff,0xc0,0x20,0x00,0x88,0x08,0x81,0x0f,0xff,0xc0,0x20,0x00,0x88,
  0x08,0x81,0x0e,0xff,0xc0,0x20,0x00,0x88,0x08,0x81,0x0d,0xff,0xc0,0x20,0x00,0x88,
  0x08,0x81,0x0c,0xff,0xc0,0x20,0x00,0x88,0x08,0x81,0x0b,0xff,0xc0,0x20,0x00,0x88,
  0x08,0x81,0x0a,0xff,0xc0,0x20,0x00,0x88,0x08,0x06,0x04,0x00,0x00,0x00,0x82,0xa0,
  0x11,0x77,0x38,0x08,0x81,0xf7,0xfe,0x77,0x58,0x02,0xc6,0xd9,0xff,0x91,0x04,0xff,
  0xa2,0xa0,0x40,0xc0,0x20,0x00,0x88,0x09,0xa0,0x88,0x20,0xc0,0x20,0x00,0x89,0x09,
  0x91,0x01,0xff,0xa2,0xaf,0xbf,0xc0,0x20,0x00,0x88,0x09,0xa0,0x88,0x10,0xc0,0x20,
  0x00,0x89,0x09,0x91,0xfd,0xfe,0x0c,0x18,0xc0,0x20,0x00,0x89,0x09,0x91,0xfb,0xfe,
  0xc0,0x20,0x00,0x89,0x09,0xe5,0x55,0x00,0x65,0x5e,0x00,0xc6,0xb1,0xff,0x00,0x00,
  0x36,0x61,0x00,0x0c,0x0a,0x81,0xfe,0xfe,0xe0,0x08,0x00,0x0c,0x0a,0x81,0xf4,0xfe,
  0xe0,0x08,0x00,0x66,0xaa,0x02,0x86,0x21,0x00,0x91,0xf2,0xfe,0x88,0x09,0x98,0x19,
  0x99,0x11,0x91,0xf1,0xfe,0x90,0x88,0x10,0x0c,0x59,0x40,0x99,0x11,0x90,0x88,0x20,
  0x89,0x01,0x25,0x40,0x05,0x88,0x01,0xb1,0xed,0xfe,0xa0,0x90,0x14,0xc0,0xa9,0x01,
  0xb0,0x88,0x10,0xa0,0x88,0x20,0x0c,0x3a,0x89,0x01,0xc0,0xaa,0x01,0xa7,0xc8,0x01,
  0x0c,0x09,0x82,0x21,0x00,0xc0,0x99,0x01,0xb0,0x88,0x10,0x90,0x88,0x20,0x82,0x61,
  0x00,0xa5,0x44,0x05,0x82,0x21,0x00,0xb1,0xe3,0xfe,0xa0,0x90,0x14,0xe0,0xa9,0x01,
  0xb0,0x88,0x10,0xa0,0x88,0x20,0x89,0x01,0x0c,0x1a,0x80,0x82,0x15,0xe0,0x88,0x01,
  0xd0,0xaa,0x01,0xa7,0x98,0x01,0x0c,0x09,0xa2,0x21,0x00,0xe0,0x99,0x01,0xb0,0xaa,
  0x10,0x90,0xaa,0x20,0xb2,0x21,0x01,0xa2,0x61,0x00,0xa5,0x7f,0x00,0xc6,0x02,0x00,
  0x25,0x9b,0x05,0x81,0xd3,0xfe,0xa7,0x38,0x02,0x06,0xdb,0xff,0x81,0xd3,0xfe,0x92,
  0xa0,0x00,0xc0,0x20,0x00,0x92,0x68,0x00,0x81,0xd1,0xfe,0x92,0xaf,0xff,0xc0,0x20,
  0x00,0x99,0x08,0x1d,0xf0,0x00,0x00,0x00,0x36,0x41,0x00,0xa5,0x79,0x00,0x1d,0xf0,
  0x36,0x41,0x00,0x91,0xcc,0xfe,0x0c,0x1a,0xc0,0x20,0x00,0x88,0x09,0x10,0xaa,0x11,
  0xa0,0x88,0x20,0xc0,0x20,0x00,0x89,0x09,0x91,0xc8,0xfe,0xa2,0xa4,0x00,0xc0,0x20,
  0x00,0x88,0x09,0x4c,0x0b,0xa0,0x88,0x20,0xc0,0x20,0x00,0x89,0x09,0x81,0xc3,0xfe,
  0x0c,0x1a,0xc0,0x20,0x00,0x98,0x08,0x40,0xaa,0x01,0xa0,0x99,0x20,0xc0,0x20,0x00,
  0x99,0x08,0xc0,0x20,0x00,0x98,0x08,0xa1,0xbe,0xfe,0xc1,0xc3,0xfe,0xa0,0x99,0x10,
  0xc0,0x20,0x00,0x99,0x08,0x91,0xbb,0xfe,0xa1,0xbc,0xfe,0xc0,0x20,0x00,0x88,0x09,
  0x0c,0x3d,0xa0,0x88,0x10,0x0c,0x1a,0xa0,0xaa,0x01,0xa0,0x88,0x20,0xc0,0x20,0x00,
  0x89,0x09,0x81,0xb6,0xfe,0x30,0xdd,0x01,0xc0,0x20,0x00,0xa8,0x08,0x0c,0x1f,0xb0,
  0xaa,0x20,0xc0,0x20,0x00,0xa9,0x08,0xc0,0x20,0x00,0xa8,0x09,0x0c,0x1b,0xc0,0xbb,
  0x01,0xb0,0xaa,0x20,0xc0,0x20,0x00,0xa9,0x09,0xc0,0x20,0x00,0xa8,0x09,0xb2,0xaf,
  0x00,0xb0,0xaa,0x10,0x0c,0x3b,0xb0,0xaa,0x20,0xc0,0x20,0x00,0xa9,0x09,0xc0,0x20,
  0x00,0x98,0x08,0xa2,0xa0,0x7f,0xa2,0xda,0x80,0xa0,0x99,0x10,0xa2,0xa1,0x80,0xa0,
  0x99,0x20,0xc0,0x20,0x00,0x99,0x08,0x91,0xa2,0xfe,0xb1,0xa2,0xfe,0xc0,0x20,0x00,
  0xa8,0x09,0x0c,0x4e,0xb0,0xaa,0x10,0x2c,0x3b,0x30,0xbb,0x11,0xb0,0xaa,0x20,0xc0,
  0x20,0x00,0xa9,0x09,0xc0,0x20,0x00,0xa8,0x08,0x7c,0xeb,0xb0,0xaa,0x10,0xc0,0x20,
  0x00,0xa9,0x08,0xc0,0x20,0x00,0xa8,0x0c,0xd0,0xaa,0x20,0xc0,0x20,0x00,0xa9,0x0c,
  0xc0,0x20,0x00,0xa8,0x09,0xc1,0x98,0xfe,0xb0,0xaa,0x10,0xc0,0x20,0x00,0xa9,0x09,
  0xc0,0x20,0x00,0xa8,0x08,0x6c,0x7b,0xb0,0xaa,0x10,0x0c,0x8b,0xb0,0xaa,0x20,0xc0,
  0x20,0x00,0xa9,0x08,0xc0,0x20,0x00,0xa8,0x08,0xb1,0x8c,0xfe,0x0c,0x4d,0xb0,0xaa,
  0x10,0xc0,0x20,0x00,0xa9,0x08,0xb1,0x8b,0xfe,0xa1,0x89,0xfe,0xc0,0x20,0x00,0xb9,
  0x0a,0xc0,0x20,0x00,0xa8,0x08,0xc0,0xaa,0x10,0xc0,0x20,0x00,0xa9,0x08,0x81,0x87,
  0xfe,0xa1,0x87,0xfe,0xc0,0x20,0x00,0xb9,0x08,0xc0,0x20,0x00,0x88,0x0a,0x7c,0xfb,
  0x10,0xbb,0x01,0xb0,0x88,0x20,0xc0,0x20,0x00,0x89,0x0a,0xa1,0x82,0xfe,0xb2,0xaf,
  0xdf,0xc0,0x20,0x00,0x88,0x0a,0x0c,0x7c,0x8a,0x88,0x80,0x81,0x41,0xc0,0x20,0x00,
  0x89,0x0a,0x81,0x7d,0xfe,0xc0,0x20,0x00,0xa8,0x08,0xb0,0xaa,0x10,0xc0,0x20,0x00,
  0xa9,0x08,0xc0,0x20,0x00,0xa8,0x08,0x7c,0xfb,0xb2,0xdb,0xf0,0xb0,0xaa,0x10,0xc0,
  0x20,0x00,0xa9,0x08,0xa1,0x76,0xfe,0xb1,0x76,0xfe,0xc0,0x20,0x00,0x88,0x0a,0xb0,
  0x88,0x10,0x0c,0xdb,0xd0,0xbb,0x01,0xb0,0x88,0x20,0xc0,0x20,0x00,0x89,0x0a,0xc0,
  0x20,0x00,0x88,0x0a,0xb1,0x70,0xfe,0xb0,0x88,0x10,0x0c,0xdb,0x20,0xbb,0x11,0xb0,
  0x88,0x20,0xc0,0x20,0x00,0x89,0x0a,0xc0,0x20,0x00,0x88,0x09,0x0c,0x1a,0x50,0xaa,
  0x11,0xa0,0x88,0x20,0xc0,0x20,0x00,0x89,0x09,0xc0,0x20,0x00,0x88,0x09,0x0c,0x1a,
  0x80,0xaa,0x01,0xa0,0x88,0x20,0xc0,0x20,0x00,0x89,0x09,0x0c,0x1b,0xa2,0xa0,0x69,
  0x81,0x62,0xfe,0xe0,0x08,0x00,0x0c,0x1f,0x0c,0x2e,0x0c,0x2d,0x0c,0x7c,0xb2,0xa0,
  0x01,0xa2,0xa0,0x69,0x81,0x5d,0xfe,0xe0,0x08,0x00,0x0c,0x0f,0x0c,0x3e,0x0c,0x3d,
  0x0c,0x7c,0x0c,0x1b,0xa2,0xa0,0x69,0x81,0x58,0xfe,0xe0,0x08,0x00,0x0c,0x0f,0x0c,
  0x0e,0x0c,0x1d,0x0c,0x7c,0x0c,0x1b,0xa2,0xa0,0x69,0x81,0x53,0xfe,0xe0,0x08,0x00,
  0x1d,0xf0,0x00,0x00,0x36,0x41,0x00,0x81,0x51,0xfe,0x72,0x28,0x00,0xe5,0x02,0x03,
  0xa2,0x67,0x00,0x90,0x00,0x00,0x00,0x00,0x36,0x41,0x00,0x0c,0x1a,0x25,0x1c,0x03,
  0x65,0x19,0x03,0xa5,0x0f,0x03,0x0c,0x0d,0xc2,0xa0,0x00,0xb2,0xa0,0x00,0xa2,0xa0,
  0x7a,0xe5,0xe7,0x02,0x71,0x46,0xfe,0xa2,0x27,0x00,0x81,0x5c,0xfe,0xe0,0x08,0x00,
  0xe5,0xe8,0x02,0xe5,0x0b,0x03,0xcc,0x1a,0xa5,0x39,0x00,0x51,0x53,0xfe,0x61,0x41,
  0xfe,0x82,0x05,0x03,0x80,0x80,0x34,0x26,0x18,0x10,0x0c,0xf9,0x61,0x40,0xfe,0x97,
  0x18,0x08,0x61,0x3b,0xfe,0x16,0x28,0x00,0x61,0x3c,0xfe,0xa5,0x44,0x03,0x41,0x4b,
  0xfe,0xbd,0x0a,0xa1,0x4b,0xfe,0xdd,0x06,0xcd,0x04,0x81,0xf1,0xfd,0xe0,0x08,0x00,
  0x65,0x8e,0x03,0x61,0x39,0xfe,0x26,0x2a,0x0e,0xb6,0x3a,0x02,0x06,0x2c,0x00,0x61,
  0x34,0xfe,0x16,0x2a,0x00,0x61,0x33,0xfe,0xa5,0x41,0x03,0xa0,0xba,0x20,0xa1,0x41,
  0xfe,0x60,0xd6,0x20,0x40,0xc4,0x20,0x81,0xe6,0xfd,0xe0,0x08,0x00,0x82,0x05,0x03,
  0x61,0x36,0xfe,0x80,0x84,0x34,0x26,0x48,0x1a,0xb6,0x58,0x02,0x06,0x26,0x00,0x61,
  0x30,0xfe,0x26,0x28,0x0e,0x61,0x2f,0xfe,0x26,0x38,0x08,0x61,0x2c,0xfe,0x56,0x28,
  0x00,0x61,0x29,0xfe,0xe5,0x3d,0x03,0xbd,0x0a,0xa1,0x33,0xfe,0xdd,0x06,0xcd,0x04,
  0x81,0xd8,0xfd,0xe0,0x08,0x00,0x0c,0x2b,0x0c,0x1a,0xe5,0xe0,0x04,0x82,0x05,0x03,
  0x1c,0x0b,0x80,0x84,0x34,0x26,0x48,0x17,0xb6,0x58,0x02,0x86,0x1e,0x00,0x0c,0x4b,
  0x26,0x28,0x0c,0x0c,0x8b,0x26,0x38,0x07,0xb2,0xa0,0x02,0x0c,0x19,0x80,0xb9,0x83,
  0x88,0x07,0x7c,0xff,0xa8,0x08,0x0c,0x1d,0x0c,0x1c,0xf0,0xf0,0xf5,0xe2,0xa1,0x00,
  0x40,0xdd,0x11,0x00,0xcc,0x11,0xc0,0xbb,0x01,0x81,0x21,0xfe,0xe0,0x08,0x00,0x0c,
  0x2b,0xa2,0xa0,0x01,0xa5,0xde,0x04,0xe5,0x81,0x03,0x0c,0x02,0x1d,0xf0,0x00,0x00,
  0x61,0x0b,0xfe,0x66,0x3a,0x02,0x86,0xd3,0xff,0x61,0x09,0xfe,0x66,0x4a,0x02,0x46,
  0xd1,0xff,0x61,0x08,0xfe,0xc6,0xcf,0xff,0x61,0x0e,0xfe,0x66,0x68,0x02,0x86,0xdc,
  0xff,0x61,0x0c,0xfe,0x66,0x78,0x02,0x46,0xda,0xff,0x61,0x04,0xfe,0x26,0x58,0x02,
  0x06,0xd8,0xff,0x61,0x06,0xfe,0x86,0xd6,0xff,0x4c,0x0b,0x26,0x68,0x91,0xb2,0xa0,
  0x80,0x26,0x78,0x8b,0x0c,0x2b,0x26,0x58,0x02,0xc6,0xe0,0xff,0x2c,0x0b,0x86,0xdf,
  0xff,0x00,0x00,0x00,0x36,0x41,0x00,0xa1,0xaf,0xfd,0xc1,0xaf,0xfd,0x0c,0x0b,0xa0,
  0xcc,0xc0,0x81,0xa6,0xfd,0xe0,0x08,0x00,0x1d,0xf0,0x00,0x00,0x36,0x41,0x00,0xb1,
  0xfa,0xfd,0xd2,0xa0,0x01,0xc2,0xa0,0x18,0x0c,0x0a,0x65,0x5b,0x03,0x2d,0x0a,0x9c,
  0x1a,0x25,0x2f,0x03,0xbd,0x0a,0xc1,0xfb,0xfd,0xa1,0xfb,0xfd,0x7c,0xf2,0x81,0x9c,
  0xfd,0xe0,0x08,0x00,0x1d,0xf0,0x00,0x00,0x36,0x41,0x00,0xa5,0x18,0x03,0xa0,0x6a,
  0x20,0x25,0x2d,0x03,0x71,0xf6,0xfd,0xa0,0xba,0x20,0x70,0xd6,0xa2,0xc1,0xf1,0xfd,
  0xd0,0xd5,0x41,0xd0,0x8d,0xa0,0x80,0x88,0xa0,0xe0,0x88,0x11,0xa1,0xf1,0xfd,0x80,
  0xe6,0xc0,0x81,0x8f,0xfd,0xe0,0x08,0x00,0x25,0x17,0x03,0xa0,0x6a,0x20,0x65,0x2a,
  0x03,0x70,0xd6,0xa2,0xc1,0xe8,0xfd,0xd0,0xd5,0x41,0xd0,0x8d,0xa0,0x80,0x88,0xa0,
  0xe0,0x88,0x11,0xbd,0x0a,0xa1,0xe7,0xfd,0x80,0xe6,0xc0,0x81,0x85,0xfd,0xe0,0x08,
  0x00,0xa1,0xd9,0xfd,0x0c,0x0b,0xa5,0x42,0x03,0x0c,0x12,0xa0,0x2a,0x83,0x20,0x20,
  0x60,0x1d,0xf0,0x00,0x36,0x61,0x00,0x82,0xa0,0x00,0x82,0x61,0x02,0x81,0x7d,0xfd,
  0xa2,0xc1,0x08,0x89,0x31,0x81,0xdd,0xfd,0xe0,0x08,0x00,0x0c,0x0b,0x8b,0xa1,0x81,
  0xdc,0xfd,0xe0,0x08,0x00,0x8b,0xa1,0x81,0xdb,0xfd,0xe0,0x08,0x00,0x0c,0x0d,0x0c,
  0x0c,0x0c,0x0b,0x8b,0xa1,0x81,0xd8,0xfd,0xe0,0x08,0x00,0xa5,0xec,0x04,0x7d,0x0a,
  0x8b,0xa1,0x81,0xd2,0xfd,0xe0,0x08,0x00,0x0c,0x9c,0x70,0xcc,0x82,0x0c,0x4d,0x0c,
  0x0b,0x8b,0xa1,0x81,0xd2,0xfd,0xe0,0x08,0x00,0x8b,0xa1,0x81,0xd1,0xfd,0xe0,0x08,
  0x00,0x8b,0xa1,0x81,0xcc,0xfd,0xe0,0x08,0x00,0x81,0xc7,0xfd,0xad,0x01,0x98,0x08,
  0x88,0x18,0x99,0x01,0x89,0x11,0x81,0xc5,0xfd,0xe0,0x08,0x00,0xad,0x01,0x0c,0x0b,
  0x81,0xc4,0xfd,0xe0,0x08,0x00,0xad,0x01,0x81,0xc3,0xfd,0xe0,0x08,0x00,0x1d,0xf0,
  0x36,0x41,0x00,0x25,0x1e,0x03,0xbd,0x0a,0xc1,0xb7,0xfd,0xa1,0xc2,0xfd,0x81,0x58,
  0xfd,0xe0,0x08,0x00,0xa5,0xad,0xff,0x1d,0xf0,0x00,0x00,0x00,0x36,0x41,0x00,0xe5,
  0x25,0x00,0x7d,0x0a,0xe5,0x1b,0x03,0x61,0xaf,0xfd,0xbd,0x0a,0xa1,0xbb,0xfd,0x8b,
  0xd7,0xcd,0x06,0x81,0x4f,0xfd,0xe0,0x08,0x00,0xa5,0x1a,0x03,0xbd,0x0a,0xa1,0xb7,
  0xfd,0xcd,0x06,0xd2,0xc7,0x28,0x81,0x4a,0xfd,0xe0,0x08,0x00,0x65,0x19,0x03,0xbd,
  0x0a,0xa1,0xb3,0xfd,0xcd,0x06,0x81,0x46,0xfd,0xe0,0x08,0x00,0x1d,0xf0,0x00,0x00,
  0x36,0x61,0x00,0xe5,0x36,0x00,0xa2,0xa0,0x00,0x81,0x6d,0xfd,0xe0,0x08,0x00,0x65,
  0x40,0x05,0xa5,0xe6,0x04,0x82,0xa3,0xe8,0x80,0x88,0x82,0xb1,0xad,0xfd,0x80,0x7a,
  0x82,0xc1,0xac,0xfd,0xba,0xa7,0xd2,0xa0,0x00,0xb0,0xba,0x62,0x81,0xab,0xfd,0xe0,
  0x08,0x00,0x0b,0xba,0x82,0xa0,0xff,0xb7,0x38,0x75,0xc0,0x9a,0x11,0xa0,0x99,0xc0,
  0xc0,0x89,0x11,0x90,0x88,0xc0,0x91,0x9f,0xfd,0x70,0x88,0x11,0xc0,0x77,0x11,0x80,
  0x77,0xc2,0xc0,0x20,0x00,0x88,0x59,0x70,0xa4,0xb4,0x80,0x8c,0x41,0x40,0x88,0x11,
  0xa0,0x88,0x20,0xc0,0x20,0x00,0x89,0x59,0xc0,0x20,0x00,0x88,0x59,0xa1,0x96,0xfd,
  0x70,0x70,0x34,0xa0,0x88,0x10,0xc0,0x77,0x01,0x70,0x88,0x20,0xc0,0x20,0x00,0x89,
  0x59,0xc0,0x20,0x00,0x82,0x29,0x1e,0xa1,0x91,0xfd,0xc0,0x20,0x00,0x89,0x01,0xc0,
  0x20,0x00,0x88,0x01,0xb0,0xb0,0x74,0x40,0xbb,0x11,0xa0,0x88,0x10,0xb0,0x88,0x20,
  0xc0,0x20,0x00,0x89,0x01,0xc0,0x20,0x00,0x88,0x01,0xc0,0x20,0x00,0x82,0x69,0x1e,
  0x1d,0xf0,0x00,0x00,0x36,0x41,0x00,0x61,0x59,0xfd,0x32,0xa0,0x00,0xa2,0x26,0x00,
  0x81,0x6f,0xfd,0xe0,0x08,0x00,0x82,0x26,0x00,0x41,0x84,0xfd,0x51,0x85,0xfd,0xb8,
  0x08,0xc2,0x04,0x00,0x88,0x05,0xb0,0xd0,0x75,0x0b,0xcc,0xb0,0xb0,0xf4,0x30,0x73,
  0xb0,0x7a,0x77,0xc7,0xb3,0x5c,0x92,0x08,0x04,0xd7,0x19,0x02,0x06,0x40,0x00,0x92,
  0x08,0x06,0xa2,0x08,0x05,0x80,0x99,0x11,0xa0,0x99,0x20,0xa2,0x08,0x08,0xe2,0x08,
  0x07,0x80,0xaa,0x11,0x90,0x9b,0x30,0xe0,0xaa,0x20,0xa7,0x09,0x02,0xc6,0x37,0x00,
  0x25,0x07,0x03,0x88,0x05,0xbd,0x0a,0x7a,0x88,0xc2,0x08,0x01,0x92,0x08,0x00,0x80,
  0xcc,0x11,0x90,0xcc,0x20,0x92,0x08,0x02,0xd2,0x08,0x03,0x00,0x99,0x11,0xc0,0x99,
  0x20,0x80,0xdd,0x01,0xc1,0x6c,0xfd,0xa1,0x6c,0xfd,0x90,0xdd,0x20,0x81,0xf4,0xfc,
  0xe0,0x08,0x00,0x82,0x04,0x00,0x0b,0x88,0x37,0x98,0x10,0xa5,0x03,0x03,0xbd,0x0a,
  0xc1,0x65,0xfd,0xa1,0x66,0xfd,0x81,0xee,0xfc,0xe0,0x08,0x00,0x88,0x05,0x0c,0x15,
  0x7a,0x88,0xa2,0x08,0x0a,0x92,0x08,0x09,0x80,0xaa,0x11,0x90,0xaa,0x20,0x92,0x08,
  0x0b,0x72,0x08,0x0c,0x00,0x99,0x11,0xa0,0x99,0x20,0x80,0x77,0x01,0xa2,0x08,0x0e,
  0x90,0x77,0x20,0x92,0x08,0x0d,0x80,0xaa,0x11,0x90,0xaa,0x20,0x92,0x08,0x0f,0x42,
  0x08,0x10,0x00,0x99,0x11,0xa0,0x99,0x20,0xa8,0x06,0x22,0x08,0x11,0x80,0x44,0x01,
  0x90,0x44,0x20,0x81,0x36,0xfd,0xe0,0x08,0x00,0xe0,0x07,0x00,0x00,0x12,0x40,0x00,
  0x55,0xa1,0x3d,0x0a,0x57,0x8a,0x40,0x0c,0x0d,0x0c,0x0c,0x0c,0x0b,0x0c,0x6a,0x25,
  0x9c,0x02,0x50,0xa3,0x20,0xe0,0x04,0x00,0xa2,0x26,0x00,0x81,0x2c,0xfd,0xe0,0x08,
  0x00,0xe0,0x07,0x00,0xa7,0x85,0x20,0xe5,0xfa,0x02,0xbd,0x0a,0xc1,0x42,0xfd,0xa1,
  0x44,0xfd,0x81,0xcb,0xfc,0xe0,0x08,0x00,0x25,0x7a,0x04,0xa5,0x7e,0x04,0x1d,0xf0,
  0x1b,0x33,0x82,0xc8,0x12,0x46,0xb9,0xff,0x0c,0x0a,0x81,0x3e,0xfd,0xe0,0x08,0x00,
  0x81,0x3e,0xfd,0xe0,0x08,0x00,0x7d,0x0a,0x81,0x3d,0xfd,0xe0,0x08,0x00,0xbd,0x0a,
  0x70,0xa0,0x74,0x81,0x3b,0xfd,0xe0,0x08,0x00,0xc6,0xf2,0xff,0x36,0x41,0x00,0x21,
  0x39,0xfd,0x1d,0xf0,0x36,0x81,0x00,0xb1,0x38,0xfd,0x1c,0x4c,0x10,0xa1,0x20,0x81,
  0x37,0xfd,0xe0,0x08,0x00,0x6d,0x01,0x0c,0x07,0xa2,0x26,0x00,0xb2,0xa0,0x00,0x1b,
  0x77,0x25,0x15,0x00,0x4b,0x66,0x66,0x57,0xef,0x0c,0x1b,0x0c,0x1a,0x65,0x14,0x00,
  0x1d,0xf0,0x00,0x00,0x36,0xa1,0x00,0xa1,0x2e,0xfd,0xb1,0x2e,0xfd,0xc0,0x20,0x00,
  0x98,0x0a,0x30,0x83,0x74,0xb0,0x99,0x10,0x20,0x88,0x11,0x29,0x81,0x39,0x91,0x90,
  0x88,0x20,0xc0,0x20,0x00,0x89,0x0a,0xa1,0xd4,0xfc,0x88,0x91,0xb1,0x27,0xfd,0xc0,
  0x20,0x00,0x98,0x0a,0x80,0x8b,0x74,0xb0,0x99,0x10,0xf0,0x88,0x01,0x90,0x88,0x20,
  0xc0,0x20,0x00,0x89,0x0a,0xa2,0x21,0x08,0xa0,0xa6,0x75,0x65,0x18,0x05,0xa8,0x91,
  0xa0,0xa0,0x24,0xa5,0x1c,0x05,0x81,0x1d,0xfd,0xa2,0xa3,0xff,0xc0,0x20,0x00,0x98,
  0x08,0x80,0xaa,0x11,0xa0,0x99,0x20,0xc0,0x20,0x00,0x99,0x08,0xc0,0x20,0x00,0x98,
  0x08,0xa1,0x17,0xfd,0x72,0x01,0x20,0xa0,0x99,0x10,0xc0,0x20,0x00,0x99,0x08,0x0c,
  0x0a,0x81,0xbb,0xfc,0xe0,0x08,0x00,0xad,0x07,0x65,0x10,0x05,0xa2,0xa3,0xe8,0xa0,
  0xaa,0x82,0xa0,0xa7,0x82,0x25,0x12,0x05,0xa2,0xc1,0x10,0x65,0xc2,0x04,0x78,0x81,
  0xbd,0x01,0x70,0x78,0x94,0xad,0x07,0x68,0x71,0xe5,0xbb,0x04,0xdc,0x2a,0x65,0xe8,
  0x02,0xbd,0x0a,0xc1,0x08,0xfd,0xa1,0x08,0xfd,0x81,0x81,0xfc,0xe0,0x08,0x00,0x25,
  0xb0,0x03,0x10,0xa1,0x20,0xe5,0xed,0x04,0xa0,0xea,0x03,0x70,0xba,0xa2,0x70,0xaa,
  0x82,0x60,0xc6,0x20,0xd2,0xa0,0x00,0x81,0xec,0xfc,0xe0,0x08,0x00,0xa0,0xea,0x13,
  0xb8,0x81,0x0c,0x18,0xb0,0xb4,0x15,0xc0,0xbb,0x01,0xc0,0x88,0x01,0x87,0x9b,0x1d,
  0x0c,0x1a,0x65,0x8e,0x04,0x0c,0x0b,0x0c,0x1a,0xe5,0x9a,0x04,0xa8,0x81,0xa0,0xa2,
  0x15,0xe5,0xad,0x04,0xa8,0x81,0xa0,0xa4,0x15,0xe5,0xa1,0x04,0x1d,0xf0,0x0c,0x18,
  0xb0,0x88,0x01,0x80,0xbb,0xc0,0xb0,0xfb,0x40,0xb0,0xb5,0x41,0xc6,0xf5,0xff,0x00,
  0x36,0x41,0x00,0x81,0xee,0xfc,0x91,0xee,0xfc,0x99,0x08,0x91,0xee,0xfc,0x82,0xa0,
  0x01,0x82,0x49,0x00,0x91,0xed,0xfc,0x82,0x49,0x00,0x81,0xec,0xfc,0xe0,0x08,0x00,
  0x1d,0xf0,0x00,0x00,0x36,0x41,0x00,0x30,0x22,0x01,0x26,0x23,0x1e,0xf6,0x33,0x14,
  0x0c,0x08,0xcc,0x63,0x0c,0xf8,0x80,0x62,0x50,0x00,0x20,0x00,0x80,0xe2,0x50,0x30,
  0x20,0x00,0x06,0x01,0x00,0x0c,0x28,0x26,0x33,0xf1,0x1d,0xf0,0x0c,0x38,0x80,0x62,
  0x50,0x00,0x20,0x00,0x86,0xfc,0xff,0x00,0x00,0x00,0x00,0x00,0x00,0x00,0x00,0x00,
  0x00,0x00,0x00,0x00,0x00,0x00,0x00,0x00,0x00,0xb7,0x3c,0x40,0x14,0x30,0x00,0x00,
  0x08,0x2b,0xce,0x3f,0x6c,0x3d,0xce,0x3f,0x50,0x2b,0xce,0x3f,0x63,0x2b,0xce,0x3f,
  0x00,0x20,0x00,0x60,0xff,0xff,0xff,0xbf,0xe4,0xff,0xce,0x3f,0xff,0xff,0xff,0xdf,
  0xff,0xff,0xff,0xf7,0xff,0xff,0xff,0xef,0x58,0x20,0x00,0x60,0xf4,0x11,0x00,0x40,
  0x60,0x09,0x00,0x40,0x72,0x2b,0xce,0x3f,0x51,0x3d,0xce,0x3f,0xd8,0x21,0x00,0x40,
  0xbd,0x29,0xce,0x3f,0x85,0x2b,0xce,0x3f,0xa9,0x2b,0xce,0x3f,0xd0,0x05,0x00,0x40,
  0x00,0x06,0x00,0x40,0x00,0x70,0x00,0x60,0x18,0x30,0x00,0x60,0x10,0x30,0x00,0x60,
  0xff,0xff,0xff,0x81,0x08,0x30,0x00,0x60,0x08,0x00,0x0c,0x00,0x08,0x20,0x00,0x60,
  0x74,0x1f,0x00,0x40,0xa4,0x1f,0x00,0x40,0x18,0x1b,0x00,0x40,0x40,0x1a,0x00,0x40,
  0x1f,0x85,0xeb,0x51,0xed,0x37,0xce,0x3f,0xf7,0x37,0xce,0x3f,0xfd,0xff,0x00,0x00,
  0x42,0x38,0xce,0x3f,0x98,0x1c,0x00,0x40,0xff,0xff,0x00,0x00,0x8d,0x38,0xce,0x3f,
  0xd9,0x38,0xce,0x3f,0x25,0x39,0xce,0x3f,0x00,0x27,0xce,0x3f,0xce,0x29,0xce,0x3f,
  0xfa,0x29,0xce,0x3f,0x27,0x2a,0xce,0x3f,0x44,0x2a,0xce,0x3f,0x88,0x2a,0xce,0x3f,
  0xc8,0x2a,0xce,0x3f,0xf8,0x28,0xce,0x3f,0x00,0x00,0xff,0x3d,0x20,0x0a,0x00,0x40,
  0xfc,0x09,0x00,0x40,0x08,0x0a,0x00,0x40,0xcd,0x2b,0xce,0x3f,0x14,0x2c,0xce,0x3f,
  0x56,0x2c,0xce,0x3f,0x6c,0x09,0x00,0x40,0x14,0x0a,0x00,0x40,0x00,0x30,0x00,0x60,
  0x5a,0x39,0xce,0x3f,0x0a,0x3e,0xce,0x3f,0x91,0x39,0xce,0x3f,0x7c,0x50,0x03,0x60,
  0x3c,0x88,0x00,0x60,0xff,0xff,0xff,0x9f,0x10,0x88,0x00,0x60,0x04,0x00,0x04,0x60,
  0xff,0xff,0xff,0xfe,0x18,0x00,0x0c,0x60,0x20,0x00,0x0c,0x60,0x6c,0x5d,0x00,0x40,
  0x96,0x2c,0xce,0x3f,0x34,0x29,0xce,0x3f,0xa7,0x2c,0xce,0x3f,0xcc,0x2c,0xce,0x3f,
  0xf6,0x2c,0xce,0x3f,0xff,0xff,0xff,0x41,0xff,0xff,0xff,0x43,0xff,0xff,0xff,0x3b,
  0xff,0xff,0xff,0x3d,0x64,0x40,0x0c,0x60,0x04,0x40,0x0c,0x60,0x1f,0x2d,0xce,0x3f,
  0xff,0xff,0xff,0x01,0x52,0x2d,0xce,0x3f,0x57,0x2d,0xce,0x3f,0xab,0x2d,0xce,0x3f,
  0xb0,0x2d,0xce,0x3f,0x01,0x27,0xce,0x3f,0xe7,0x2d,0xce,0x3f,0x21,0x2e,0xce,0x3f,
  0xe8,0x11,0x00,0x40,0x53,0x2e,0xce,0x3f,0x5c,0x2e,0xce,0x3f,0x64,0x2e,0xce,0x3f,
  0x77,0x2e,0xce,0x3f,0x8f,0x2e,0xce,0x3f,0x97,0x2e,0xce,0x3f,0xa3,0x2e,0xce,0x3f,
  0xab,0x2e,0xce,0x3f,0xb7,0x2e,0xce,0x3f,0xc0,0x2e,0xce,0x3f,0xcd,0x2e,0xce,0x3f,
  0xd3,0x2e,0xce,0x3f,0xdc,0x2e,0xce,0x3f,0xe6,0x2e,0xce,0x3f,0xfa,0x2e,0xce,0x3f,
  0x0e,0x2f,0xce,0x3f,0x00,0x0c,0x00,0x00,0x00,0x80,0x00,0x00,0x1d,0x2f,0xce,0x3f,
  0x4d,0x2f,0xce,0x3f,0x7b,0x2f,0xce,0x3f,0x99,0x2f,0xce,0x3f,0xe1,0x2f,0xce,0x3f,
  0x14,0x30,0xce,0x3f,0xd8,0x06,0x00,0x40,0x38,0x30,0xce,0x3f,0x77,0x30,0xce,0x3f,
  0xb8,0x30,0xce,0x3f,0x60,0x12,0x00,0x40,0x10,0x27,0xce,0x3f,0xec,0x1c,0x00,0x40,
  0x10,0x1d,0x00,0x40,0x36,0x36,0xce,0x3f,0xe3,0x3d,0xce,0x3f,0x6d,0x36,0xce,0x3f,
  0x7e,0x36,0xce,0x3f,0x34,0x1d,0x00,0x40,0xca,0x3d,0xce,0x3f,0x40,0x1d,0x00,0x40,
  0x90,0x06,0x00,0x40,0xa9,0x37,0xce,0x3f,0x1c,0xd0,0x3c,0x40,0xcb,0x37,0xce,0x3f,
  0x0c,0x20,0x10,0x00,0x48,0x81,0x00,0x60,0xb4,0x80,0x00,0x60,0xff,0xff,0xfd,0xff,
  0x34,0x80,0x00,0x60,0xff,0xff,0xef,0xff,0x24,0x32,0xce,0x3f,0x2e,0x32,0xce,0x3f,
  0x66,0x32,0xce,0x3f,0x04,0x27,0xce,0x3f,0xb1,0x32,0xce,0x3f,0xed,0x32,0xce,0x3f,
  0x94,0x3d,0xce,0x3f,0x27,0x33,0xce,0x3f,0x39,0x33,0xce,0x3f,0x00,0x80,0x37,0x40,
  0x00,0x00,0x3e,0x40,0x00,0x80,0xc8,0x3f,0x00,0x00,0xcf,0x3f,0x47,0x33,0xce,0x3f,
  0x61,0x33,0xce,0x3f,0x7a,0x33,0xce,0x3f,0x8f,0x33,0xce,0x3f,0xa6,0x33,0xce,0x3f,
  0xb4,0x3d,0xce,0x3f,0xe3,0x33,0xce,0x3f,0x00,0x80,0x37,0xc0,0xff,0x7f,0x07,0x00,
  0xff,0x7f,0x37,0xc0,0x10,0xb7,0xce,0x3f,0x5c,0x3e,0xce,0x3f,0x00,0x27,0xce,0x3f,
  0xff,0x7f,0x06,0x00,0x00,0x00,0x6f,0x00,0x00,0x00,0xc9,0xbf,0xff,0xff,0x06,0x00,
  0xff,0xff,0xc8,0xbf,0x14,0xe7,0x3c,0x40,0x00,0xb7,0x3c,0x40,0x00,0x00,0x91,0xff,
  0xff,0x7f,0xc8,0xbf,0x00,0x20,0xf0,0x9f,0xff,0x1f,0xf0,0x9f,0xff,0xff,0xff,0xaf,
  0xf6,0x33,0xce,0x3f,0x28,0x34,0xce,0x3f,0x7c,0x05,0x00,0x40,0x6a,0x34,0xce,0x3f,
  0x6f,0x34,0xce,0x3f,0xca,0x37,0xce,0x3f,0x73,0x34,0xce,0x3f,0xa8,0x34,0xce,0x3f,
  0xd2,0x34,0xce,0x3f,0x1b,0x35,0xce,0x3f,0x61,0x35,0xce,0x3f,0x8e,0x35,0xce,0x3f,
  0x08,0x27,0xce,0x3f,0xc0,0x35,0xce,0x3f,0xe6,0x35,0xce,0x3f,0xf6,0x35,0xce,0x3f,
  0x28,0x36,0xce,0x3f,0x0c,0x12,0x00,0x40,0xf7,0x30,0xce,0x3f,0x03,0x31,0xce,0x3f,
  0x5d,0x31,0xce,0x3f,0x8b,0x31,0xce,0x3f,0xaf,0x31,0xce,0x3f,0xe3,0x31,0xce,0x3f,
  0xaa,0x50,0x00,0x00,0xeb,0xeb,0x00,0x00,0x5c,0x1c,0x00,0x40,0x68,0x1c,0x00,0x40,
  0x74,0x1c,0x00,0x40,0x18,0x20,0xc2,0x00,0x18,0x20,0x00,0x60,0x38,0x3e,0xce,0x3f,
  0x10,0x28,0xce,0x3f,0x00,0x50,0x0c,0x60,0x68,0x16,0x00,0x40,0xff,0xff,0xff,0xbd,
  0xff,0xff,0xff,0xc3,0x00,0x14,0x03,0x18,0x4c,0x40,0x0c,0x60,0x0c,0x28,0xce,0x3f,
  0xa0,0x40,0x0c,0x60,0x78,0x18,0x00,0x40,0x90,0x18,0x00,0x40,0x6c,0x18,0x00,0x40,
  0x84,0x18,0x00,0x40,0xc0,0x84,0x00,0x60,0xc4,0x84,0x00,0x60,0x60,0x80,0x00,0x60,
  0xff,0xff,0x7f,0xff,0xff,0xff,0xf1,0xff,0xff,0x1f,0xff,0xff,0xff,0xff,0xfe,0xff,
  0x74,0x80,0x00,0x60,0x1c,0x80,0x00,0x60,0x40,0x13,0x02,0x00,0x07,0x0b,0x01,0x00,
  0xc0,0x80,0x00,0x60,0x3f,0x3c,0xce,0x3f,0x47,0x3c,0xce,0x3f,0x60,0x00,0x0c,0x60,
  0x82,0x3c,0xce,0x3f,0x10,0x00,0x0c,0x60,0x67,0x66,0x66,0x66,0x04,0x29,0xce,0x3f,
  0x08,0x29,0xce,0x3f,0xfc,0x81,0x00,0x60,0xff,0x1f,0xf8,0xff,0x04,0x28,0xce,0x3f,
  0x00,0xb4,0xc4,0x04,0xfc,0x28,0xce,0x3f,0x00,0x29,0xce,0x3f,0x4c,0x1a,0x00,0x40,
  0x00,0x28,0xce,0x3f,0x00,0x80,0x00,0x60,0x08,0x28,0xce,0x3f,0x40,0xe0,0x00,0x60,
  0xb3,0x3c,0xce,0x3f,0x21,0x3e,0xce,0x3f,0x02,0x3d,0xce,0x3f,0x60,0x5d,0x00,0x40,
  0x01,0x00,0x01,0x00,0x78,0x80,0x00,0x60,0xff,0xff,0xbf,0xff,0xff,0xff,0x7f,0x80,
  0x00,0x00,0x0c,0x60,0x00,0xf0,0x01,0x60,0x36,0x81,0x00,0x60,0xc0,0x74,0x72,0x61,
  0x04,0x82,0xa0,0x20,0x62,0x01,0x40,0x30,0xa3,0x20,0xbd,0x04,0x20,0xd0,0x74,0x50,
  0x50,0x74,0xc7,0xb8,0x0e,0xd1,0xee,0xfe,0xc1,0xef,0xfe,0xb2,0xa3,0x03,0xa1,0xee,
  0xfe,0x25,0x4b,0x01,0x67,0xb8,0x0c,0xd1,0xed,0xfe,0xc1,0xea,0xfe,0xb2,0xa3,0x04,
  0x86,0xfa,0xff,0x00,0x71,0xeb,0xfe,0x0c,0x09,0xc0,0x20,0x00,0x88,0x27,0xc0,0x20,
  0x00,0x38,0x67,0xc0,0x20,0x00,0x48,0x77,0xc0,0x20,0x00,0x28,0x87,0xc0,0x20,0x00,
  0x99,0x27,0xc0,0x20,0x00,0x98,0x27,0x0c,0x1e,0xb0,0xee,0x01,0xe0,0x99,0x20,0xc0,
  0x20,0x00,0x99,0x27,0xc0,0x20,0x00,0x98,0x67,0x7c,0xfe,0x10,0xee,0x01,0xe0,0x99,
  0x20,0xc0,0x20,0x00,0x99,0x67,0xc0,0x20,0x00,0x98,0x87,0x7c,0xde,0xc0,0x20,0x00,
  0x99,0x11,0xc0,0x20,0x00,0x98,0x11,0x90,0x90,0xf5,0x00,0x99,0x11,0xd0,0x99,0x20,
  0xc0,0x20,0x00,0x99,0x11,0xc0,0x20,0x00,0x98,0x11,0x0c,0x7d,0xc0,0x20,0x00,0x99,
  0x87,0xc0,0x20,0x00,0x98,0x87,0x40,0xdd,0x01,0xc0,0x20,0x00,0x99,0x01,0xc0,0x20,
  0x00,0x98,0x01,0xc0,0x99,0x11,0x90,0x94,0x41,0xd0,0x99,0x20,0xc0,0x20,0x00,0x99,
  0x01,0xc0,0x20,0x00,0x98,0x01,0xc0,0x20,0x00,0x99,0x87,0x92,0xca,0xe0,0xc0,0x20,
  0x00,0xd8,0xf7,0x90,0xf9,0x40,0x90,0x95,0x41,0xe0,0xdd,0x10,0x9a,0x99,0x90,0x9d,
  0x20,0xc0,0x20,0x00,0x99,0xf7,0xc0,0x20,0x00,0x98,0x77,0x0b,0xda,0xa0,0x99,0x11,
  0x60,0xdd,0x01,0x90,0x96,0x41,0xd0,0x99,0x20,0x0c,0x1d,0xc0,0x20,0x00,0x99,0x77,
  0xa0,0xda,0x83,0xc0,0x20,0x00,0x98,0x67,0x20,0xad,0x01,0xd1,0xb6,0xfe,0xd0,0x99,
  0x10,0xa0,0x99,0x20,0xc0,0x20,0x00,0x99,0x67,0xc0,0x20,0x00,0xb9,0x17,0x16,0xa6,
  0x00,0x91,0xb1,0xfe,0x98,0x09,0x92,0x09,0x19,0x90,0x55,0x80,0xc0,0x20,0x00,0x98,
  0x67,0xb1,0xae,0xfe,0x0c,0x1a,0x50,0xa5,0x83,0x30,0xaa,0x01,0xb0,0x99,0x10,0xa0,
  0x99,0x20,0xc0,0x20,0x00,0x99,0x67,0x9c,0x65,0xc0,0x20,0x00,0x98,0x77,0x0b,0x55,
  0xa2,0xaf,0xc0,0x50,0x50,0x54,0xa0,0x99,0x10,0x50,0x99,0x20,0xc0,0x20,0x00,0x99,
  0x77,0xc0,0x20,0x00,0x98,0x67,0xb1,0xa2,0xfe,0x0c,0x1a,0xc0,0xac,0x83,0x50,0xaa,
  0x01,0xb0,0x99,0x10,0xa0,0x99,0x20,0xc0,0x20,0x00,0x99,0x67,0x0c,0x0a,0x8c,0x3c,
  0x0b,0xac,0xa0,0xa0,0x94,0xc0,0x20,0x00,0x98,0x97,0xb2,0xac,0x00,0xb0,0x99,0x10,
  0xa0,0x99,0x20,0xc0,0xc3,0x41,0xc0,0x20,0x00,0x99,0x97,0x3b,0x9c,0x90,0x92,0x41,
  0x66,0x19,0x1c,0x0c,0x09,0x99,0x21,0xb2,0xc1,0x10,0xa2,0xc1,0x08,0x82,0x61,0x05,
  0x81,0x93,0xfe,0xe0,0x08,0x00,0x98,0x21,0x88,0x51,0xc0,0x20,0x00,0x92,0x67,0x16,
  0xc0,0x20,0x00,0x98,0x67,0xb1,0x8b,0xfe,0x0c,0x1a,0x60,0xa6,0x83,0x40,0xaa,0x01,
  0xb0,0x99,0x10,0xa0,0x99,0x20,0xc0,0x20,0x00,0x99,0x67,0x0c,0x0a,0x8c,0x36,0x0b,
  0xa6,0xa0,0xa0,0x94,0xc0,0x20,0x00,0x98,0xa7,0xb2,0xac,0x00,0xb0,0x99,0x10,0xa0,
  0x99,0x20,0xc0,0x20,0x00,0x99,0xa7,0xc0,0x20,0x00,0x98,0x07,0x0c,0x1a,0xe0,0xaa,
  0x01,0xa0,0x99,0x20,0xc0,0x20,0x00,0x99,0x07,0xc0,0x20,0x00,0x98,0x07,0x56,0x79,
  0xff,0xc0,0x20,0x00,0x89,0x27,0xc0,0x20,0x00,0x39,0x67,0xc0,0x20,0x00,0x49,0x77,
  0xc0,0x20,0x00,0x29,0x87,0x99,0x31,0x60,0x83,0x14,0xb1,0x73,0xfe,0x60,0xc3,0x41,
  0x8c,0x98,0xc0,0x20,0x00,0x82,0x27,0x16,0x8b,0xb1,0x82,0x61,0x02,0xcb,0xa1,0x81,
  0x6f,0xfe,0xe0,0x08,0x00,0x28,0x31,0x26,0xc6,0x0d,0x7c,0xf8,0x00,0x16,0x40,0x00,
  0x88,0xa1,0x20,0x88,0x10,0x20,0x28,0x30,0x1d,0xf0,0x00,0x00,0x36,0x61,0x00,0x50,
  0x50,0x74,0x30,0xf3,0x20,0x52,0x61,0x00,0x40,0xe0,0x74,0xd2,0xa0,0x00,0x0c,0x0c,
  0x0c,0x0b,0x20,0xa0,0x74,0x25,0xd8,0xff,0x2d,0x0a,0x1d,0xf0,0x36,0x41,0x00,0x51,
  0x5a,0xfe,0xa8,0x05,0x81,0x5f,0xfe,0xe0,0x08,0x00,0x88,0x05,0xa2,0xa0,0x61,0x88,
  0x08,0xf0,0xaa,0x01,0x80,0x90,0x75,0x00,0x99,0x11,0xa0,0xa9,0xc0,0xb0,0xfa,0x40,
  0xb0,0xb5,0x41,0x8c,0xfa,0xc2,0xa0,0x9d,0x00,0xcc,0x11,0xc0,0xc9,0xc0,0x0c,0x1a,
  0xc0,0xab,0x93,0x16,0xba,0x07,0x0c,0x8d,0x0c,0x0c,0x0c,0x0b,0x0c,0x5a,0xe5,0xf9,
  0xff,0xa0,0x70,0xf4,0x82,0xa0,0xbc,0x87,0x07,0x63,0x82,0xaf,0x43,0x80,0x77,0x10,
  0x0c,0x82,0x0c,0x04,0x0c,0x03,0xa8,0x05,0x81,0x4a,0xfe,0xe0,0x08,0x00,0x0c,0x0d,
  0x0c,0x0c,0x0c,0x0b,0x0c,0x6a,0x65,0xf7,0xff,0x0c,0x0d,0xcd,0x02,0xbd,0x07,0xa2,
  0xa0,0x01,0xa5,0xf6,0xff,0x47,0x13,0x1f,0xa2,0x25,0x00,0x81,0x41,0xfe,0xe0,0x08,
  0x00,0xd2,0xa0,0x00,0x0c,0x0c,0x0c,0x0b,0x0c,0x6a,0x25,0xf5,0xff,0x0c,0x0d,0x0c,
  0x8c,0xbd,0x04,0x3c,0x1a,0x65,0xf4,0xff,0xa2,0x25,0x00,0x81,0x39,0xfe,0xe0,0x08,
  0x00,0xd2,0xa0,0x00,0xc2,0xa0,0x00,0x0c,0x0b,0x0c,0x4a,0x25,0xf3,0xff,0x0c,0x02,
  0x1d,0xf0,0x1c,0x9a,0xd0,0xaa,0x01,0xa7,0x99,0x49,0x80,0x98,0x74,0x0c,0x1a,0x80,
  0x99,0x11,0x20,0xaa,0x11,0xa7,0x99,0x3b,0x80,0x80,0x74,0x1c,0x59,0x87,0xb9,0x33,
  0x0c,0x8d,0x0c,0x0c,0x0c,0x0b,0x0c,0x5a,0x25,0xf0,0xff,0xa0,0x60,0xf4,0x0c,0x8d,
  0x0c,0x0c,0x0c,0x0b,0x3c,0x5a,0x65,0xef,0xff,0xa0,0x30,0x74,0x0c,0x24,0x40,0x43,
  0x10,0x0c,0x82,0x0c,0x07,0x77,0x16,0x02,0x86,0xd6,0xff,0x47,0x13,0x02,0x86,0xdd,
  0xff,0x46,0xea,0xff,0x0c,0x8d,0x0c,0x0c,0x0c,0x0b,0x0c,0x5a,0xe5,0xec,0xff,0x7d,
  0x0a,0x0c,0x8d,0x0c,0x0c,0x0c,0x0b,0x3c,0x5a,0x25,0xec,0xff,0x80,0x6a,0x11,0x70,
  0x66,0x20,0x60,0x60,0xf4,0x72,0xa2,0x00,0x70,0x76,0x10,0x1c,0x02,0x0c,0x04,0x0c,
  0x03,0x06,0xf0,0xff,0x36,0x61,0x00,0x20,0xc2,0x20,0xb6,0x53,0x0e,0xd1,0x11,0xfe,
  0xc1,0x12,0xfe,0xa1,0x05,0xfe,0xb2,0xa3,0x3f,0xa5,0x10,0x01,0xd0,0x33,0x11,0x30,
  0x30,0x74,0x32,0x61,0x00,0x0c,0x0f,0x0c,0x0e,0x0c,0x8d,0x1c,0x8b,0x5c,0xaa,0xa5,
  0xc1,0xff,0x2d,0x0a,0x1d,0xf0,0x00,0x00,0x36,0x41,0x00,0x1c,0x8d,0x0c,0x0c,0xb2,
  0xa0,0x00,0xa2,0xa0,0x9f,0x65,0xe6,0xff,0x81,0x05,0xfe,0xe0,0x08,0x00,0x00,0x48,
  0x40,0xa0,0x2a,0x81,0x80,0x22,0x11,0x20,0x28,0x41,0x1d,0xf0,0x36,0x41,0x00,0x71,
  0xf6,0xfd,0x82,0x27,0x00,0xa2,0x28,0x00,0xa5,0x3f,0x00,0x16,0x3a,0x00,0x0c,0x02,
  0x1d,0xf0,0x0c,0x1b,0x1c,0x0a,0xe5,0xf8,0xff,0xa0,0xa0,0x74,0x66,0xca,0xee,0x25,
  0x43,0x00,0x21,0xf7,0xfd,0xbd,0x0a,0xa1,0xf7,0xfd,0x20,0xc2,0x20,0x81,0xf7,0xfd,
  0xe0,0x08,0x00,0x0c,0x0d,0x0c,0x0c,0xb2,0xa0,0x00,0xa2,0xa0,0xb9,0xe5,0xe0,0xff,
  0x0c,0x0d,0x0c,0x0c,0x0c,0x0b,0xa2,0xa0,0x79,0x25,0xe0,0xff,0x0c,0x0d,0x0c,0x0c,
  0x0c,0x0b,0xa2,0xa0,0xff,0x65,0xdf,0xff,0xa2,0xa7,0xd0,0x81,0xed,0xfd,0xe0,0x08,
  0x00,0x0c,0x0d,0x0c,0x0c,0x0c,0x0b,0xa2,0xa0,0xab,0x25,0xde,0xff,0x1c,0x4a,0x81,
  0xe8,0xfd,0xe0,0x08,0x00,0x68,0x07,0x25,0xf6,0xff,0x88,0x07,0xa9,0x06,0xa8,0x08,
  0x25,0x38,0x00,0x56,0x7a,0xf8,0xa5,0x3c,0x00,0xbd,0x0a,0xa1,0xdf,0xfd,0xcd,0x02,
  0x81,0xdf,0xfd,0xe0,0x08,0x00,0x7c,0xf2,0x06,0xdd,0xff,0x00,0x36,0x41,0x00,0x81,
  0xdd,0xfd,0xc0,0x20,0x00,0x28,0xf8,0x20,0x29,0x04,0x1d,0xf0,0x36,0x41,0x00,0x65,
  0x2b,0x00,0x2d,0x0a,0x1d,0xf0,0x00,0x00,0x36,0x41,0x00,0x25,0xfe,0xff,0x91,0xd6,
  0xfd,0x81,0xd6,0xfd,0x16,0x8a,0x05,0xc0,0x20,0x00,0xa2,0x29,0x00,0xb2,0xa0,0xc0,
  0xb0,0xaa,0x20,0xc0,0x20,0x00,0xa2,0x69,0x00,0xc0,0x20,0x00,0x92,0x28,0x00,0xa2,
  0xac,0x1f,0xa0,0x99,0x10,0xa2,0xa0,0x60,0xa0,0x99,0x20,0xc0,0x20,0x00,0x99,0x08,
  0xc0,0x20,0x00,0x98,0x08,0x6c,0x0a,0xa0,0x99,0x10,0x0c,0x3a,0xa0,0x99,0x20,0xc0,
  0x20,0x00,0x99,0x08,0xc0,0x20,0x00,0x98,0x08,0xa1,0xc5,0xfd,0xa0,0x99,0x10,0x0c,
  0x1a,0x60,0xaa,0x01,0xa0,0x99,0x20,0xc0,0x20,0x00,0x99,0x08,0x1d,0xf0,0x00,0x00,
  0xc0,0x20,0x00,0xa8,0x08,0xb2,0xac,0x1f,0xb0,0xaa,0x10,0xc0,0x20,0x00,0xa9,0x08,
  0xc0,0x20,0x00,0xa8,0x08,0x6c,0x0b,0xb0,0xaa,0x10,0xc0,0x20,0x00,0xa9,0x08,0xc0,
  0x20,0x00,0x88,0x09,0xa2,0xa0,0xc0,0xa0,0x88,0x20,0xc0,0x20,0x00,0x89,0x09,0x46,
  0xf2,0xff,0x00,0x00,0x36,0x41,0x00,0x91,0xb3,0xfd,0xa1,0xb3,0xfd,0xc0,0x20,0x00,
  0x88,0x09,0xa0,0x88,0x20,0xc0,0x20,0x00,0x89,0x09,0x91,0xb0,0xfd,0xc0,0x20,0x00,
  0x88,0x09,0xa0,0x88,0x20,0xc0,0x20,0x00,0x89,0x09,0x1d,0xf0,0x36,0x41,0x00,0x81,
  0xac,0xfd,0xe0,0x08,0x00,0x7d,0x0a,0x81,0xab,0xfd,0xe0,0x08,0x00,0x16,0x97,0x05,
  0xa0,0x60,0x74,0x70,0x36,0x54,0x70,0xa0,0x54,0x70,0x4c,0x54,0x70,0x52,0x55,0x70,
  0x78,0x55,0xbd,0x02,0x81,0xa5,0xfd,0xe0,0x08,0x00,0x20,0xb2,0x20,0x30,0xa3,0x20,
  0x81,0xa2,0xfd,0xe0,0x08,0x00,0xbd,0x02,0xad,0x04,0x81,0x9f,0xfd,0xe0,0x08,0x00,
  0xbd,0x02,0xad,0x05,0x81,0x9d,0xfd,0xe0,0x08,0x00,0x3c,0x08,0x77,0x38,0x09,0xbd,
  0x02,0xad,0x07,0x81,0x99,0xfd,0xe0,0x08,0x00,0x3c,0x08,0x67,0x38,0x09,0xbd,0x02,
  0xad,0x06,0x81,0x95,0xfd,0xe0,0x08,0x00,0x1d,0xf0,0x1c,0xc6,0x1c,0xb7,0x1c,0xd5,
  0x2c,0x04,0x1c,0xf3,0x1c,0xea,0x06,0xea,0xff,0x00,0x00,0x00,0x36,0x41,0x00,0xd2,
  0xa0,0x08,0xc2,0xa0,0x00,0xb2,0xa0,0x00,0x0c,0x5a,0x25,0xc4,0xff,0x2d,0x0a,0x1d,
  0xf0,0x00,0x00,0x00,0x36,0x41,0x00,0xd2,0xa0,0x08,0xc2,0xa0,0x00,0xb2,0xa0,0x00,
  0x3c,0x5a,0xa5,0xc2,0xff,0x2d,0x0a,0x1d,0xf0,0x00,0x00,0x00,0x36,0x41,0x00,0xd2,
  0xa0,0x08,0xc2,0xa0,0x00,0x0c,0x0b,0x0c,0x5a,0x25,0xc1,0xff,0x2d,0x0a,0x0c,0x8d,
  0x0c,0x0c,0x0c,0x0b,0x3c,0x5a,0x65,0xc0,0xff,0x80,0xaa,0x11,0x20,0x2a,0x20,0x1d,
  0xf0,0x00,0x00,0x00,0x36,0x41,0x00,0x20,0xb2,0x20,0xd2,0xa0,0x00,0xc2,0xa0,0x08,
  0x0c,0x1a,0xa5,0xbe,0xff,0x1d,0xf0,0x00,0x36,0x41,0x00,0x20,0xb2,0x20,0xd2,0xa0,
  0x00,0xc2,0xa0,0x08,0x3c,0x1a,0x65,0xbd,0xff,0x1d,0xf0,0x00,0x36,0x41,0x00,0x20,
  0xb2,0x20,0xd2,0xa0,0x00,0xc2,0xa0,0x10,0x0c,0x1a,0x25,0xbc,0xff,0x1d,0xf0,0x00,
  0x36,0x41,0x00,0xd2,0xa0,0x00,0x0c,0x0c,0x0c,0x0b,0x3c,0xaa,0xe5,0xba,0xff,0x81,
  0x4e,0xfd,0xa8,0x08,0x81,0x53,0xfd,0xe0,0x08,0x00,0x0c,0x8d,0x0c,0x0c,0x0c,0x0b,
  0x0c,0x5a,0xa5,0xb9,0xff,0x2d,0x0a,0x0c,0x0d,0x0c,0x0c,0x0c,0x0b,0x0c,0x4a,0xe5,
  0xb8,0xff,0x1d,0xf0,0x36,0x41,0x00,0xd2,0xa0,0x00,0x0c,0x0c,0x0c,0x0b,0x3c,0xaa,
  0xa5,0xb7,0xff,0x71,0x41,0xfd,0xa8,0x07,0x81,0x46,0xfd,0xe0,0x08,0x00,0xbd,0x02,
  0x0c,0x0d,0x0c,0x8c,0x0c,0x1a,0x65,0xb6,0xff,0xa8,0x07,0x81,0x41,0xfd,0xe0,0x08,
  0x00,0x0c,0x0d,0x0c,0x0c,0x0c,0x0b,0x0c,0x4a,0x25,0xb5,0xff,0x1d,0xf0,0x00,0x00,
  0x36,0x41,0x00,0x25,0x08,0x00,0xa0,0x7a,0x20,0x70,0x77,0xa0,0xa5,0x0b,0x00,0x70,
  0x77,0xa0,0xa0,0x27,0xa0,0x90,0x00,0x00,0x36,0x41,0x00,0x91,0x3e,0xfd,0xc0,0x20,
  0x00,0x82,0x29,0x1b,0xc0,0x20,0x00,0x22,0x29,0x14,0x80,0x80,0x14,0x80,0x88,0xa0,
  0x80,0x88,0xa0,0x20,0x28,0x25,0x20,0x28,0xa0,0x1d,0xf0,0x00,0x36,0x41,0x00,0x81,
  0x35,0xfd,0xc0,0x20,0x00,0x22,0x28,0x10,0x20,0x20,0x04,0x1d,0xf0,0x00,0x00,0x00,
  0x36,0x41,0x00,0x81,0x30,0xfd,0xc0,0x20,0x00,0x22,0x28,0x10,0x20,0x21,0x04,0x1d,
  0xf0,0x00,0x00,0x00,0x36,0x41,0x00,0x81,0x2b,0xfd,0x0c,0x02,0xc0,0x20,0x00,0x88,
  0xd8,0x80,0x82,0x25,0xcc,0x08,0x1d,0xf0,0x80,0x90,0x04,0x90,0x22,0x30,0x80,0x81,
  0x41,0xc6,0xfb,0xff,0x36,0x41,0x00,0x81,0x23,0xfd,0xc0,0x20,0x00,0x92,0x28,0x16,
  0xc0,0x20,0x00,0x92,0x28,0x14,0x90,0x92,0x25,0x56,0xb9,0x00,0xc0,0x20,0x00,0x92,
  0x28,0x1b,0x90,0x90,0x14,0x26,0x19,0x0b,0xc0,0x20,0x00,0x22,0x28,0x16,0x20,0x28,
  0x15,0x1d,0xf0,0x00,0xc0,0x20,0x00,0x92,0x28,0x14,0x90,0x98,0x25,0x66,0x19,0xe7,
  0x0c,0x02,0xc6,0xfa,0xff,0x00,0x00,0x00,0x36,0x41,0x00,0x81,0x12,0xfd,0xc0,0x20,
  0x00,0x22,0x28,0x16,0xc0,0x20,0x00,0x92,0x28,0x14,0x20,0x27,0x05,0x90,0x92,0x25,
  0x90,0x22,0xb0,0xdc,0x99,0xc0,0x20,0x00,0x92,0x28,0x1b,0x90,0x90,0x14,0x66,0x19,
  0x0e,0xc0,0x20,0x00,0x82,0x28,0x14,0x80,0x88,0x25,0x66,0x18,0x02,0x22,0xa0,0x00,
  0x1d,0xf0,0x00,0x00,0x36,0x41,0x00,0x20,0x90,0x75,0x0c,0x1a,0x00,0x99,0x11,0xb0,
  0xaa,0x01,0x8d,0x02,0x0c,0x02,0xa7,0x99,0x18,0x80,0x98,0x74,0x80,0x80,0x74,0x66,
  0xd9,0x11,0x82,0xc8,0xed,0x0c,0xd2,0x80,0x22,0x62,0x0b,0x22,0x20,0x20,0x60,0x20,
  0x20,0x74,0x1d,0xf0,0x4c,0x1a,0xa7,0x99,0x07,0x82,0xc8,0xe9,0x0c,0x92,0x46,0xf9,
  0xff,0x5c,0x0a,0xa7,0x99,0xeb,0x82,0xc8,0xeb,0x0c,0x12,0x06,0xf6,0xff,0x00,0x00,
  0x36,0x41,0x00,0x20,0xea,0x03,0x81,0xf9,0xfc,0xe0,0x08,0x00,0xb0,0x8a,0x11,0xa0,
  0x88,0xc0,0xa0,0x88,0xa0,0xd0,0x88,0x11,0x80,0x22,0xc2,0x1d,0xf0,0x00,0x00,0x00,
  0x36,0x61,0x00,0x30,0x30,0x74,0x16,0xf2,0x04,0x65,0xe8,0xff,0x62,0x02,0x10,0x82,
  0x02,0x0f,0x80,0x66,0x11,0x80,0x66,0x20,0xa0,0x7a,0x20,0x67,0xba,0x3f,0x25,0xfc,
  0xff,0xd1,0xeb,0xfc,0xa0,0xba,0x20,0xd0,0xf7,0xa2,0xd0,0xd6,0xa2,0xf0,0xf5,0x41,
  0xd0,0xd5,0x41,0xf0,0x8f,0xa0,0xd0,0xed,0xa0,0x80,0x88,0xa0,0xe0,0xee,0xa0,0xe0,
  0x88,0x11,0xe0,0xee,0x11,0x80,0x87,0xc0,0xc1,0xe3,0xfc,0xa1,0xe3,0xfc,0x89,0x01,
  0xe0,0xe6,0xc0,0x81,0xd2,0xfc,0xe0,0x08,0x00,0x0c,0x02,0x1d,0xf0,0x00,0xcc,0x33,
  0x0c,0x12,0x46,0xfd,0xff,0x62,0x02,0x12,0x82,0x02,0x11,0x80,0x66,0x11,0x80,0x66,
  0x20,0x92,0xc6,0xff,0x81,0xda,0xfc,0x90,0x90,0xf4,0x90,0x88,0x62,0x82,0xc8,0xff,
  0x80,0x80,0x60,0x80,0x80,0x74,0x16,0x68,0xfd,0xa7,0xb6,0xd3,0xe5,0xe3,0xff,0x56,
  0xda,0xfc,0xe5,0xf4,0xff,0xd1,0xce,0xfc,0xbd,0x0a,0xd0,0xf7,0xa2,0xd0,0xd6,0xa2,
  0xf0,0xf5,0x41,0xd0,0xd5,0x41,0xf0,0x8f,0xa0,0xd0,0xed,0xa0,0x80,0x88,0xa0,0xe0,
  0xee,0xa0,0xe0,0x88,0x11,0xe0,0xee,0x11,0x80,0x77,0xc0,0xc1,0xc6,0xfc,0xa1,0xc8,
  0xfc,0x79,0x01,0xe0,0xe6,0xc0,0x46,0xe2,0xff,0x00,0x00,0x00,0x36,0x41,0x00,0xbd,
  0x02,0x0c,0x4c,0xa2,0xaf,0xff,0x81,0xc3,0xfc,0xe0,0x08,0x00,0x2d,0x0a,0x1d,0xf0,
  0x36,0x81,0x00,0x65,0xdc,0xff,0x71,0xba,0xfc,0x81,0xbf,0xfc,0x70,0x5a,0xa2,0xa0,
  0x4a,0x20,0x50,0x55,0x41,0x50,0x65,0xa0,0x60,0x66,0xa0,0xe0,0x66,0x11,0x60,0x6a,
  0xc0,0x87,0x92,0x02,0x86,0x1f,0x00,0x27,0x3a,0x02,0x06,0x1e,0x00,0x25,0xed,0xff,
  0x70,0xd2,0xa2,0xbd,0x0a,0xd0,0xd5,0x41,0xd0,0x8d,0xa0,0x80,0x88,0xa0,0xe0,0x88,
  0x11,0xc1,0xac,0xfc,0xa1,0xb2,0xfc,0x69,0x01,0xfd,0x05,0x80,0xe2,0xc0,0x81,0x9b,
  0xfc,0xe0,0x08,0x00,0x7c,0xf9,0x81,0xac,0xfc,0x0c,0x0a,0x80,0x83,0xc0,0x0c,0x1b,
  0x80,0xba,0x83,0x82,0xa0,0x01,0x30,0x8a,0x83,0x87,0x0b,0x35,0x47,0xb3,0x32,0x92,
  0x61,0x04,0xe5,0xd8,0xff,0x98,0x41,0xec,0x7a,0x65,0xe8,0xff,0x70,0xd3,0xa2,0xbd,
  0x0a,0xd0,0xd5,0x41,0xd0,0xed,0xa0,0xe0,0xee,0xa0,0xc1,0x9a,0xfc,0xa1,0xa0,0xfc,
  0xe0,0xee,0x11,0x69,0x01,0xfd,0x05,0xe0,0xe3,0xc0,0x81,0x88,0xfc,0xe0,0x08,0x00,
  0x7c,0xf9,0x2d,0x09,0x1d,0xf0,0x0c,0x09,0x86,0xea,0xff,0x00,0x36,0x41,0x00,0x82,
  0x02,0x0d,0x92,0x02,0x0c,0x80,0x88,0x11,0x90,0x88,0x20,0x92,0xa0,0x09,0x20,0x72,
  0x20,0x97,0x18,0x23,0xa5,0xe3,0xff,0x82,0x02,0x0d,0xe2,0x02,0x0c,0x80,0x88,0x11,
  0xa0,0xba,0x20,0xc1,0x88,0xfc,0xa1,0x8f,0xfc,0xe0,0xe8,0x20,0x0c,0x9d,0x81,0x77,
  0xfc,0xe0,0x08,0x00,0x7c,0xf2,0x1d,0xf0,0x0c,0x1b,0x26,0x13,0x06,0x0c,0x02,0x56,
  0x33,0xff,0x0c,0x0b,0xad,0x07,0xa5,0xe2,0xff,0x0b,0x2a,0xc6,0xf9,0xff,0x00,0x00,
  0x36,0x61,0x00,0x61,0x85,0xfc,0x82,0x06,0x00,0x16,0x38,0x01,0x25,0xdf,0xff,0xbd,
  0x0a,0xc1,0x67,0xfc,0xa1,0x82,0xfc,0x81,0x69,0xfc,0xe0,0x08,0x00,0x46,0x07,0x00,
  0x92,0xa0,0x01,0x70,0x99,0x01,0x37,0xb9,0x1b,0x65,0xdd,0xff,0xa0,0xba,0x20,0xc1,
  0x60,0xfc,0xa1,0x7b,0xfc,0x30,0xd3,0x20,0x81,0x61,0xfc,0xe0,0x08,0x00,0x0c,0x02,
  0x1d,0xf0,0x00,0x00,0x00,0x20,0x70,0xf5,0x20,0x20,0xf4,0x30,0x32,0x80,0x7c,0xf9,
  0x89,0x01,0x90,0x97,0x41,0x0b,0x83,0x00,0x77,0x11,0x87,0x39,0x2e,0x0c,0x2b,0x0c,
  0x1a,0x0c,0xf5,0x25,0x7e,0x01,0x60,0x55,0x01,0xfd,0x01,0xed,0x03,0xdd,0x07,0xcd,
  0x05,0x0c,0x1b,0xa2,0xa0,0x00,0xe5,0x68,0x01,0x0c,0x2b,0x0c,0x1a,0xe5,0x7e,0x01,
  0x0c,0x18,0x82,0x46,0x00,0x5a,0x22,0x46,0xed,0xff,0x00,0x00,0x25,0xd7,0xff,0xbd,
  0x0a,0xc1,0x47,0xfc,0xa1,0x64,0xfc,0x06,0xdf,0xff,0x00,0x00,0x36,0x41,0x00,0x71,
  0x5e,0xfc,0x82,0x07,0x00,0x16,0xf8,0x00,0xb2,0xa0,0x02,0x0c,0x1a,0x65,0x79,0x01,
  0xe5,0x5c,0x01,0x0c,0x08,0x82,0x47,0x00,0x1d,0xf0,0x00,0x00,0x36,0x81,0x00,0x20,
  0x80,0x14,0x7d,0x02,0x50,0x50,0x74,0x9c,0x58,0x65,0xd3,0xff,0xbd,0x0a,0xc1,0x38,
  0xfc,0xa1,0x55,0xfc,0xdd,0x02,0x81,0x39,0xfc,0xe0,0x08,0x00,0x7c,0xf2,0x1d,0xf0,
  0x40,0x80,0x14,0x16,0x28,0x01,0xa5,0xd1,0xff,0xbd,0x0a,0xc1,0x31,0xfc,0xa1,0x4f,
  0xfc,0xdd,0x04,0xc6,0xf7,0xff,0x00,0x00,0x00,0x30,0x20,0x14,0x16,0x12,0x01,0x25,
  0xd0,0xff,0xa0,0xba,0x20,0xc1,0x2a,0xfc,0xa1,0x4a,0xfc,0x30,0xd3,0x20,0x06,0xf1,
  0xff,0x16,0xd5,0x05,0x40,0x42,0x41,0x70,0x84,0xa0,0x51,0x46,0xfc,0x89,0x41,0x6d,
  0x07,0x88,0x41,0x67,0x18,0xb7,0x60,0x40,0xf5,0x88,0x05,0x00,0x44,0x11,0x87,0x14,
  0x26,0x0c,0x2b,0x0c,0x1a,0xe5,0x70,0x01,0xc1,0x40,0xfc,0x7c,0xfe,0x0c,0x08,0x0c,
  0x1b,0x0c,0x0a,0xfd,0x01,0xe0,0xe0,0xf5,0xdd,0x04,0x89,0x01,0x65,0x5b,0x01,0x0c,
  0x2b,0x49,0x05,0x0c,0x1a,0x65,0x71,0x01,0x81,0x38,0xfc,0x8a,0x86,0x40,0x88,0xc0,
  0x98,0x08,0x70,0x86,0xc0,0x8a,0x83,0x99,0x08,0x7c,0xf8,0x89,0x05,0x4b,0x66,0x86,
  0xeb,0xff,0xb2,0xa0,0x02,0x0c,0x1a,0xe5,0x6c,0x01,0xcd,0x04,0xbd,0x03,0xad,0x07,
  0x81,0x2f,0xfc,0xe0,0x08,0x00,0x7d,0x0a,0x0c,0x2b,0x0c,0x1a,0xe5,0x6d,0x01,0xad,
  0x07,0x25,0x15,0x00,0x2d,0x0a,0x06,0xd1,0xff,0x00,0x00,0x00,0x36,0x41,0x00,0xad,
  0x02,0x81,0x27,0xfc,0xe0,0x08,0x00,0xe5,0x13,0x00,0x2d,0x0a,0x1d,0xf0,0x00,0x00,
  0x36,0x41,0x00,0x20,0x90,0xb4,0x8d,0x02,0x22,0xa1,0x02,0xdc,0x99,0x30,0xa0,0xb4,
  0x22,0xa1,0x04,0xdc,0x1a,0x80,0x2c,0x41,0x30,0x3c,0x41,0x2a,0x33,0x37,0x12,0x02,
  0x16,0x8a,0x00,0x25,0x11,0x00,0x2d,0x0a,0x1d,0xf0,0x00,0x00,0x20,0x80,0x34,0x56,
  0x78,0x01,0x20,0x83,0xc0,0x92,0xa0,0x0f,0x87,0xb9,0x0e,0x20,0xa4,0x41,0x81,0x15,
  0xfc,0xe0,0x08,0x00,0x22,0xc2,0x10,0x86,0xf4,0xff,0xad,0x02,0x81,0x11,0xfc,0xe0,
  0x08,0x00,0x1b,0x22,0x46,0xf1,0xff,0x00,0x36,0x41,0x00,0x20,0x72,0x20,0x82,0xa0,
  0x20,0x50,0x50,0x74,0x22,0xa0,0x04,0x50,0x28,0x93,0x20,0x87,0xe2,0x9c,0x88,0x25,
  0xbe,0xff,0xbd,0x0a,0xc1,0xe3,0xfb,0xa1,0x08,0xfc,0xed,0x02,0xdd,0x07,0x81,0xe3,
  0xfb,0xe0,0x08,0x00,0x7c,0xf2,0x1d,0xf0,0x00,0x20,0x84,0xe2,0x16,0x58,0x01,0x25,
  0xbc,0xff,0xa0,0xba,0x20,0xc1,0xda,0xfb,0xa1,0x01,0xfc,0x20,0xe2,0x20,0xdd,0x04,
  0x86,0xf6,0xff,0x00,0x00,0x30,0x80,0x14,0x16,0x88,0x01,0x65,0xba,0xff,0xa0,0xba,
  0x20,0xc1,0xd3,0xfb,0xa1,0xfb,0xfb,0x30,0xd3,0x20,0x81,0xd4,0xfb,0xe0,0x08,0x00,
  0x06,0xf0,0xff,0x00,0x65,0x5a,0xff,0xa0,0x2a,0x20,0x56,0x8a,0xfb,0x40,0xc4,0x20,
  0xbd,0x03,0xad,0x07,0x8c,0xc5,0x81,0xf3,0xfb,0xe0,0x08,0x00,0x65,0x05,0x00,0x2d,
  0x0a,0x46,0xe8,0xff,0x81,0xf1,0xfb,0xe0,0x08,0x00,0x86,0xfb,0xff,0x00,0x00,0x00,
  0x36,0x41,0x00,0xd2,0xa0,0x00,0xc2,0xa0,0x00,0xb2,0xa0,0x00,0x0c,0x4a,0xe5,0x54,
  0xff,0x1d,0xf0,0x00,0x36,0x41,0x00,0x81,0xe9,0xfb,0x0c,0x02,0xc0,0x20,0x00,0x88,
  0x28,0x87,0xf8,0x1b,0x0c,0x12,0x47,0xf8,0x16,0x0c,0x22,0x77,0xf8,0x11,0x0c,0x32,
  0xe7,0xe8,0x0c,0x80,0x8d,0x04,0x30,0x88,0x11,0x0c,0x52,0x0c,0x49,0x80,0x29,0x93,
  0x1d,0xf0,0x00,0x00,0x36,0x41,0x00,0x9d,0x02,0x0c,0x12,0x22,0xd2,0x60,0x26,0x19,
  0x0f,0x0c,0x22,0x22,0xd2,0x60,0x26,0x29,0x07,0x0c,0x18,0x90,0x89,0x83,0x80,0x20,
  0x60,0x1d,0xf0,0x00,0x36,0x41,0x00,0x22,0xa2,0x00,0x1d,0xf0,0x36,0x41,0x00,0x0c,
  0x08,0x8c,0xb2,0xc1,0xd6,0xfb,0xd2,0xa7,0x2f,0x37,0x98,0x12,0x1d,0xf0,0x00,0x00,
  0xd1,0xd0,0xfb,0xc1,0xd0,0xfb,0xa1,0xd0,0xfb,0xb2,0xa0,0x2f,0x65,0x74,0x00,0x80,
  0x90,0x14,0x16,0x28,0x00,0x56,0x89,0x01,0xc0,0x20,0x00,0xa8,0x0c,0xe0,0xea,0x03,
  0xc0,0x20,0x00,0xb8,0x0c,0xb0,0xaa,0x30,0xb0,0xea,0x03,0xe0,0xbb,0xc0,0xb7,0xbd,
  0xee,0x8a,0xb2,0x00,0x29,0x40,0xa0,0x90,0x91,0x92,0x4b,0x00,0x1b,0x88,0xc6,0xed,
  0xff,0x00,0x00,0x00,0x36,0x41,0x00,0x0c,0x0f,0x0c,0x4e,0x0c,0x4d,0x0c,0x7c,0x0c,
  0x1b,0xa2,0xa0,0x69,0x81,0xc6,0xfb,0xe0,0x08,0x00,0x0c,0x0f,0x0c,0x2e,0x0c,0x2d,
  0x0c,0x7c,0xb2,0xa0,0x01,0xa2,0xa0,0x69,0x81,0xc1,0xfb,0xe0,0x08,0x00,0x0c,0x0f,
  0x0c,0x3e,0x0c,0x3d,0x0c,0x7c,0x0c,0x1b,0xa2,0xa0,0x69,0x81,0xbc,0xfb,0xe0,0x08,
  0x00,0xa2,0xa0,0x69,0x0c,0x0f,0x0c,0x0e,0x0c,0x1d,0x0c,0x7c,0x0c,0x1b,0x81,0xb7,
  0xfb,0xe0,0x08,0x00,0x91,0xaf,0xfb,0xa1,0xaf,0xfb,0xc0,0x20,0x00,0x88,0x09,0xa0,
  0x88,0x10,0xc0,0x20,0x00,0x89,0x09,0x91,0xac,0xfb,0xa1,0xad,0xfb,0xc0,0x20,0x00,
  0x88,0x09,0x8a,0x88,0x80,0x81,0x41,0xc0,0x20,0x00,0x89,0x09,0x91,0xa8,0xfb,0xc0,
  0x20,0x00,0x88,0x09,0xa0,0x88,0x10,0xc0,0x20,0x00,0x89,0x09,0x91,0xa6,0xfb,0xa1,
  0x69,0xfb,0xc0,0x20,0x00,0x88,0x09,0xa0,0x88,0x10,0xc0,0x20,0x00,0x89,0x09,0x91,
  0xa2,0xfb,0x0c,0x1a,0xc0,0x20,0x00,0x88,0x09,0x40,0xaa,0x01,0xa0,0x88,0x20,0xc0,
  0x20,0x00,0x89,0x09,0x1d,0xf0,0x00,0x00,0x36,0x41,0x00,0x7c,0xe8,0x61,0x9c,0xfb,
  0x71,0x9d,0xfb,0x87,0x12,0x19,0x66,0x02,0x2a,0x65,0x9d,0xff,0xbd,0x0a,0xa1,0x9a,
  0xfb,0xdd,0x06,0x70,0xc7,0x20,0x81,0x61,0xfb,0xe0,0x08,0x00,0x1d,0xf0,0x00,0x00,
  0xe5,0x9b,0xff,0xa0,0xba,0x20,0x60,0xd6,0x20,0xa1,0x94,0xfb,0x70,0xc7,0x20,0xc6,
  0xf8,0xff,0x00,0x00,0xa5,0x9a,0xff,0xbd,0x0a,0xa1,0x91,0xfb,0xed,0x06,0xdd,0x02,
  0xcd,0x07,0x81,0x56,0xfb,0xe0,0x08,0x00,0x06,0xf4,0xff,0x00,0x36,0x41,0x00,0x81,
  0x8d,0xfb,0x0b,0x44,0x3a,0x44,0x37,0xb8,0x12,0x81,0x8b,0xfb,0x0c,0x12,0x40,0x88,
  0x62,0x0b,0x88,0x80,0x80,0x60,0x80,0x80,0x74,0x56,0xd8,0x01,0x81,0x88,0xfb,0x37,
  0xb8,0x11,0x81,0x87,0xfb,0x0c,0x82,0x40,0x88,0x62,0x0b,0x88,0x80,0x80,0x60,0x80,
  0x80,0x74,0xcc,0x48,0x10,0x11,0x20,0x65,0x5e,0x00,0x1d,0xf0,0x36,0x41,0x00,0x30,
  0x80,0x04,0x8a,0x88,0xcc,0x12,0x30,0x80,0x04,0x91,0x7e,0xfb,0xc0,0x20,0x00,0xa8,
  0x09,0xa0,0x88,0x10,0xa0,0x88,0x30,0xc0,0x20,0x00,0x89,0x09,0x30,0x82,0x41,0x66,
  0x12,0x02,0x30,0x83,0x41,0x91,0x78,0xfb,0xc0,0x20,0x00,0xa8,0x09,0xa0,0x88,0x10,
  0xa0,0x88,0x30,0xc0,0x20,0x00,0x89,0x09,0x1d,0xf0,0x00,0x00,0x36,0x81,0x00,0x25,
  0x91,0xff,0xbd,0x0a,0xc1,0x68,0xfb,0xa1,0x71,0xfb,0x32,0xa0,0x9c,0x81,0x2f,0xfb,
  0xe0,0x08,0x00,0x25,0xe6,0xff,0x0c,0x0a,0xe5,0x5e,0x00,0x0c,0x09,0x0c,0x0a,0x6d,
  0x02,0x3a,0x32,0x42,0xc2,0x1c,0x0c,0x08,0x99,0x51,0x0c,0x02,0xa9,0x41,0x0c,0x05,
  0x0c,0x07,0xa2,0x06,0x05,0xa7,0xa8,0x02,0xc6,0x2c,0x00,0x88,0x26,0x0c,0x2b,0x0c,
  0x1a,0x62,0x26,0x41,0x99,0x71,0x89,0x61,0xa5,0x30,0x01,0x65,0x14,0x01,0x88,0x41,
  0x60,0x30,0x60,0x30,0x45,0x10,0x30,0xd7,0x10,0x8a,0x75,0x40,0x77,0xc0,0x0c,0x0a,
  0xfd,0x01,0xed,0x07,0xcd,0x04,0x0c,0x1b,0xa9,0x01,0xd9,0x41,0x65,0x1a,0x01,0x1c,
  0xfc,0xd8,0x41,0x70,0xcc,0x01,0xed,0x06,0x60,0xcc,0xc0,0xfd,0x01,0x0c,0x1b,0x0c,
  0x0a,0x25,0x19,0x01,0x98,0x71,0x88,0x51,0x30,0x59,0x10,0x8a,0x69,0x50,0x66,0xc0,
  0xfd,0x01,0xed,0x06,0x30,0xd2,0x10,0xcd,0x05,0x0c,0x1b,0x0c,0x0a,0x65,0x17,0x01,
  0xcd,0x07,0xbd,0x04,0x0c,0x0a,0x65,0xed,0xff,0xbd,0x0a,0x0c,0x0a,0xe5,0xf0,0xff,
  0xcd,0x06,0xbd,0x05,0x0c,0x0a,0x65,0xec,0xff,0xbd,0x0a,0x0c,0x0a,0xe5,0xef,0xff,
  0xcd,0x07,0xbd,0x04,0x0c,0x1a,0x65,0xeb,0xff,0xbd,0x0a,0x0c,0x1a,0xe5,0xee,0xff,
  0xcd,0x06,0xbd,0x05,0x0c,0x1a,0x65,0xea,0xff,0xbd,0x0a,0x0c,0x1a,0xe5,0xed,0xff,
  0x0c,0x2b,0x0c,0x1a,0x65,0x29,0x01,0xe5,0x48,0x00,0x88,0x61,0xe0,0x08,0x00,0xa8,
  0x04,0x7c,0x1b,0x60,0xbb,0x01,0xf1,0x36,0xfb,0xba,0xba,0xb7,0x3f,0x2d,0x16,0xe7,
  0x01,0x99,0x61,0x89,0x41,0xa5,0x80,0xff,0xbd,0x0a,0xd1,0x32,0xfb,0xc1,0x25,0xfb,
  0xa1,0x32,0xfb,0x81,0xee,0xfa,0xe0,0x08,0x00,0xf1,0x2d,0xfb,0x98,0x61,0x88,0x41,
  0xa8,0x14,0x58,0x04,0x72,0x23,0x00,0xa9,0x41,0x50,0xa5,0x20,0xb2,0xaf,0xdf,0x70,
  0xbb,0x01,0xb0,0xaa,0x80,0xa7,0x3f,0x23,0x16,0x82,0x01,0x82,0x61,0x05,0x25,0x7d,
  0xff,0xbd,0x0a,0xd1,0x26,0xfb,0xc1,0x17,0xfb,0xa1,0x23,0xfb,0x81,0xe0,0xfa,0xe0,
  0x08,0x00,0x88,0x51,0xa8,0x14,0x28,0x03,0x98,0x04,0xa9,0x51,0x1b,0x88,0x4b,0x33,
  0x8b,0x44,0x06,0xb3,0xff,0x00,0x00,0x00,0x36,0x41,0x00,0x88,0x12,0xbd,0x03,0xcc,
  0x28,0x0c,0x02,0x1d,0xf0,0x20,0xa2,0x20,0x65,0xd7,0x00,0x56,0x2a,0xff,0x25,0x79,
  0xff,0xd2,0x22,0x00,0xbd,0x0a,0xc1,0x07,0xfb,0xa1,0x15,0xfb,0x0c,0x12,0x81,0xcf,
  0xfa,0xe0,0x08,0x00,0xc6,0xf6,0xff,0x00,0x36,0x81,0x00,0x96,0xe3,0x06,0x81,0x11,
  0xfb,0x82,0x08,0x00,0x16,0x58,0x06,0x2c,0x0c,0xb2,0xa0,0xff,0xad,0x01,0x81,0x10,
  0xfb,0xe0,0x08,0x00,0x0c,0x28,0x1b,0x33,0xad,0x01,0x89,0x61,0x39,0x01,0xe5,0x83,
  0xff,0xa9,0x71,0xa5,0x3a,0xff,0x68,0x02,0x3d,0x0a,0x60,0xac,0x41,0xe5,0xad,0xff,
  0x7d,0x0a,0x21,0xf4,0xfa,0xcc,0xea,0xdd,0x03,0x2c,0x0c,0xbd,0x01,0x60,0xa6,0x20,
  0x65,0xb3,0xff,0x7d,0x0a,0x9c,0x2a,0xa5,0x72,0xff,0xa0,0xba,0x20,0xa1,0xfe,0xfa,
  0x70,0xd7,0x20,0xcd,0x02,0x81,0xb5,0xfa,0xe0,0x08,0x00,0x65,0x71,0xff,0xbd,0x0a,
  0xd8,0x01,0xa1,0xfa,0xfa,0xcd,0x02,0x81,0xb1,0xfa,0xe0,0x08,0x00,0x1d,0xf0,0x00,
  0x36,0x81,0x00,0xb1,0x08,0xfb,0xa1,0x08,0xfb,0x65,0x8f,0xff,0xa0,0x4a,0x20,0x51,
  0xe1,0xfa,0x56,0xba,0x01,0xa5,0x6e,0xff,0xa0,0xba,0x20,0xe1,0x02,0xfb,0xd1,0x02,
  0xfb,0xa1,0x02,0xfb,0xcd,0x05,0x81,0xa5,0xfa,0xe0,0x08,0x00,0x0c,0x02,0x1d,0xf0,
  0x00,0xc2,0xc1,0x10,0xb2,0xa0,0x01,0xa5,0xcb,0x00,0xa0,0x3a,0x20,0x9c,0x4a,0x25,
  0x6c,0xff,0xbd,0x0a,0xa1,0xfb,0xfa,0x50,0xc5,0x20,0x81,0x9c,0xfa,0xe0,0x08,0x00,
  0x06,0xf6,0xff,0x00,0x00,0xa5,0x6a,0xff,0xbd,0x0a,0xa1,0xf6,0xfa,0x50,0xc5,0x20,
  0x81,0x97,0xfa,0xe0,0x08,0x00,0xa5,0x69,0xff,0xbd,0x0a,0xa1,0xf3,0xfa,0x50,0xc5,
  0x20,0x81,0x92,0xfa,0xe0,0x08,0x00,0x7d,0x04,0x88,0x41,0x87,0x23,0x1a,0xad,0x04,
  0xa5,0x91,0xff,0xe5,0x67,0xff,0xbd,0x0a,0xa1,0xee,0xfa,0x50,0xc5,0x20,0x81,0x8b,
  0xfa,0xe0,0x08,0x00,0x0c,0x12,0x06,0xe5,0xff,0x92,0x07,0x02,0x66,0x29,0x02,0x46,
  0x33,0x00,0xf6,0x39,0x32,0x82,0x07,0x03,0x56,0x49,0x09,0x16,0x38,0x04,0x26,0xc8,
  0x7e,0x80,0x94,0x34,0x61,0xd3,0xfa,0x66,0x19,0x42,0x80,0x80,0x34,0xa8,0x17,0x98,
  0x27,0x2b,0x88,0x20,0x88,0xb0,0xa9,0x28,0x99,0x38,0x82,0x22,0x26,0x61,0xcb,0xfa,
  0x1b,0x88,0x82,0x62,0x26,0x06,0x09,0x00,0x61,0xc7,0xfa,0x66,0x39,0x1e,0x82,0x07,
  0x03,0x61,0xc3,0xfa,0x9c,0x58,0x61,0xc3,0xfa,0x66,0x18,0x10,0x61,0xcb,0xfa,0x86,
  0x02,0x00,0x98,0x17,0x88,0x27,0x61,0xc0,0xfa,0x99,0x22,0x89,0x32,0x25,0x60,0xff,
  0x82,0x27,0x02,0xa0,0xba,0x20,0x82,0x61,0x03,0x88,0x17,0xa1,0xcc,0xfa,0x89,0x21,
  0x82,0x07,0x03,0xcb,0xe7,0x89,0x11,0x82,0x07,0x02,0xdd,0x03,0x89,0x01,0xfd,0x06,
  0xcd,0x05,0x81,0x66,0xfa,0xe0,0x08,0x00,0x1b,0x33,0x72,0xc7,0x20,0x06,0xd2,0xff,
  0x98,0x17,0x88,0x27,0x61,0xac,0xfa,0x99,0x42,0x89,0x52,0x86,0xef,0xff,0x00,0x00,
  0x61,0xb5,0xfa,0x26,0x28,0xb6,0xf6,0x38,0x13,0x61,0xa7,0xfa,0x56,0xd8,0xfa,0x98,
  0x17,0x88,0x27,0x61,0xac,0xfa,0x99,0x02,0x89,0x12,0xc6,0xe7,0xff,0x61,0xac,0xfa,
  0x26,0x48,0x99,0x61,0xaa,0xfa,0x26,0x58,0x93,0x61,0xa7,0xfa,0x46,0xe3,0xff,0x00,
  0x82,0x07,0x03,0x61,0xab,0xfa,0x26,0x18,0x83,0x61,0xa8,0xfa,0x66,0x28,0x02,0x86,
  0xde,0xff,0x61,0x9c,0xfa,0x56,0x48,0xf7,0x61,0x99,0xfa,0x86,0xdb,0xff,0x00,0x00,
  0x36,0x41,0x00,0x25,0x1d,0x00,0xa2,0xa3,0xe8,0x81,0x49,0xfa,0xe0,0x08,0x00,0x81,
  0xa9,0xfa,0xe0,0x08,0x00,0x06,0xff,0xff,0x36,0x61,0x02,0xc2,0xa1,0x08,0xb2,0xa0,
  0x00,0x10,0xa1,0x20,0x81,0x8b,0xfa,0xe0,0x08,0x00,0x82,0xaf,0xfe,0x7d,0x03,0x62,
  0xa1,0x08,0x87,0x93,0x5a,0xbd,0x01,0xa2,0xc2,0x10,0xe5,0xd8,0xff,0x8c,0x3a,0xad,
  0x01,0xa5,0xc1,0xff,0x10,0x11,0x20,0xa5,0x52,0xff,0xbd,0x0a,0xc1,0x6e,0xfa,0xa1,
  0x9a,0xfa,0x81,0x36,0xfa,0xe0,0x08,0x00,0x10,0x11,0x20,0x65,0xfa,0xff,0x70,0xb7,
  0x20,0xad,0x02,0xa5,0x0a,0x00,0xa2,0x61,0x42,0xb2,0x61,0x43,0x9c,0xeb,0xbd,0x01,
  0x6a,0xa1,0x65,0xd5,0xff,0x8c,0xda,0x70,0xb7,0x20,0x20,0xa2,0x20,0xa5,0xd7,0xff,
  0xc6,0xee,0xff,0x00,0x00,0x00,0xad,0x07,0x10,0x11,0x20,0xe5,0xaf,0xff,0x0b,0x77,
  0xe6,0x07,0xca,0x1b,0x33,0x72,0xa1,0x08,0x82,0x22,0x26,0x87,0x23,0x23,0xbd,0x01,
  0xa2,0xc2,0x10,0x65,0xd2,0xff,0x71,0x57,0xfa,0x16,0x0a,0x04,0x25,0x4c,0xff,0xbd,
  0x0a,0xa1,0x82,0xfa,0xcd,0x07,0x81,0x1d,0xfa,0xe0,0x08,0x00,0xc6,0xdf,0xff,0x00,
  0x00,0x00,0x30,0xb3,0x20,0x20,0xa2,0x20,0x25,0x04,0x00,0xa2,0x61,0x42,0xb2,0x61,
  0x43,0x9c,0x1b,0xbd,0x01,0x7a,0xa1,0x25,0xcf,0xff,0x8c,0x3a,0xbd,0x03,0x06,0xe6,
  0xff,0xad,0x03,0x65,0xaa,0xff,0x1b,0x33,0x06,0xeb,0xff,0x00,0x00,0x25,0x48,0xff,
  0xbd,0x0a,0xa1,0x73,0xfa,0xcd,0x07,0x81,0x0d,0xfa,0xe0,0x08,0x00,0xb2,0xa1,0x08,
  0xad,0x01,0x81,0x70,0xfa,0xe0,0x08,0x00,0x06,0xd3,0xff,0x00,0x36,0x61,0x00,0x66,
  0x03,0x0d,0x98,0x22,0x88,0x32,0x99,0x01,0x89,0x11,0x28,0x01,0x38,0x11,0x1d,0xf0,
  0x7c,0xe8,0x87,0x93,0x06,0x98,0x42,0x88,0x52,0x46,0xfa,0xff,0x0c,0xfa,0x0c,0x08,
  0x0c,0x09,0x37,0x3a,0xe0,0xa2,0x22,0x26,0xa7,0xa3,0xda,0x20,0x33,0xb0,0x98,0x63,
  0x88,0x73,0x06,0xf4,0xff,0x00,0x00,0x00,0x36,0x41,0x00,0x1d,0xf0,0x00,0x00,0x00,
  0x36,0x41,0x00,0x81,0x5e,0xfa,0xe0,0x08,0x00,0x21,0x5b,0xfa,0x0c,0x2b,0xad,0x02,
  0x81,0x5c,0xfa,0xe0,0x08,0x00,0x1d,0xf0,0x36,0x41,0x00,0xbd,0x03,0xcd,0x04,0x56,
  0xd2,0x00,0xd1,0x58,0xfa,0xc1,0x58,0xfa,0x1c,0xfb,0xa1,0x58,0xfa,0x65,0x06,0x00,
  0x40,0x80,0x14,0x8c,0xa8,0xd1,0x56,0xfa,0xc1,0x54,0xfa,0x2c,0x6b,0x46,0xfa,0xff,
  0x00,0xa1,0x4d,0xfa,0x0c,0x0d,0x81,0x53,0xfa,0xe0,0x08,0x00,0x1d,0xf0,0x00,0x00,
  0x36,0x41,0x00,0x30,0xb3,0x20,0x56,0xe2,0x00,0xd1,0x4a,0xfa,0xc1,0x4f,0xfa,0xa1,
  0x4b,0xfa,0xb2,0xa0,0x2e,0xe5,0x02,0x00,0xa1,0x44,0xfa,0xcc,0x93,0xb2,0xa0,0xd8,
  0x81,0x41,0xfa,0xe0,0x08,0x00,0x1d,0xf0,0x81,0x49,0xfa,0xe0,0x08,0x00,0x06,0xfd,
  0xff,0x00,0x00,0x00,0x36,0x41,0x00,0xa2,0xa0,0x00,0x81,0x45,0xfa,0xe0,0x08,0x00,
  0x1d,0xf0,0x00,0x00,0x36,0x41,0x00,0xa1,0x43,0xfa,0xcd,0x02,0xdd,0x03,0xbd,0x04,
  0xed,0x05,0x81,0xce,0xf9,0xe0,0x08,0x00,0x06,0xff,0xff,0x00,0x36,0x41,0x00,0x81,
  0x3e,0xfa,0xe0,0xb0,0x11,0x80,0x8e,0x15,0x00,0x42,0x40,0xb0,0xb8,0x81,0xa1,0x3b,
  0xfa,0xb2,0xcb,0xfd,0x81,0xc6,0xf9,0xe0,0x08,0x00,0x81,0x39,0xfa,0x80,0x68,0x40,
  0x07,0x68,0x02,0xf0,0x41,0x00,0x06,0xff,0xff,0x00,0x00,0x00,0x36,0x41,0x00,0x91,
  0x35,0xfa,0x7c,0xba,0xc0,0x20,0x00,0x88,0x09,0x20,0x20,0x74,0xa0,0x88,0x10,0xc0,
  0x20,0x00,0x89,0x09,0x81,0x31,0xfa,0xc0,0x20,0x00,0x98,0x08,0x8c,0xc2,0xa1,0x2f,
  0xfa,0xa0,0x99,0x10,0xc0,0x20,0x00,0x99,0x08,0x1d,0xf0,0x00,0x0c,0x1a,0xf0,0xaa,
  0x01,0xa0,0x99,0x20,0x06,0xfb,0xff,0x00,0x36,0x41,0x00,0x91,0x26,0xfa,0x7c,0xea,
  0xc0,0x20,0x00,0x88,0x09,0x20,0x20,0x74,0xa0,0x88,0x10,0xc0,0x20,0x00,0x89,0x09,
  0x81,0x24,0xfa,0xc0,0x20,0x00,0x98,0x08,0x8c,0xd2,0x0c,0x1a,0xc0,0xaa,0x01,0xa0,
  0x99,0x20,0xc0,0x20,0x00,0x99,0x08,0x1d,0xf0,0xa1,0x1e,0xfa,0xa0,0x99,0x10,0xc6,
  0xfb,0xff,0x00,0x00,0x36,0x81,0x00,0x39,0x41,0x3d,0x04,0x72,0x23,0x37,0x7c,0x09,
  0x4d,0x05,0x1c,0x0c,0x52,0xc7,0x10,0xb2,0xa0,0x00,0x10,0xa1,0x20,0x90,0x55,0x10,
  0x81,0xe4,0xf9,0xe0,0x08,0x00,0x0c,0x19,0x88,0x41,0x70,0x55,0xc0,0x90,0x66,0x30,
  0x56,0x82,0x04,0x56,0x56,0x04,0x92,0xc1,0xff,0x50,0x99,0x80,0x80,0x78,0x75,0xe2,
  0x09,0x00,0x80,0x90,0xf5,0x90,0x77,0x30,0x80,0x77,0x30,0x80,0x88,0x41,0x80,0x77,
  0x30,0x70,0x70,0x74,0x77,0x1e,0x42,0x16,0xf6,0x03,0x56,0x64,0x01,0xe9,0x41,0x25,
  0x27,0xff,0xbd,0x0a,0xe8,0x41,0xc1,0x04,0xfa,0xa1,0x04,0xfa,0xdd,0x07,0x81,0x87,
  0xf9,0xe0,0x08,0x00,0x0c,0x2a,0xa2,0xda,0x20,0x86,0x05,0x00,0xa2,0x23,0x00,0xd2,
  0xa0,0x01,0x50,0xc5,0x20,0xbd,0x01,0xaa,0xa7,0x89,0x41,0x25,0x50,0xff,0x88,0x41,
  0x16,0x2a,0xfa,0x2d,0x0a,0x1d,0xf0,0x00,0x00,0x00,0x16,0xa2,0x00,0x50,0xc5,0x20,
  0x10,0xb1,0x20,0xad,0x02,0x25,0xe2,0xff,0x82,0x23,0x37,0x0c,0x0a,0x5a,0x88,0x82,
  0x63,0x37,0x46,0xf7,0xff,0x00,0x00,0x00,0x36,0x41,0x00,0x7d,0x02,0xb2,0xa1,0x08,
  0xad,0x07,0x81,0xd8,0xf9,0xe0,0x08,0x00,0x2d,0x03,0x39,0x07,0x4b,0x37,0xad,0x02,
  0x0c,0x1d,0x1c,0x8c,0xbd,0x03,0x65,0x4b,0xff,0x2d,0x0a,0x56,0xea,0x03,0x16,0x25,
  0x08,0x82,0x07,0x1b,0x9c,0x08,0x16,0xe4,0x00,0x65,0xdc,0xff,0xa9,0x04,0x16,0xaa,
  0x07,0x1c,0x8c,0xbd,0x03,0x25,0xdd,0xff,0x92,0x07,0x04,0x82,0xa0,0xe9,0x48,0x07,
  0x87,0x19,0x1c,0xdc,0x16,0xa5,0x1c,0xff,0xbd,0x0a,0xc1,0xdb,0xf9,0xa1,0xdc,0xf9,
  0xdd,0x04,0x81,0x5e,0xf9,0xe0,0x08,0x00,0x0c,0x22,0x22,0xd2,0x20,0x1d,0xf0,0x00,
  0x16,0xe4,0x00,0x81,0xd8,0xf9,0x52,0x28,0x00,0x40,0x55,0xc0,0x50,0xf5,0x40,0x50,
  0x55,0x41,0x0c,0x1b,0xb0,0xb5,0x30,0xad,0x03,0x25,0x34,0xff,0xfc,0x2a,0x82,0x07,
  0x05,0x1c,0x09,0x87,0xb9,0x1d,0x56,0xe6,0xfc,0x65,0x18,0xff,0xbd,0x0a,0xe2,0x07,
  0x05,0xc1,0xc9,0xf9,0xa1,0xcd,0xf9,0x1c,0x0f,0xdd,0x04,0x81,0x4c,0xf9,0xe0,0x08,
  0x00,0xc6,0xec,0xff,0x1c,0x88,0x82,0x67,0x37,0x06,0xec,0xff,0x22,0xa1,0x01,0x86,
  0xea,0xff,0x2d,0x0a,0x46,0xe9,0xff,0x00,0x36,0x41,0x00,0x37,0x22,0x0d,0xd1,0xc3,
  0xf9,0xc1,0xc3,0xf9,0x1c,0xeb,0xa1,0xc3,0xf9,0xa5,0xdb,0xff,0x57,0x24,0x0c,0xd1,
  0xc2,0xf9,0xc1,0xbf,0xf9,0x1c,0xfb,0xc6,0xfa,0xff,0x00,0x00,0x30,0x44,0x72,0x50,
  0x22,0x72,0x20,0x24,0x10,0x1d,0xf0,0x00,0x36,0x81,0x00,0x29,0x41,0x7d,0x04,0x2d,
  0x06,0x47,0x93,0x02,0x86,0x59,0x00,0x47,0x23,0x0e,0xd1,0xc0,0xf9,0xc1,0xc0,0xf9,
  0xa1,0xc1,0xf9,0xb2,0xa1,0x84,0xe5,0xd7,0xff,0x41,0xbf,0xf9,0x91,0xc0,0xf9,0x4a,
  0x43,0x47,0x39,0x6d,0x61,0xbf,0xf9,0x81,0xb8,0xf9,0x6a,0x67,0x67,0xb9,0x02,0x46,
  0x43,0x00,0xad,0x01,0xb1,0xbc,0xf9,0xdd,0x07,0xcd,0x03,0xa2,0xda,0x80,0xa5,0xf8,
  0xff,0x81,0xae,0xf9,0x56,0x8a,0x0f,0xb1,0xb8,0xf9,0xa1,0xb8,0xf9,0xdd,0x07,0xcd,
  0x03,0x65,0xf7,0xff,0x56,0x5a,0x0e,0xfc,0x52,0xb1,0xa7,0xf9,0xa1,0xa6,0xf9,0xdd,
  0x07,0xcd,0x03,0x65,0xf6,0xff,0x0c,0x12,0xac,0x4a,0x91,0xb1,0xf9,0x81,0x9f,0xf9,
  0x47,0x39,0x04,0x81,0xb0,0xf9,0x8a,0x83,0xb1,0xaf,0xf9,0x67,0xb9,0x71,0xb1,0x9c,
  0xf9,0xcd,0x0b,0x0c,0x1e,0xdd,0x05,0xbd,0x08,0xa8,0x41,0xe5,0xf6,0xff,0x2d,0x0a,
  0x1d,0xf0,0x81,0xa9,0xf9,0xa1,0xa9,0xf9,0x8a,0x83,0x87,0x3a,0x6a,0x91,0xa8,0xf9,
  0x81,0x9a,0xf9,0x9a,0x97,0x97,0xba,0x02,0x06,0x25,0x00,0xb1,0xa6,0xf9,0xa1,0xa6,
  0xf9,0xdd,0x07,0xcd,0x03,0x25,0xf1,0xff,0x56,0xca,0x0a,0x56,0x16,0xfd,0x61,0x8b,
  0xf9,0xb1,0x8b,0xf9,0xdd,0x07,0xcd,0x03,0x60,0xa6,0x20,0xe5,0xef,0xff,0x0c,0x12,
  0x16,0xca,0xfb,0xa1,0x97,0xf9,0x60,0x63,0xc0,0x81,0x86,0xf9,0x67,0x3a,0x05,0x81,
  0x9b,0xf9,0x80,0x83,0x80,0x91,0x9a,0xf9,0x9a,0x97,0x97,0x3a,0x12,0xb1,0x97,0xf9,
  0xba,0xb7,0x0c,0x1e,0xdd,0x05,0xcd,0x08,0x87,0x2b,0x8d,0x86,0xe0,0xff,0x00,0x00,
  0xb1,0x7e,0xf9,0x86,0xde,0xff,0x00,0x00,0x91,0x93,0xf9,0x7c,0xf8,0x9a,0x93,0x80,
  0x83,0xc5,0x97,0x38,0x14,0x91,0x90,0xf9,0x90,0x97,0x80,0x22,0xa0,0x01,0x97,0x38,
  0x02,0xc6,0xda,0xff,0x81,0x79,0xf9,0x46,0x05,0x00,0x7c,0xb9,0x40,0x99,0x01,0x9a,
  0x93,0x97,0x38,0xef,0x91,0x8a,0xf9,0x46,0xf7,0xff,0x00,0x00,0x00,0x81,0x70,0xf9,
  0x16,0xe5,0x01,0x82,0x61,0x05,0xa5,0xfd,0xfe,0x82,0x21,0x05,0xbd,0x0a,0xd8,0x41,
  0xc1,0x5e,0xf9,0xa1,0x83,0xf9,0x89,0x01,0xfd,0x07,0xed,0x03,0x81,0xe0,0xf8,0xe0,
  0x08,0x00,0x0c,0x02,0x06,0xca,0xff,0x00,0x81,0x67,0xf9,0x46,0xf4,0xff,0x0c,0x12,
  0x06,0xc7,0xff,0x00,0x36,0x41,0x00,0x82,0x02,0x1b,0x7d,0x02,0x8c,0x98,0xfc,0x44,
  0x82,0x27,0x37,0x82,0xc8,0x20,0x82,0x67,0x37,0x72,0x27,0x37,0x22,0xa0,0x00,0x77,
  0xb3,0x3e,0x56,0x65,0x01,0xa5,0xf8,0xfe,0xa0,0xba,0x20,0xc1,0x4b,0xf9,0xa1,0x71,
  0xf9,0x30,0xe3,0x20,0xdd,0x07,0x81,0xcd,0xf8,0xe0,0x08,0x00,0x0c,0x22,0x22,0xd2,
  0x20,0x06,0x07,0x00,0x00,0x00,0xa2,0x22,0x00,0x82,0x22,0x37,0xb2,0xa0,0xe0,0xb0,
  0xb2,0x80,0xd2,0xa0,0x01,0x2c,0x0c,0x8a,0xaa,0x25,0x21,0xff,0x2d,0x0a,0x16,0xea,
  0xfa,0x1d,0xf0,0x00,0x36,0x41,0x00,0xa2,0xa0,0x00,0x81,0x63,0xf9,0xe0,0x08,0x00,
  0x82,0xaf,0xdf,0x7c,0x1b,0x70,0x88,0x01,0x7c,0xf9,0x60,0xbb,0x01,0x8a,0x82,0x90,
  0x97,0x41,0xba,0xb2,0x80,0x89,0x62,0xb0,0x99,0x62,0x0b,0x88,0x0b,0x99,0x80,0x80,
  0x60,0x90,0x90,0x60,0x90,0x98,0x20,0x7c,0xf8,0x80,0x84,0x41,0x20,0x88,0x62,0x0b,
  0x88,0x80,0x80,0x60,0x90,0x88,0x20,0x7d,0x02,0x80,0x20,0x74,0xdc,0xa2,0x66,0x5a,
  0x1d,0x81,0x4c,0xf9,0x7c,0xf9,0x8a,0x87,0x90,0x93,0xc5,0x87,0xb9,0x09,0x7c,0xb8,
  0x40,0x88,0x01,0x8a,0x77,0x70,0x29,0x62,0x1d,0xf0,0x0c,0x02,0x06,0xfe,0xff,0x0c,
  0x12,0xc6,0xfc,0xff,0x36,0xe1,0x00,0x98,0x02,0x82,0x22,0x37,0x69,0x91,0x8a,0x89,
  0x89,0xd1,0x80,0xf6,0x40,0x80,0x85,0x41,0x89,0xc1,0x82,0xa0,0x9c,0x8a,0x82,0x89,
  0xb1,0x82,0xc2,0x1c,0x89,0x51,0x68,0xd1,0x0c,0x08,0x7d,0x02,0x59,0x81,0x39,0xa1,
  0x42,0x61,0x10,0x89,0x41,0x82,0x07,0x05,0x98,0x41,0x87,0x29,0x22,0x88,0x07,0x87,
  0x36,0x02,0x86,0xaa,0x00,0x82,0x21,0x0a,0x56,0x68,0x07,0x65,0xe9,0xfe,0xbd,0x0a,
  0xc1,0x0e,0xf9,0xa1,0x40,0xf9,0x81,0x91,0xf8,0xe0,0x08,0x00,0x86,0x18,0x00,0x00,
  0xb2,0x21,0x05,0xd2,0xa0,0x01,0x0c,0x8c,0xad,0x06,0x25,0x13,0xff,0x2d,0x0a,0x9c,
  0x3a,0xe5,0xe6,0xfe,0xbd,0x0a,0xc1,0x04,0xf9,0xa1,0x2f,0xf9,0xdd,0x06,0x81,0x87,
  0xf8,0xe0,0x08,0x00,0x1d,0xf0,0x82,0x21,0x08,0x16,0x98,0x00,0xb2,0x21,0x05,0x0c,
  0x8c,0xad,0x08,0x65,0xa4,0xff,0x82,0x21,0x05,0x42,0x28,0x01,0x82,0xc6,0x08,0x89,
  0x61,0x40,0x80,0x14,0xac,0x28,0x88,0xa1,0xdc,0x68,0x65,0xe3,0xfe,0x88,0x41,0xbd,
  0x0a,0x70,0x78,0xb0,0xd8,0x87,0xc1,0xf4,0xf8,0xa1,0x20,0xf9,0x81,0x78,0xf8,0xe0,
  0x08,0x00,0x0c,0x22,0x22,0xd2,0x20,0x46,0xee,0xff,0x88,0x51,0x7c,0x19,0x58,0x08,
  0x82,0xaf,0xdf,0x70,0x88,0x01,0x8a,0x65,0x60,0x99,0x01,0x7c,0xf8,0x80,0x87,0x41,
  0x9a,0x95,0x60,0x68,0x62,0x90,0x88,0x62,0x0b,0x66,0x0b,0x88,0x80,0x80,0x60,0x60,
  0x60,0x60,0x80,0x66,0x20,0x0c,0x18,0x00,0x88,0x11,0x60,0x60,0x74,0x82,0x67,0x41,
  0xac,0x96,0x88,0x61,0x80,0x85,0x30,0x80,0x80,0xf4,0x9c,0xf8,0x88,0xa1,0x56,0x08,
  0xfb,0xe5,0xdc,0xfe,0xbd,0x0a,0xf8,0x61,0xd8,0x41,0xc1,0xdb,0xf8,0xa1,0x08,0xf9,
  0xed,0x05,0x81,0x5e,0xf8,0xe0,0x08,0x00,0x86,0xe5,0xff,0x00,0x00,0x82,0x21,0x10,
  0x0c,0x03,0x16,0x98,0x00,0xad,0x05,0xe5,0xe5,0xff,0x2d,0x0a,0xa0,0x3a,0x20,0x88,
  0xa1,0xec,0x88,0xe5,0xd9,0xfe,0x81,0xf9,0xf8,0xbd,0x0a,0xcc,0x62,0x81,0xf9,0xf8,
  0x8c,0x16,0x81,0xf7,0xf8,0xe8,0x61,0xd8,0x41,0xc1,0xcb,0xf8,0xa1,0xfa,0xf8,0x89,
  0x21,0x49,0x11,0x49,0x01,0xfd,0x05,0x81,0x4d,0xf8,0xe0,0x08,0x00,0x16,0x24,0x00,
  0x56,0x43,0x04,0x25,0x27,0xff,0x92,0x21,0x0c,0x82,0xa0,0x01,0x80,0x83,0x30,0x80,
  0x89,0x10,0x89,0xf1,0x88,0x61,0x98,0x91,0x89,0x71,0x88,0x81,0xa9,0xe1,0x90,0x88,
  0x20,0x82,0x61,0x11,0xfc,0x64,0x88,0xb1,0x98,0x61,0x99,0x08,0x88,0x51,0x68,0x18,
  0x88,0x41,0x6a,0x69,0x1b,0x88,0x89,0x41,0x88,0xb1,0x4b,0x88,0x89,0xb1,0x88,0x51,
  0x8b,0x88,0x89,0x51,0x46,0x9f,0xff,0x00,0xa2,0x21,0x04,0xe2,0xa0,0x00,0xd2,0xa0,
  0x01,0x4a,0xc5,0xbd,0x05,0x25,0xbf,0xff,0x56,0x7a,0xfa,0xc6,0xbc,0xff,0x82,0x21,
  0x07,0x80,0x90,0xf4,0x82,0xa0,0x01,0x90,0x89,0x83,0x98,0xe1,0x97,0xb8,0x3d,0x80,
  0x89,0xc0,0x00,0x68,0x11,0x7c,0xf9,0x80,0x80,0xf5,0x80,0x69,0x93,0x88,0xf1,0x40,
  0x66,0x63,0x56,0xa8,0x05,0xa8,0x71,0x60,0xb6,0x20,0x65,0xee,0xfe,0x3d,0x0a,0xfc,
  0x1a,0xe5,0xcd,0xfe,0xbd,0x0a,0xd8,0x71,0xc1,0xa0,0xf8,0xa1,0xd0,0xf8,0xed,0x06,
  0x81,0x23,0xf8,0xe0,0x08,0x00,0x7c,0xf2,0x06,0x9a,0xff,0x00,0x00,0x25,0xcc,0xfe,
  0xbd,0x0a,0xc1,0x99,0xf8,0xa1,0xc8,0xf8,0x22,0xa1,0x01,0x81,0x1c,0xf8,0xe0,0x08,
  0x00,0xc6,0x93,0xff,0x82,0x21,0x11,0xa1,0xc6,0xf8,0x56,0x78,0x02,0x60,0xc6,0x20,
  0x30,0xb3,0x20,0xad,0x05,0x81,0x0d,0xf8,0xe0,0x08,0x00,0xad,0x03,0xe5,0xf2,0xfe,
  0x88,0x71,0x60,0x44,0xc0,0x6a,0x88,0x89,0x71,0xc6,0xcd,0xff,0x00,0x0c,0x8b,0xe5,
  0x18,0xff,0xa1,0xbb,0xf8,0x98,0x0a,0x16,0x29,0xff,0x92,0x2a,0x01,0x16,0xc9,0xfe,
  0x88,0x41,0x56,0x38,0x07,0x98,0x07,0x16,0xe9,0x06,0xa1,0x86,0xf8,0xa8,0x0a,0xa7,
  0x19,0x66,0xb2,0x13,0x59,0xa2,0x13,0x58,0x65,0xd5,0xfe,0x16,0xaa,0x05,0xa9,0x41,
  0xad,0x03,0xa5,0xee,0xfe,0x28,0x41,0x46,0x7a,0xff,0x88,0x91,0x9a,0xa3,0xa8,0x0a,
  0x8c,0x58,0xb8,0x08,0xa0,0xbb,0x30,0xb9,0x08,0x16,0x02,0x01,0x81,0xa9,0xf8,0x27,
  0x69,0x31,0xb2,0x28,0x00,0x90,0xc5,0x80,0xb0,0xaa,0x30,0xa9,0x0c,0x88,0x81,0x9c,
  0x98,0x90,0xa0,0x94,0xdc,0x4a,0x90,0xc6,0xc0,0xa2,0xa4,0x00,0xa0,0xcc,0x63,0x9a,
  0xb3,0xad,0x08,0x92,0x61,0x12,0x25,0x80,0xff,0x92,0x21,0x12,0x4b,0x99,0x67,0x39,
  0xb8,0x86,0xd9,0xff,0xb8,0x18,0xc6,0xf2,0xff,0x0c,0x09,0xc6,0xfb,0xff,0x00,0x00,
  0x82,0x27,0x37,0x98,0xd1,0x0c,0x02,0x90,0x88,0xc0,0x6a,0x88,0x82,0x67,0x37,0x46,
  0x60,0xff,0x00,0x00,0x36,0xc1,0x00,0x0c,0x27,0x20,0x77,0x62,0x0b,0x77,0x70,0x70,
  0x60,0x70,0x80,0x74,0x89,0xc1,0x0b,0x62,0x82,0xa0,0xef,0x60,0xf6,0x40,0x89,0x91,
  0x9d,0x02,0x60,0x65,0x41,0x0c,0x0f,0xf6,0x32,0x02,0xf2,0xc1,0x24,0x0c,0x08,0x0c,
  0x1a,0x2d,0x08,0x40,0x2a,0x83,0x89,0x81,0x30,0x8a,0x83,0x80,0x72,0x20,0x22,0xa1,
  0x02,0x56,0xb7,0x0a,0xb8,0x03,0x0c,0x0c,0x9c,0x5b,0x81,0x52,0xf8,0x88,0x08,0xb0,
  0x88,0xc0,0x80,0xa7,0x83,0x88,0xc1,0xa0,0xa8,0x10,0x8c,0x3a,0x7d,0x0a,0xc2,0xc1,
  0x20,0xd2,0x21,0x0c,0x60,0xe6,0x20,0xad,0x04,0x99,0xd1,0xf9,0xf1,0xa5,0x95,0xff,
  0x2d,0x0a,0x56,0x3a,0x0e,0x98,0xd1,0x0c,0x1c,0x82,0xc9,0xfe,0x58,0x81,0x80,0xcc,
  0x62,0xe8,0xf1,0x0b,0xcc,0xdd,0x05,0xc0,0xc0,0x60,0xbd,0x06,0xad,0x04,0x99,0xe1,
  0x89,0xd1,0x25,0xc7,0xff,0x2d,0x0a,0x56,0xea,0x0b,0x98,0xe1,0x0c,0x1e,0xf6,0x39,
  0x08,0xe1,0x33,0xf8,0xe0,0x6e,0x40,0xe0,0xe0,0x04,0xb8,0x91,0xdd,0x06,0xcd,0x04,
  0xad,0x05,0x25,0x86,0xff,0x2d,0x0a,0x56,0xea,0x09,0xc8,0xc1,0xb8,0x13,0xdd,0x06,
  0x40,0xa4,0x20,0x25,0xb7,0xff,0x2d,0x0a,0x56,0xda,0x08,0x8c,0x35,0xec,0x47,0x56,
  0x15,0x0a,0x88,0xd1,0xf6,0x28,0x18,0x61,0x5e,0xf8,0x98,0x06,0x9c,0x09,0x98,0x16,
  0x8c,0xc9,0x72,0xc4,0x1c,0x0c,0x05,0x92,0x04,0x05,0x97,0xa5,0x02,0x46,0x25,0x00,
  0x1d,0xf0,0x00,0x00,0x00,0x91,0x1e,0xf8,0x90,0x69,0x40,0x07,0xe9,0x75,0xc2,0xa0,
  0x20,0xb2,0xa0,0x00,0xad,0x01,0x81,0xee,0xf7,0xe0,0x08,0x00,0xbd,0x01,0xad,0x05,
  0xe5,0x6f,0xff,0xc1,0x51,0xf8,0x2c,0x0b,0xad,0x01,0x72,0xa0,0xe0,0xa5,0x69,0xff,
  0x7a,0x74,0x2c,0x0c,0xbd,0x01,0xad,0x07,0x81,0x4f,0xf8,0xe0,0x08,0x00,0xcc,0x3a,
  0x29,0x81,0x06,0xe7,0xff,0xa5,0xaa,0xfe,0xa0,0xba,0x20,0xc1,0x13,0xf8,0xa1,0x47,
  0xf8,0x81,0x96,0xf7,0xe0,0x08,0x00,0xc1,0x46,0xf8,0xb2,0xa0,0x20,0xad,0x07,0xa5,
  0x66,0xff,0x29,0x81,0x0c,0x22,0x22,0xd2,0x20,0xa2,0x21,0x08,0x16,0x5a,0x00,0xb2,
  0xa0,0x00,0xe5,0x6a,0xff,0xb2,0xa1,0x08,0xad,0x04,0x81,0xf2,0xf7,0xe0,0x08,0x00,
  0x06,0xdf,0xff,0x00,0xb2,0xa0,0x00,0x50,0xa5,0x20,0x65,0x69,0xff,0x92,0xa0,0x00,
  0x99,0x81,0x06,0xd3,0xff,0x00,0x32,0x27,0x00,0x30,0xa3,0x20,0x65,0xb0,0xff,0x56,
  0x7a,0x02,0x1b,0x55,0x8b,0x77,0x46,0xd3,0xff,0x30,0xb9,0xa0,0xa8,0x0b,0x07,0x69,
  0x13,0xc8,0x06,0xc0,0xaa,0x30,0xa9,0x0b,0x1b,0x99,0xa8,0x17,0xa0,0xa2,0x41,0xa7,
  0x39,0xe6,0x06,0xf7,0xff,0xc8,0x16,0x06,0xfa,0xff,0x0c,0x09,0x86,0xfa,0xff,0x00,
  0x36,0x41,0x00,0xbd,0x02,0xcd,0x03,0x0c,0x2a,0xa5,0xe3,0xff,0x2d,0x0a,0x1d,0xf0,
  0x36,0x41,0x01,0x81,0x65,0xf7,0xd1,0x2a,0xf8,0x88,0x08,0xe1,0x2a,0xf8,0x58,0x18,
  0x0c,0x08,0x30,0x30,0x74,0x89,0x04,0x20,0x72,0x20,0x62,0xa0,0x00,0x92,0x17,0x00,
  0xd7,0x99,0x4d,0x98,0x17,0x97,0xb5,0x21,0x9c,0x83,0x65,0x9e,0xfe,0x59,0x01,0xbd,
  0x0a,0xf8,0x27,0xe8,0x17,0xc1,0x18,0xf8,0xa1,0x19,0xf8,0x60,0xd6,0x20,0x81,0x63,
  0xf7,0xe0,0x08,0x00,0x22,0xa1,0x04,0x06,0x2b,0x00,0xa2,0x27,0x02,0xa0,0x99,0x80,
  0x97,0x35,0xd4,0x62,0xc6,0x01,0x92,0xa0,0x60,0x72,0xc7,0x20,0x97,0x96,0xbd,0xac,
  0x93,0xe5,0x9a,0xfe,0xbd,0x0a,0xc1,0x0c,0xf8,0xa1,0x10,0xf8,0x86,0x05,0x00,0x00,
  0x00,0xe7,0x99,0x74,0x16,0xc8,0x01,0x16,0x13,0x01,0x65,0x99,0xfe,0xa0,0xba,0x20,
  0xc1,0x06,0xf8,0xa1,0x07,0xf8,0x81,0x51,0xf7,0xe0,0x08,0x00,0x22,0xa1,0x03,0x06,
  0x19,0x00,0x00,0x00,0xa2,0xc1,0x10,0x81,0x08,0xf8,0xe0,0x08,0x00,0x60,0xc0,0xf4,
  0xb0,0xcc,0x11,0x20,0xb2,0x20,0xa2,0xc1,0x10,0x81,0x04,0xf8,0xe0,0x08,0x00,0xb2,
  0xc1,0x10,0xa2,0xc1,0x68,0x81,0x02,0xf8,0xe0,0x08,0x00,0xc2,0xa0,0x10,0xb2,0xc1,
  0x68,0xa2,0xc7,0x10,0x81,0xf4,0xf7,0xe0,0x08,0x00,0xd1,0xf9,0xf7,0xe1,0xf9,0xf7,
  0x16,0x0a,0x01,0x16,0x53,0xfb,0xa5,0x93,0xfe,0xbd,0x0a,0xc1,0xef,0xf7,0xa1,0xf1,
  0xf7,0x46,0xe8,0xff,0x0c,0x18,0x46,0xda,0xff,0x8c,0xc6,0x98,0x07,0x66,0x09,0x08,
  0x80,0x86,0xc0,0x89,0x04,0x0c,0x02,0x1d,0xf0,0x16,0xf3,0xf8,0x25,0x91,0xfe,0xbd,
  0x0a,0xe2,0x17,0x00,0xc1,0xe5,0xf7,0xa1,0xe8,0xf7,0xdd,0x06,0x81,0x30,0xf7,0xe0,
  0x08,0x00,0x86,0xdd,0xff,0x00,0x00,0x00,0x36,0x41,0x00,0x91,0xea,0xf7,0x82,0xa1,
  0x05,0x97,0x92,0x01,0x0c,0x08,0x2d,0x08,0x1d,0xf0,0x00,0x00,0x36,0x61,0x00,0x20,
  0xf0,0x60,0x20,0xff,0x10,0xf0,0xff,0x40,0xf2,0xcf,0xe4,0x82,0xa0,0x00,0xf0,0xf0,
  0x60,0x82,0x61,0x00,0xf0,0xf0,0x74,0xe2,0xa0,0x08,0x0c,0x0d,0x0c,0x0c,0x0c,0x0b,
  0xa2,0xa0,0xc0,0x65,0x05,0xfe,0x0c,0x02,0x1d,0xf0,0x00,0x00,0x36,0x61,0x00,0x71,
  0xda,0xf7,0x20,0xf0,0x60,0x20,0xff,0x10,0xc0,0x20,0x00,0x88,0x07,0xf0,0xff,0x40,
  0x0c,0x19,0x10,0x99,0x11,0xf2,0xcf,0xe4,0x90,0x88,0x20,0xf0,0xf0,0x60,0xc0,0x20,
  0x00,0x89,0x07,0xb0,0xff,0x11,0x0c,0x08,0x89,0x01,0xf0,0xf0,0x74,0x0c,0x8e,0x0c,
  0x6d,0x0c,0x0c,0xb2,0xa0,0x00,0xa2,0xa0,0x77,0xe5,0x00,0xfe,0xc0,0x20,0x00,0x88,
  0x07,0x7c,0xf9,0x92,0xd9,0x80,0x90,0x88,0x10,0xc0,0x20,0x00,0x89,0x07,0x0c,0x02,
  0x1d,0xf0,0x00,0x00,0x36,0x61,0x00,0x82,0xa0,0x00,0x82,0x61,0x00,0xf2,0xa0,0x10,
  0x0c,0x8e,0x0c,0x0d,0x0c,0x0c,0x0c,0x0b,0xa2,0xa0,0xc0,0xe5,0xfd,0xfd,0x0c,0x02,
  0x1d,0xf0,0x00,0x00,0x36,0x61,0x00,0x71,0xbc,0xf7,0x0c,0x19,0xc0,0x20,0x00,0x88,
  0x07,0x10,0x99,0x11,0x90,0x88,0x20,0xc0,0x20,0x00,0x89,0x07,0x0c,0x08,0x89,0x01,
  0x1c,0x0f,0x0c,0x8e,0x0c,0x6d,0x0c,0x0c,0x0c,0x0b,0xa2,0xa0,0x77,0xa5,0xfa,0xfd,
  0xc0,0x20,0x00,0x88,0x07,0x7c,0xf9,0x92,0xd9,0x80,0x90,0x88,0x10,0xc0,0x20,0x00,
  0x89,0x07,0x0c,0x02,0x1d,0xf0,0x00,0x00,0x36,0x41,0x00,0x81,0xdf,0xf6,0x71,0xab,
  0xf7,0x88,0x08,0x0c,0x02,0x68,0x08,0x82,0x07,0x05,0x92,0x07,0x04,0x80,0x88,0x11,
  0x90,0x88,0x20,0x92,0x07,0x06,0x00,0x99,0x11,0x80,0x99,0x20,0x82,0x07,0x07,0x80,
  0x88,0x01,0x90,0x88,0x20,0x56,0x78,0x00,0x81,0xa2,0xf7,0x79,0x08,0x1d,0xf0,0x00,
  0xad,0x06,0xe0,0x08,0x00,0x2d,0x0a,0x16,0xda,0xfe,0x72,0xc7,0x10,0x86,0xf1,0xff,
  0x36,0x41,0x00,0x81,0x9b,0xf7,0xa8,0x08,0x92,0x0a,0x0d,0x82,0x0a,0x0c,0x80,0x99,
  0x11,0x80,0x99,0x20,0x82,0x0a,0x0e,0xa2,0x0a,0x0f,0x00,0x88,0x11,0x90,0x88,0x20,
  0x80,0xaa,0x01,0x80,0xaa,0x20,0xe0,0x0a,0x00,0x2d,0x0a,0x1d,0xf0,0x00,0x00,0x00,
  0x36,0x41,0x00,0x0c,0x1a,0x91,0x8f,0xf7,0x20,0xaa,0x11,0x82,0xa2,0x00,0x76,0x88,
  0x03,0xa9,0x09,0x4b,0x99,0x91,0x8b,0xf7,0x82,0xa2,0x00,0x76,0x88,0x03,0xa9,0x09,
  0x4b,0x99,0x1d,0xf0,0x36,0x41,0x00,0x81,0x88,0xf7,0xe0,0x08,0x00,0x25,0xfd,0xff,
  0x1d,0xf0,0x00,0x00,0x36,0x41,0x00,0x4a,0x43,0x0c,0x02,0x17,0x65,0x1e,0x92,0xaf,
  0xdf,0x70,0x99,0x01,0x81,0xff,0xf6,0x9a,0x93,0x97,0x38,0x10,0x91,0x80,0xf7,0x9a,
  0x94,0x90,0x28,0x62,0x22,0xc2,0xff,0x20,0x20,0x60,0x20,0x20,0x74,0x07,0x65,0x21,
  0x7c,0x18,0x60,0x88,0x01,0x91,0xf6,0xf6,0x8a,0x33,0x0c,0x08,0x37,0x39,0x0c,0x81,
  0x78,0xf7,0x8a,0x44,0x40,0x99,0x62,0x0b,0x89,0x80,0x80,0x60,0x80,0x22,0x20,0x20,
  0x20,0x04,0x1d,0xf0,0x36,0x41,0x00,0xad,0x02,0x50,0x24,0x20,0x20,0x20,0xf4,0x8c,
  0x12,0xa5,0x37,0xff,0x82,0xc6,0xff,0x60,0x95,0x20,0x50,0x88,0x80,0x90,0x88,0x20,
  0x7c,0xf9,0x90,0x92,0x41,0x87,0x39,0xe8,0x0c,0x3d,0xcd,0x06,0xbd,0x04,0x65,0xf8,
  0xff,0x16,0xca,0xfd,0x7c,0xf8,0x80,0x80,0xf5,0x8a,0x66,0x60,0x80,0xf5,0x00,0x88,
  0x11,0x89,0x07,0x0b,0x33,0x0c,0x18,0x60,0x60,0xf5,0x30,0x82,0x83,0x00,0x66,0x11,
  0x0c,0x1b,0xa1,0x60,0xf7,0x50,0x50,0xf5,0x4a,0x66,0x10,0x88,0x11,0x00,0xbb,0x11,
  0x67,0x94,0x01,0x1d,0xf0,0x40,0x90,0x85,0xaa,0x99,0x50,0xc8,0x20,0xe0,0x99,0x11,
  0xc9,0x09,0xba,0x44,0x1b,0x55,0x86,0xf9,0xff,0x00,0x00,0x00,0x36,0x41,0x00,0xb1,
  0x56,0xf7,0x81,0x56,0xf7,0xc0,0x20,0x00,0x98,0x0b,0xa1,0x55,0xf7,0x90,0x92,0x04,
  0x92,0x48,0x01,0xc0,0x20,0x00,0x98,0x0a,0x90,0x92,0x04,0x92,0x48,0x00,0xc0,0x20,
  0x00,0x98,0x0b,0x90,0x92,0x04,0x92,0x48,0x03,0xc0,0x20,0x00,0x98,0x0a,0x90,0x92,
  0x04,0x92,0x48,0x02,0x1d,0xf0,0x00,0x00,0x36,0x41,0x00,0x25,0xfc,0xff,0x81,0x47,
  0xf7,0xa2,0x08,0x00,0x72,0x08,0x01,0xe0,0xaa,0x11,0x81,0x46,0xf7,0xe0,0x08,0x00,
  0xe0,0xa7,0x11,0x81,0x45,0xf7,0xe0,0x08,0x00,0x91,0xb6,0xf6,0xb2,0xaf,0xfd,0xc0,
  0x20,0x00,0x82,0x29,0x00,0xc2,0xaf,0xfe,0xc0,0x20,0x00,0x89,0x09,0x81,0xb2,0xf6,
  0xc0,0x20,0x00,0xa8,0x08,0xb0,0xaa,0x10,0xc0,0x20,0x00,0xa9,0x08,0xc0,0x20,0x00,
  0xa8,0x09,0xc0,0xaa,0x10,0xc0,0x20,0x00,0xa9,0x09,0xc0,0x20,0x00,0xa8,0x08,0xc0,
  0x20,0x00,0xa9,0x08,0xc0,0x20,0x00,0xa8,0x09,0xc0,0x20,0x00,0xa9,0x09,0xc0,0x20,
  0x00,0xa8,0x08,0xc0,0xaa,0x10,0xc0,0x20,0x00,0xa9,0x08,0xc0,0x20,0x00,0xa8,0x09,
  0xb0,0xaa,0x10,0xc0,0x20,0x00,0xa9,0x09,0xc0,0x20,0x00,0x98,0x08,0xc0,0x20,0x00,
  0x99,0x08,0x1d,0xf0,0x36,0x41,0x00,0x26,0x12,0x02,0x25,0x24,0xff,0x16,0x13,0x01,
  0x66,0x13,0x08,0x81,0x26,0xf7,0xe0,0x08,0x00,0x1d,0xf0,0x00,0x81,0x24,0xf7,0xe0,
  0x08,0x00,0x81,0x23,0xf7,0xe0,0x08,0x00,0x46,0xfb,0xff,0x00,0x36,0x41,0x00,0x26,
  0x12,0x02,0xa5,0x21,0xff,0x81,0x19,0xf7,0x72,0x08,0x01,0x16,0x83,0x01,0xa2,0x08,
  0x00,0xe0,0xaa,0x11,0x66,0x13,0x09,0x81,0x17,0xf7,0xe0,0x08,0x00,0x1d,0xf0,0x00,
  0x00,0x81,0x14,0xf7,0xe0,0x08,0x00,0xe0,0xa7,0x11,0x81,0x13,0xf7,0xe0,0x08,0x00,
  0x46,0xfa,0xff,0x00,0x36,0x41,0x00,0x20,0x20,0x74,0x81,0x14,0xf7,0x16,0x32,0x0a,
  0xa1,0x11,0xf7,0x0c,0x1b,0xc0,0x20,0x00,0x98,0x0a,0xd0,0xbb,0x01,0xb0,0x99,0x20,
  0xc0,0x20,0x00,0x99,0x0a,0xa1,0x0c,0xf7,0xc0,0x20,0x00,0x98,0x0a,0xb0,0x99,0x20,
  0xc0,0x20,0x00,0x99,0x0a,0xc0,0x20,0x00,0x98,0x08,0xa1,0x09,0xf7,0xa0,0x99,0x10,
  0xc0,0x20,0x00,0x99,0x08,0xc0,0x20,0x00,0x98,0x08,0xa1,0x06,0xf7,0xa0,0x99,0x10,
  0x0c,0x3a,0xf0,0xaa,0x01,0xa0,0x99,0x20,0xc0,0x20,0x00,0x99,0x08,0xc0,0x20,0x00,
  0x98,0x08,0xa1,0x01,0xf7,0xa0,0x99,0x10,0x0c,0x3a,0x30,0xaa,0x11,0xa0,0x99,0x20,
  0xc0,0x20,0x00,0x99,0x08,0xc0,0x20,0x00,0x98,0x08,0x7c,0xfa,0xa2,0xda,0xe4,0xa0,
  0x99,0x10,0x0c,0x3a,0x60,0xaa,0x11,0xa0,0x99,0x20,0xc0,0x20,0x00,0x99,0x08,0xc0,
  0x20,0x00,0x98,0x08,0xa2,0xa2,0x00,0xa0,0x99,0x20,0xc0,0x20,0x00,0x99,0x08,0xc0,
  0x20,0x00,0x98,0x08,0x0c,0x1a,0x00,0xaa,0x11,0xa0,0x99,0x20,0xc0,0x20,0x00,0x99,
  0x08,0x1d,0xf0,0x00,0xc0,0x20,0x00,0x98,0x08,0xa2,0xa0,0x80,0xa0,0x99,0x20,0xc0,
  0x20,0x00,0x99,0x08,0xc0,0x20,0x00,0x98,0x08,0xa1,0xe8,0xf6,0xa0,0x99,0x10,0x46,
  0xf6,0xff,0x00,0x00,0x36,0x41,0x00,0x71,0xe6,0xf6,0x3c,0xfa,0xc0,0x20,0x00,0x88,
  0x07,0x20,0x20,0x74,0x91,0xe4,0xf6,0x30,0x30,0x74,0xa2,0xda,0xc0,0xbc,0x82,0xb2,
  0xaf,0xbf,0xb0,0x88,0x10,0xc0,0x20,0x00,0x89,0x07,0xc0,0x20,0x00,0x88,0x09,0xa0,
  0x88,0x10,0xa2,0xa1,0x40,0xa0,0x88,0x20,0xc0,0x20,0x00,0x89,0x09,0x3c,0x2a,0x81,
  0x04,0xf6,0xe0,0x08,0x00,0xc0,0x20,0x00,0x88,0x07,0xac,0xb3,0x92,0xaf,0x7f,0x90,
  0x88,0x10,0xc0,0x20,0x00,0x89,0x07,0x1d,0xf0,0x4c,0x0b,0xb0,0x88,0x20,0xc0,0x20,
  0x00,0x89,0x07,0xc0,0x20,0x00,0x88,0x09,0xa0,0x88,0x10,0xa2,0xa5,0x00,0xa0,0x88,
  0x20,0xc0,0x20,0x00,0x89,0x09,0xc6,0xf2,0xff,0x92,0xa0,0x80,0x90,0x88,0x20,0xc6,
  0xf3,0xff,0x00,0x00,0x36,0x41,0x00,0x81,0xc6,0xf6,0x26,0x12,0x23,0x26,0x22,0x53,
  0x56,0x82,0x06,0xc0,0x20,0x00,0x98,0x08,0xe0,0x99,0x11,0x90,0x92,0x41,0xc0,0x20,
  0x00,0x99,0x08,0xc0,0x20,0x00,0x98,0x08,0xa2,0xae,0xff,0xa0,0x99,0x10,0x86,0x08,
  0x00,0xc0,0x20,0x00,0x98,0x08,0x0c,0x1a,0xe0,0x99,0x11,0x20,0xaa,0x01,0x90,0x92,
  0x41,0xa0,0x99,0x20,0xc0,0x20,0x00,0x99,0x08,0xc0,0x20,0x00,0x98,0x08,0xa2,0xa1,
  0x00,0xa0,0x99,0x20,0xc0,0x20,0x00,0x99,0x08,0xa2,0xa1,0x2c,0x81,0xdd,0xf5,0xe0,
  0x08,0x00,0x1d,0xf0,0xc0,0x20,0x00,0x98,0x08,0x7c,0xfa,0xe0,0x99,0x11,0x90,0x92,
  0x41,0x10,0xaa,0x01,0xa0,0x99,0x20,0xc6,0xe8,0xff,0x00,0x00,0xe5,0x01,0xff,0x00,
  0x36,0x41,0x00,0x81,0xa7,0xf6,0xc0,0x20,0x00,0x22,0x28,0x00,0x20,0x2e,0x15,0x26,
  0x12,0x08,0x26,0x22,0x05,0x16,0x22,0x00,0x25,0x00,0xff,0x90,0x00,0x00,0x00,0x00,
  0x36,0x41,0x00,0x0c,0x12,0xa5,0xfd,0xff,0x10,0x22,0x11,0x26,0x1a,0x08,0x21,0x9f,
  0xf6,0x26,0x2a,0x02,0x21,0x9d,0xf6,0x1d,0xf0,0x00,0x00,0x00,0x36,0x41,0x00,0x81,
  0x98,0xf6,0x8c,0x72,0x26,0x12,0x20,0x10,0x11,0x20,0x25,0xfd,0xfe,0xc0,0x20,0x00,
  0x98,0x08,0xa1,0xb2,0xf5,0xa0,0x99,0x10,0xc0,0x20,0x00,0x99,0x08,0x0c,0x3a,0x81,
  0xbc,0xf5,0xe0,0x08,0x00,0x1d,0xf0,0x00,0xc0,0x20,0x00,0x98,0x08,0x0c,0x1a,0x30,
  0xaa,0x01,0xa0,0x99,0x20,0xc6,0xf7,0xff,0x36,0x41,0x00,0x81,0x89,0xf6,0xc0,0x20,
  0x00,0x28,0x08,0x20,0x2d,0x05,0x1d,0xf0,0x36,0x41,0x00,0x81,0x89,0xf6,0xc0,0x20,
  0x00,0x28,0x08,0x20,0x90,0xf4,0x20,0x80,0xf5,0x87,0x99,0x0f,0x0b,0x82,0x7c,0xd9,
  0x87,0x39,0x08,0x20,0x21,0xe4,0x20,0x22,0x80,0x56,0x52,0x01,0x10,0x11,0x20,0x25,
  0x2e,0xfe,0xbd,0x0a,0xc1,0x80,0xf6,0xa1,0x80,0xf6,0x2c,0x82,0x81,0xa4,0xf5,0xe0,
  0x08,0x00,0x1d,0xf0,0x36,0x41,0x00,0x25,0xfc,0xff,0x82,0xc2,0xff,0x20,0x72,0x20,
  0xa7,0xb8,0x1e,0x20,0x8a,0xc2,0x80,0x91,0x41,0xa0,0x99,0x80,0x80,0x99,0xc2,0x0c,
  0x02,0x97,0x97,0x0b,0x0c,0x09,0x99,0x03,0xa9,0x13,0x89,0x23,0x79,0x33,0x0c,0x12,
  0x1d,0xf0,0x5c,0x08,0x87,0x12,0x18,0x82,0xa0,0xa0,0x87,0x12,0x17,0x82,0xa0,0xf0,
  0x0c,0x02,0x87,0x97,0xea,0x0c,0x28,0x0c,0x19,0xa2,0xa1,0xe0,0x86,0xf5,0xff,0x00,
  0x0c,0x68,0x46,0xfc,0xff,0x0c,0x38,0x06,0xfb,0xff,0x00,0x00,0x36,0x41,0x00,0x81,
  0x67,0xf6,0xc0,0x20,0x00,0x68,0x08,0x60,0x6a,0x14,0x26,0x16,0x22,0x26,0x26,0x75,
  0x56,0xc6,0x05,0xc0,0x20,0x00,0x72,0x28,0x00,0xe5,0xf4,0xff,0x70,0x70,0x94,0x1b,
  0x77,0x70,0x8a,0xc2,0x69,0x02,0xa9,0x12,0x79,0x22,0x89,0x32,0x46,0x14,0x00,0x00,
  0xa1,0x5d,0xf6,0x82,0xa0,0xa0,0xc0,0x20,0x00,0x98,0x0a,0x90,0x90,0x14,0x26,0x19,
  0x0e,0x82,0xa0,0xf0,0x26,0x29,0x08,0x82,0xa0,0x50,0xb2,0xa0,0x00,0x90,0x8b,0x93,
  0xc0,0x20,0x00,0x98,0x0a,0x27,0x69,0x3f,0x5c,0x09,0x97,0x98,0x4a,0x0c,0x67,0xa2,
  0xa1,0xe0,0x86,0xef,0xff,0x92,0xa0,0xf0,0x0c,0x27,0xa2,0xa1,0xe0,0x97,0x18,0xb3,
  0xe5,0x1f,0xfe,0xbd,0x0a,0xc1,0x47,0xf6,0xa1,0x4a,0xf6,0x81,0x6c,0xf5,0xe0,0x08,
  0x00,0x1d,0xf0,0x00,0x00,0x00,0x1c,0x48,0x0c,0x17,0x1c,0x4a,0x06,0xe5,0xff,0x00,
  0x0c,0x47,0xa2,0xa1,0x40,0xc6,0xe2,0xff,0x5c,0x09,0x97,0x18,0xf2,0x92,0xa0,0xa0,
  0x0c,0x27,0xa2,0xa1,0x40,0x06,0xf1,0xff,0x92,0xa0,0xa0,0x97,0x98,0xb6,0x0c,0x37,
  0xc6,0xea,0xff,0x00,0x36,0x61,0x00,0x71,0x3c,0xf6,0x20,0x8f,0x31,0x70,0x72,0xb2,
  0xad,0x01,0x70,0x75,0x21,0x80,0x77,0xc0,0x0c,0x08,0x89,0x31,0xe5,0xf2,0xff,0x68,
  0x31,0x27,0xb6,0x5c,0x82,0xa0,0xf0,0x87,0x92,0x35,0x81,0x34,0xf6,0x0c,0x0e,0xf2,
  0x08,0x00,0x0c,0x4d,0x0c,0x4c,0x0c,0x1b,0xa2,0xa0,0x6d,0x81,0x84,0xf5,0xe0,0x08,
  0x00,0x81,0x2f,0xf6,0xa2,0xa0,0x6d,0xf2,0x08,0x00,0x0c,0x0e,0x0c,0x4d,0x0c,0x6c,
  0x0c,0x1b,0x81,0x7e,0xf5,0xe0,0x08,0x00,0x2c,0x8a,0x81,0x49,0xf5,0xe0,0x08,0x00,
  0xa1,0x29,0xf6,0xb1,0x29,0xf6,0xc0,0x20,0x00,0x98,0x0a,0x0c,0x78,0x00,0x07,0x40,
  0x80,0x80,0xb1,0x30,0x88,0x11,0xb0,0x99,0x10,0x90,0x88,0x20,0xc0,0x20,0x00,0x89,
  0x0a,0x92,0xa0,0xa0,0x81,0x1c,0xf6,0x97,0x92,0x02,0x86,0x2f,0x00,0x92,0xa0,0xf0,
  0x97,0x92,0x02,0x46,0x32,0x00,0x5c,0x09,0x97,0x12,0x02,0x46,0x34,0x00,0xc0,0x20,
  0x00,0x98,0x08,0x7c,0xca,0xa0,0x99,0x10,0xc0,0x20,0x00,0x99,0x08,0x91,0x0f,0xf6,
  0xa2,0xac,0x00,0xc0,0x20,0x00,0x88,0x09,0xa0,0x88,0x10,0xc0,0x20,0x00,0x89,0x09,
  0xc0,0x20,0x00,0x88,0x09,0x7c,0xfa,0xa2,0xda,0xf4,0xa0,0x88,0x10,0xa2,0xa4,0x00,
  0xa0,0x88,0x20,0xc0,0x20,0x00,0x89,0x09,0x81,0x0d,0xf6,0x91,0x0d,0xf6,0xad,0x02,
  0x92,0x68,0x00,0x81,0x0e,0xf6,0xe0,0x08,0x00,0x67,0xb2,0x5c,0x82,0xa0,0xf0,0x87,
  0x96,0x35,0x81,0x08,0xf6,0x0c,0x0e,0xf2,0x08,0x00,0x0c,0x4d,0x0c,0x4c,0x0c,0x1b,
  0xa2,0xa0,0x6d,0x81,0x52,0xf5,0xe0,0x08,0x00,0x81,0x03,0xf6,0xa2,0xa0,0x6d,0xf2,
  0x08,0x00,0x0c,0x0e,0x0c,0x4d,0x0c,0x6c,0x0c,0x1b,0x81,0x4c,0xf5,0xe0,0x08,0x00,
  0x2c,0x8a,0x81,0x17,0xf5,0xe0,0x08,0x00,0xa1,0xf7,0xf5,0xb1,0xf7,0xf5,0xc0,0x20,
  0x00,0x98,0x0a,0x0c,0x78,0x00,0x07,0x40,0x80,0x80,0xb1,0x30,0x88,0x11,0xb0,0x99,
  0x10,0x90,0x88,0x20,0xc0,0x20,0x00,0x89,0x0a,0x1d,0xf0,0x00,0xc0,0x20,0x00,0x98,
  0x08,0x7c,0xca,0xa0,0x99,0x10,0x0c,0x1a,0xa0,0x99,0x20,0x46,0xd2,0xff,0x00,0x00,
  0xc0,0x20,0x00,0x98,0x08,0x7c,0xca,0xa0,0x99,0x10,0x0c,0x2a,0x06,0xfa,0xff,0x00,
  0xa5,0xcd,0xfe,0x00,0x36,0x61,0x00,0xad,0x01,0x25,0xdd,0xff,0xad,0x02,0x81,0xe7,
  0xf5,0xe0,0x08,0x00,0x81,0xda,0xf5,0xa2,0xac,0x00,0xc0,0x20,0x00,0x98,0x08,0xa0,
  0x99,0x10,0xc0,0x20,0x00,0x99,0x08,0x56,0x23,0x00,0x25,0xcb,0xfe,0xc0,0x20,0x00,
  0x98,0x08,0x0b,0x33,0xa0,0x99,0x10,0x30,0x30,0x94,0x90,0x33,0x20,0xc0,0x20,0x00,
  0x39,0x08,0xc0,0x20,0x00,0x98,0x08,0x7c,0xfa,0xa2,0xda,0xf4,0xa0,0x99,0x10,0xc0,
  0x20,0x00,0x99,0x08,0x82,0xa3,0xe8,0x80,0x88,0x82,0x98,0x31,0x80,0x22,0x82,0x81,
  0xcf,0xf5,0x29,0x08,0x82,0xa0,0xf0,0x87,0x99,0x35,0x81,0xce,0xf5,0x0c,0x0e,0xf2,
  0x08,0x00,0x0c,0x4d,0x0c,0x4c,0x0c,0x1b,0xa2,0xa0,0x6d,0x81,0x18,0xf5,0xe0,0x08,
  0x00,0x81,0xc9,0xf5,0xa2,0xa0,0x6d,0xf2,0x08,0x00,0x0c,0x0e,0x0c,0x4d,0x0c,0x6c,
  0x0c,0x1b,0x81,0x12,0xf5,0xe0,0x08,0x00,0x2c,0x8a,0x81,0xdd,0xf4,0xe0,0x08,0x00,
  0x91,0xbd,0xf5,0xa1,0xbd,0xf5,0xc0,0x20,0x00,0x88,0x09,0xa0,0x88,0x10,0x0c,0x7a,
  0x30,0xaa,0x11,0xa0,0x88,0x20,0xc0,0x20,0x00,0x89,0x09,0x1d,0xf0,0x00,0x00,0x00,
  0x36,0x61,0x00,0x81,0xae,0xf5,0xc0,0x20,0x00,0x78,0x08,0x70,0x7a,0x14,0x26,0x17,
  0x07,0x26,0x27,0x04,0x0c,0x38,0x70,0x78,0x93,0x88,0x02,0xec,0xa8,0xb8,0x22,0xa8,
  0x32,0x25,0xf2,0xff,0x66,0x17,0x1e,0x81,0xb2,0xf5,0x98,0x08,0xdc,0x69,0xa1,0xb1,
  0xf5,0xb2,0xa5,0x40,0xc0,0x20,0x00,0x88,0x0a,0xb0,0x88,0x20,0xc0,0x20,0x00,0x89,
  0x0a,0x81,0xad,0xf5,0x99,0x08,0x1d,0xf0,0x00,0x26,0x18,0x02,0x46,0x61,0x00,0x66,
  0x17,0x02,0x46,0x4d,0x00,0x91,0xa7,0xf5,0xa2,0xaa,0xbf,0xc0,0x20,0x00,0x82,0x29,
  0x00,0xa0,0x88,0x10,0xc0,0x20,0x00,0x82,0x69,0x00,0xe5,0xc1,0xff,0x58,0x12,0x92,
  0xa1,0x40,0x81,0x94,0xf5,0x97,0x15,0x0b,0x92,0xa1,0xe0,0x97,0x95,0x02,0x86,0x44,
  0x00,0xa5,0xb9,0xfe,0xc0,0x20,0x00,0x98,0x08,0x7c,0xbb,0xb0,0x99,0x10,0x71,0x9b,
  0xf5,0xc0,0x20,0x00,0x99,0x08,0xc0,0x20,0x00,0x88,0x07,0x7c,0xb9,0x90,0x88,0x10,
  0xc0,0x20,0x00,0x89,0x07,0xc0,0x20,0x00,0x88,0x07,0x0c,0x89,0x90,0x88,0x20,0xc0,
  0x20,0x00,0x89,0x07,0x82,0xa1,0xe0,0x87,0x15,0x02,0xc6,0x3b,0x00,0x66,0xca,0x02,
  0x46,0x37,0x00,0x0c,0x33,0x0c,0x56,0x0c,0x84,0x0c,0x09,0xd2,0xa0,0x6b,0x0c,0x4c,
  0x0c,0x1b,0xa2,0xa0,0x66,0x99,0x01,0x81,0x8d,0xf5,0xe0,0x08,0x00,0x98,0x01,0xfd,
  0x09,0xc0,0xd6,0x11,0xd0,0xd9,0x20,0x0c,0x2c,0x0c,0x1b,0xa2,0xa0,0x66,0xf9,0x01,
  0x81,0x87,0xf5,0xe0,0x08,0x00,0xdd,0x04,0x0c,0x3c,0xb2,0xa0,0x01,0xa2,0xa0,0x66,
  0x81,0x83,0xf5,0xe0,0x08,0x00,0xf8,0x01,0x0c,0x0e,0x0c,0x2d,0x0c,0x5c,0x0c,0x1b,
  0xa2,0xa0,0x66,0x81,0xc2,0xf4,0xe0,0x08,0x00,0xf8,0x01,0x0c,0x4e,0x0c,0x6d,0x0c,
  0x5c,0xb2,0xa0,0x01,0xa2,0xa0,0x66,0x81,0xbd,0xf4,0xe0,0x08,0x00,0xd2,0xa0,0x70,
  0xd0,0xd3,0x20,0x0c,0x6c,0xb2,0xa0,0x01,0xa2,0xa0,0x66,0x81,0x74,0xf5,0xe0,0x08,
  0x00,0x0c,0x3f,0x0c,0x0e,0x0c,0x1d,0x0c,0x9c,0xb2,0xa0,0x01,0xa2,0xa0,0x66,0x81,
  0xb3,0xf4,0xe0,0x08,0x00,0xc0,0x20,0x00,0x82,0x27,0x00,0x87,0x78,0xf6,0xa2,0xa0,
  0x0a,0x81,0x7b,0xf4,0xe0,0x08,0x00,0xc0,0x20,0x00,0x82,0x27,0x00,0x7c,0x79,0x90,
  0x88,0x10,0xc0,0x20,0x00,0x89,0x07,0xc0,0x20,0x00,0x88,0x07,0x0c,0x49,0x90,0x88,
  0x20,0xc0,0x20,0x00,0x89,0x07,0x81,0x5c,0xf5,0x59,0x08,0xa8,0x32,0x65,0xc4,0xff,
  0x86,0xac,0xff,0x00,0xc0,0x20,0x00,0x98,0x08,0x0c,0x4b,0xb0,0x99,0x20,0x06,0xbb,
  0xff,0x0c,0x03,0x0c,0x46,0x1c,0xa4,0x0c,0x19,0x86,0xc7,0xff,0x00,0x0c,0x64,0x0c,
  0x19,0x26,0xca,0x03,0x0c,0x44,0x0c,0x09,0xd2,0xa0,0x69,0x0c,0x4c,0x0c,0x1b,0xa2,
  0xa0,0x66,0x99,0x01,0x81,0x52,0xf5,0xe0,0x08,0x00,0x98,0x01,0x0c,0x33,0x0c,0x56,
  0x0c,0x0f,0xc6,0xc2,0xff,0x26,0x28,0x02,0x86,0x9a,0xff,0xd1,0x49,0xf5,0xc1,0x49,
  0xf5,0xa1,0x49,0xf5,0xb2,0xa1,0xaa,0xe5,0xa1,0xfe,0x00,0x00,0x36,0x41,0x00,0x91,
  0x30,0xf5,0x81,0x47,0xf5,0xc0,0x20,0x00,0xa2,0x29,0x00,0x87,0xca,0x05,0x82,0xa0,
  0x01,0x80,0x22,0x20,0x20,0x80,0xf4,0x00,0x22,0x11,0x20,0x88,0x20,0xc0,0x20,0x00,
  0x89,0x09,0x1d,0xf0,0x36,0x41,0x00,0x81,0x31,0xf5,0x29,0x08,0x1d,0xf0,0x00,0x00,
  0x36,0x41,0x00,0x81,0x2e,0xf5,0x28,0x08,0x1d,0xf0,0x00,0x00,0x36,0x41,0x00,0x66,
  0x02,0x02,0xa5,0x9e,0xfe,0x91,0x37,0xf5,0xa1,0x38,0xf5,0xc0,0x20,0x00,0x88,0x09,
  0xb1,0x37,0xf5,0xa0,0x88,0x10,0xc0,0x20,0x00,0x89,0x09,0xc0,0x20,0x00,0xa8,0x09,
  0x90,0x22,0x01,0x20,0x87,0x75,0xb0,0xaa,0x10,0x90,0x88,0x01,0xa0,0x88,0x20,0xc0,
  0x20,0x00,0x89,0x09,0xc0,0x20,0x00,0x88,0x09,0x0c,0x1a,0xa0,0xaa,0x01,0xa0,0x88,
  0x20,0xc0,0x20,0x00,0x89,0x09,0x1d,0xf0,0x36,0x41,0x00,0x66,0x02,0x02,0xe5,0x99,
  0xfe,0x91,0x07,0xf5,0x7c,0x7a,0xc0,0x20,0x00,0x88,0x09,0x40,0x22,0x11,0xa0,0x88,
  0x10,0xc0,0x20,0x00,0x89,0x09,0xc0,0x20,0x00,0xa8,0x09,0x7c,0xfb,0x20,0x8c,0x24,
  0xb2,0xdb,0x90,0xb0,0xaa,0x10,0x40,0x88,0x11,0xa0,0x88,0x20,0xc0,0x20,0x00,0x89,
  0x09,0xc0,0x20,0x00,0x88,0x09,0x0c,0x8a,0xa0,0x88,0x20,0xc0,0x20,0x00,0x89,0x09,
  0x1d,0xf0,0x00,0x00,0x36,0x41,0x00,0x81,0x16,0xf5,0x0c,0x1a,0xc0,0x20,0x00,0x98,
  0x68,0x30,0xaa,0x11,0xa0,0x99,0x20,0xc0,0x20,0x00,0x99,0x68,0xc0,0x20,0x00,0x98,
  0x88,0xa0,0x99,0x20,0xc0,0x20,0x00,0x99,0x88,0xc0,0x20,0x00,0x98,0x88,0x7c,0xfa,
  0xa2,0xda,0xe0,0xa0,0x99,0x10,0xc0,0x20,0x00,0x99,0x88,0x91,0x0a,0xf5,0x7c,0xfa,
  0xc0,0x20,0x00,0x82,0x29,0x12,0xa2,0xda,0xc0,0xa0,0x88,0x10,0xc0,0x20,0x00,0x82,
  0x69,0x12,0x1d,0xf0,0x00,0x00,0x00,0x00,0x00,0x00,0x00,0x00,0x00,0x00,0x00,0xfb,
  0xd6,0x01,0x8a,0x52,0x00,0x93,0x47,0xd4,0xac,0x80,0xcd,0xfc,0x43,0x71,0x3a,0x33,
  0x72,0x95,0x0f,0xb7,0x7a,0x18,0xc7,0x53,0x52,0x6c,0x15,0xc4,0x4b,0xe9,0x22,0xa8,
};
static const size_t LAUNCHER_BL_LEN = 21904;
